# Converted from GLB by TACO at 2026-06-18T11:14:25.273Z
# meshes=1 materials=1 textures=3
mtllib model_1781781224363_obj.mtl

o tripo_node_68fa4d52-54ee-46b9-af70-22149dd48be6
usemtl tripo_material_68fa4d52-54ee-46b9-af70-22149dd48be6
v 0.418945 -0.250977 0.016602
v 0.416992 -0.254883 0.00293
v 0.416992 -0.254883 0.00293
v 0.416992 -0.254883 0.00293
v 0.393555 -0.254883 0.02832
v 0.379883 -0.264648 0.016602
v 0.387695 -0.264648 0.00293
v 0.387695 -0.264648 0.00293
v 0.350586 -0.260742 0.02832
v 0.358398 -0.270508 0.00293
v 0.358398 -0.270508 0.00293
v 0.358398 -0.270508 0.00293
v 0.34082 -0.266602 0.016602
v 0.34082 -0.266602 0.016602
v 0.327148 -0.268555 0.00293
v 0.327148 -0.268555 0.00293
v 0.30957 -0.25293 0.030273
v 0.30957 -0.25293 0.030273
v 0.30957 -0.25293 0.030273
v 0.30957 -0.25293 0.030273
v 0.30957 -0.25293 0.030273
v 0.301758 -0.258789 0.016602
v 0.301758 -0.258789 0.016602
v 0.290039 -0.256836 0.00293
v 0.461914 -0.19043 0.036133
v 0.461914 -0.19043 0.036133
v 0.461914 -0.19043 0.036133
v 0.469727 -0.194336 0.02832
v 0.469727 -0.194336 0.02832
v 0.469727 -0.194336 0.02832
v 0.450195 -0.225586 0.024414
v 0.450195 -0.225586 0.024414
v 0.444336 -0.237305 0.004883
v 0.444336 -0.237305 0.004883
v 0.46582 -0.211914 0.012695
v 0.477539 -0.149414 0.036133
v 0.477539 -0.149414 0.036133
v 0.461914 -0.15918 0.036133
v 0.461914 -0.15918 0.036133
v 0.461914 -0.15918 0.036133
v 0.485352 -0.172852 0.024414
v 0.485352 -0.172852 0.024414
v 0.483398 -0.186523 0.010742
v 0.493164 -0.133789 0.02832
v 0.493164 -0.133789 0.02832
v 0.495117 -0.155273 0.012695
v 0.495117 -0.155273 0.012695
v 0.44043 -0.149414 0.024414
v 0.44043 -0.149414 0.024414
v 0.44043 -0.149414 0.024414
v 0.446289 -0.151367 0.022461
v 0.446289 -0.151367 0.022461
v 0.446289 -0.151367 0.022461
v 0.446289 -0.151367 0.022461
v 0.446289 -0.135742 0.024414
v 0.446289 -0.135742 0.024414
v 0.446289 -0.135742 0.024414
v 0.428711 -0.227539 0.036133
v 0.428711 -0.227539 0.036133
v 0.428711 -0.206055 0.036133
v 0.428711 -0.206055 0.036133
v 0.375977 -0.249023 0.036133
v 0.375977 -0.249023 0.036133
v 0.379883 -0.233398 0.036133
v 0.379883 -0.233398 0.036133
v 0.422852 -0.241211 0.02832
v 0.395508 -0.206055 0.022461
v 0.395508 -0.206055 0.022461
v 0.395508 -0.206055 0.022461
v 0.395508 -0.206055 0.022461
v 0.37793 -0.213867 0.024414
v 0.37793 -0.213867 0.024414
v 0.37793 -0.213867 0.024414
v 0.37793 -0.213867 0.024414
v 0.379883 -0.208008 0.024414
v 0.375977 -0.12793 0.045898
v 0.375977 -0.12793 0.045898
v 0.418945 -0.186523 0.024414
v 0.418945 -0.186523 0.024414
v 0.418945 -0.186523 0.024414
v 0.418945 -0.186523 0.024414
v 0.418945 -0.186523 0.024414
v 0.481445 -0.104492 0.036133
v 0.481445 -0.104492 0.036133
v 0.467773 -0.102539 0.036133
v 0.467773 -0.102539 0.036133
v 0.499023 -0.120117 0.010742
v 0.499023 -0.120117 0.010742
v 0.499023 -0.120117 0.010742
v 0.499023 -0.120117 0.010742
v 0.491211 -0.09082 0.02832
v 0.49707 -0.088867 0.016602
v 0.49707 -0.088867 0.016602
v 0.495117 -0.071289 0.000977
v 0.495117 -0.071289 0.000977
v 0.495117 -0.071289 0.000977
v 0.495117 -0.071289 0.000977
v 0.448242 -0.100586 0.024414
v 0.448242 -0.100586 0.024414
v 0.448242 -0.100586 0.024414
v 0.47168 -0.05957 0.036133
v 0.47168 -0.05957 0.036133
v 0.448242 -0.045898 0.036133
v 0.448242 -0.045898 0.036133
v 0.446289 -0.020508 0.036133
v 0.446289 -0.020508 0.036133
v 0.485352 -0.055664 0.024414
v 0.481445 -0.036133 0.006836
v 0.481445 -0.036133 0.006836
v 0.481445 -0.036133 0.006836
v 0.469727 -0.024414 0.018555
v 0.469727 -0.024414 0.018555
v 0.463867 -0.026367 0.030273
v 0.463867 -0.026367 0.030273
v 0.442383 -0.000977 0.02832
v 0.442383 -0.000977 0.02832
v 0.442383 -0.000977 0.02832
v 0.461914 -0.010742 0.010742
v 0.461914 -0.010742 0.010742
v 0.411133 -0.008789 0.036133
v 0.411133 -0.008789 0.036133
v 0.411133 -0.008789 0.036133
v 0.411133 -0.008789 0.036133
v 0.426758 -0.051758 0.026367
v 0.426758 -0.051758 0.026367
v 0.426758 -0.051758 0.026367
v 0.426758 -0.051758 0.026367
v 0.432617 -0.049805 0.022461
v 0.432617 -0.049805 0.022461
v 0.432617 -0.049805 0.022461
v 0.432617 -0.049805 0.022461
v 0.432617 -0.049805 0.022461
v 0.432617 -0.049805 0.022461
v 0.424805 -0.040039 0.022461
v 0.424805 -0.040039 0.022461
v 0.424805 -0.040039 0.022461
v 0.424805 -0.040039 0.022461
v 0.424805 -0.040039 0.022461
v 0.424805 -0.040039 0.022461
v 0.418945 -0.045898 0.024414
v 0.418945 -0.045898 0.024414
v 0.418945 -0.045898 0.024414
v 0.418945 -0.045898 0.024414
v 0.389648 -0.018555 0.024414
v 0.389648 -0.018555 0.024414
v 0.389648 -0.018555 0.024414
v 0.358398 -0.129883 0.073242
v 0.358398 -0.129883 0.073242
v 0.358398 -0.129883 0.073242
v 0.344727 -0.12793 0.073242
v 0.344727 -0.12793 0.073242
v 0.344727 -0.12793 0.073242
v 0.344727 -0.12793 0.073242
v 0.313477 -0.12793 0.071289
v 0.313477 -0.12793 0.071289
v 0.313477 -0.12793 0.071289
v 0.331055 -0.249023 0.036133
v 0.331055 -0.249023 0.036133
v 0.321289 -0.231445 0.036133
v 0.321289 -0.231445 0.036133
v 0.321289 -0.231445 0.036133
v 0.336914 -0.209961 0.024414
v 0.336914 -0.209961 0.024414
v 0.336914 -0.209961 0.024414
v 0.336914 -0.209961 0.024414
v 0.329102 -0.211914 0.026367
v 0.329102 -0.211914 0.026367
v 0.329102 -0.211914 0.026367
v 0.329102 -0.211914 0.026367
v 0.334961 -0.217773 0.022461
v 0.334961 -0.217773 0.022461
v 0.334961 -0.217773 0.022461
v 0.334961 -0.217773 0.022461
v 0.334961 -0.217773 0.022461
v 0.319336 -0.213867 0.022461
v 0.319336 -0.213867 0.022461
v 0.319336 -0.213867 0.022461
v 0.319336 -0.213867 0.022461
v 0.319336 -0.213867 0.022461
v 0.319336 -0.213867 0.022461
v 0.356445 -0.133789 0.047852
v 0.356445 -0.133789 0.047852
v 0.356445 -0.131836 0.051758
v 0.356445 -0.131836 0.051758
v 0.356445 -0.131836 0.051758
v 0.344727 -0.12793 0.051758
v 0.344727 -0.12793 0.051758
v 0.344727 -0.12793 0.051758
v 0.368164 -0.12793 0.040039
v 0.368164 -0.12793 0.040039
v 0.368164 -0.12793 0.040039
v 0.358398 -0.149414 0.041992
v 0.358398 -0.149414 0.041992
v 0.358398 -0.137695 0.040039
v 0.358398 -0.137695 0.040039
v 0.358398 -0.137695 0.040039
v 0.358398 -0.137695 0.040039
v 0.331055 -0.165039 0.038086
v 0.331055 -0.165039 0.038086
v 0.338867 -0.12793 0.047852
v 0.338867 -0.12793 0.047852
v 0.338867 -0.12793 0.047852
v 0.338867 -0.12793 0.047852
v 0.313477 -0.12793 0.055664
v 0.313477 -0.12793 0.055664
v 0.313477 -0.12793 0.055664
v 0.342773 -0.135742 0.040039
v 0.342773 -0.135742 0.040039
v 0.282227 -0.231445 0.036133
v 0.282227 -0.231445 0.036133
v 0.282227 -0.231445 0.036133
v 0.270508 -0.204102 0.036133
v 0.270508 -0.204102 0.036133
v 0.288086 -0.19043 0.024414
v 0.288086 -0.19043 0.024414
v 0.288086 -0.19043 0.024414
v 0.270508 -0.239258 0.022461
v 0.270508 -0.239258 0.022461
v 0.258789 -0.223633 0.030273
v 0.258789 -0.223633 0.030273
v 0.258789 -0.223633 0.030273
v 0.258789 -0.223633 0.030273
v 0.264648 -0.239258 0.010742
v 0.303711 -0.170898 0.03418
v 0.303711 -0.170898 0.03418
v 0.280273 -0.163086 0.032227
v 0.280273 -0.163086 0.032227
v 0.264648 -0.165039 0.022461
v 0.264648 -0.165039 0.022461
v 0.264648 -0.165039 0.022461
v 0.264648 -0.165039 0.022461
v 0.262695 -0.151367 0.024414
v 0.262695 -0.151367 0.024414
v 0.256836 -0.147461 0.030273
v 0.256836 -0.147461 0.030273
v 0.254883 -0.15332 0.022461
v 0.254883 -0.15332 0.022461
v 0.254883 -0.15332 0.022461
v 0.254883 -0.15332 0.022461
v 0.254883 -0.15332 0.022461
v 0.364258 -0.120117 0.073242
v 0.364258 -0.120117 0.073242
v 0.364258 -0.120117 0.073242
v 0.358398 -0.110352 0.073242
v 0.358398 -0.110352 0.073242
v 0.344727 -0.110352 0.073242
v 0.344727 -0.110352 0.073242
v 0.344727 -0.110352 0.073242
v 0.344727 -0.110352 0.073242
v 0.352539 -0.083008 0.073242
v 0.352539 -0.083008 0.073242
v 0.352539 -0.083008 0.073242
v 0.329102 -0.09668 0.071289
v 0.329102 -0.09668 0.071289
v 0.329102 -0.09668 0.071289
v 0.317383 -0.094727 0.071289
v 0.317383 -0.094727 0.071289
v 0.317383 -0.094727 0.071289
v 0.317383 -0.094727 0.071289
v 0.336914 -0.083008 0.079102
v 0.336914 -0.083008 0.079102
v 0.336914 -0.083008 0.079102
v 0.319336 -0.010742 0.075195
v 0.319336 -0.010742 0.075195
v 0.319336 -0.010742 0.075195
v 0.319336 -0.014648 0.071289
v 0.319336 -0.014648 0.071289
v 0.319336 -0.014648 0.071289
v 0.291992 -0.083008 0.081055
v 0.291992 -0.083008 0.081055
v 0.291992 -0.083008 0.081055
v 0.291992 -0.083008 0.081055
v 0.286133 -0.086914 0.081055
v 0.286133 -0.086914 0.081055
v 0.286133 -0.086914 0.081055
v 0.286133 -0.075195 0.081055
v 0.286133 -0.075195 0.081055
v 0.286133 -0.075195 0.081055
v 0.288086 -0.086914 0.071289
v 0.288086 -0.086914 0.071289
v 0.288086 -0.086914 0.071289
v 0.288086 -0.086914 0.071289
v 0.288086 -0.086914 0.071289
v 0.290039 -0.077148 0.071289
v 0.290039 -0.077148 0.071289
v 0.290039 -0.077148 0.071289
v 0.290039 -0.077148 0.071289
v 0.290039 -0.077148 0.071289
v 0.280273 -0.081055 0.081055
v 0.280273 -0.081055 0.081055
v 0.280273 -0.081055 0.081055
v 0.27832 -0.083008 0.071289
v 0.27832 -0.083008 0.071289
v 0.27832 -0.083008 0.071289
v 0.276367 -0.075195 0.075195
v 0.276367 -0.075195 0.075195
v 0.270508 -0.077148 0.071289
v 0.270508 -0.077148 0.071289
v 0.272461 -0.067383 0.071289
v 0.272461 -0.067383 0.071289
v 0.272461 -0.067383 0.071289
v 0.264648 -0.079102 0.071289
v 0.264648 -0.079102 0.071289
v 0.264648 -0.079102 0.071289
v 0.260742 -0.067383 0.077148
v 0.260742 -0.067383 0.077148
v 0.260742 -0.067383 0.077148
v 0.260742 -0.067383 0.077148
v 0.305664 -0.016602 0.081055
v 0.305664 -0.016602 0.081055
v 0.305664 -0.016602 0.081055
v 0.307617 -0.018555 0.077148
v 0.307617 -0.018555 0.077148
v 0.307617 -0.018555 0.077148
v 0.297852 -0.022461 0.071289
v 0.297852 -0.022461 0.071289
v 0.291992 -0.024414 0.071289
v 0.291992 -0.024414 0.071289
v 0.286133 -0.000977 0.071289
v 0.286133 -0.000977 0.071289
v 0.28418 -0.004883 0.071289
v 0.28418 -0.004883 0.071289
v 0.28418 -0.004883 0.071289
v 0.28418 -0.004883 0.071289
v 0.28418 -0.004883 0.071289
v 0.250977 -0.051758 0.075195
v 0.250977 -0.051758 0.075195
v 0.250977 -0.051758 0.075195
v 0.250977 -0.051758 0.075195
v 0.250977 -0.051758 0.075195
v 0.250977 -0.051758 0.075195
v 0.364258 -0.120117 0.051758
v 0.364258 -0.120117 0.051758
v 0.364258 -0.120117 0.051758
v 0.364258 -0.120117 0.051758
v 0.366211 -0.124023 0.047852
v 0.366211 -0.124023 0.047852
v 0.360352 -0.094727 0.05957
v 0.360352 -0.094727 0.05957
v 0.360352 -0.106445 0.047852
v 0.360352 -0.106445 0.047852
v 0.360352 -0.106445 0.047852
v 0.356445 -0.108398 0.051758
v 0.356445 -0.108398 0.051758
v 0.356445 -0.108398 0.051758
v 0.356445 -0.108398 0.051758
v 0.34668 -0.106445 0.047852
v 0.34668 -0.106445 0.047852
v 0.34668 -0.106445 0.047852
v 0.34668 -0.106445 0.047852
v 0.370117 -0.114258 0.040039
v 0.370117 -0.114258 0.040039
v 0.370117 -0.114258 0.040039
v 0.374023 -0.104492 0.045898
v 0.374023 -0.104492 0.045898
v 0.366211 -0.09082 0.057617
v 0.366211 -0.09082 0.057617
v 0.366211 -0.09082 0.057617
v 0.366211 -0.09082 0.057617
v 0.362305 -0.083008 0.045898
v 0.362305 -0.083008 0.045898
v 0.342773 -0.114258 0.051758
v 0.342773 -0.114258 0.051758
v 0.342773 -0.114258 0.051758
v 0.342773 -0.114258 0.051758
v 0.342773 -0.114258 0.051758
v 0.338867 -0.112305 0.047852
v 0.338867 -0.112305 0.047852
v 0.338867 -0.112305 0.047852
v 0.336914 -0.106445 0.055664
v 0.336914 -0.106445 0.055664
v 0.336914 -0.106445 0.055664
v 0.336914 -0.106445 0.055664
v 0.333008 -0.108398 0.061523
v 0.333008 -0.108398 0.061523
v 0.333008 -0.108398 0.061523
v 0.333008 -0.124023 0.041992
v 0.333008 -0.124023 0.041992
v 0.333008 -0.124023 0.041992
v 0.333008 -0.124023 0.041992
v 0.313477 -0.079102 0.055664
v 0.313477 -0.079102 0.055664
v 0.313477 -0.079102 0.055664
v 0.313477 -0.079102 0.055664
v 0.313477 -0.079102 0.055664
v 0.344727 -0.061523 0.043945
v 0.344727 -0.061523 0.043945
v 0.321289 -0.045898 0.041992
v 0.321289 -0.045898 0.041992
v 0.329102 -0.016602 0.057617
v 0.329102 -0.016602 0.057617
v 0.329102 -0.016602 0.057617
v 0.329102 -0.016602 0.057617
v 0.34082 -0.010742 0.053711
v 0.34082 -0.010742 0.053711
v 0.34082 -0.010742 0.053711
v 0.34082 -0.010742 0.053711
v 0.34082 -0.010742 0.053711
v 0.348633 -0.012695 0.024414
v 0.348633 -0.012695 0.024414
v 0.348633 -0.006836 0.024414
v 0.348633 -0.006836 0.024414
v 0.348633 -0.006836 0.024414
v 0.348633 -0.006836 0.024414
v 0.334961 -0.008789 0.024414
v 0.334961 -0.008789 0.024414
v 0.334961 -0.008789 0.024414
v 0.334961 -0.008789 0.024414
v 0.336914 -0.014648 0.022461
v 0.336914 -0.014648 0.022461
v 0.290039 -0.079102 0.051758
v 0.290039 -0.079102 0.051758
v 0.288086 -0.088867 0.051758
v 0.288086 -0.088867 0.051758
v 0.288086 -0.088867 0.051758
v 0.288086 -0.088867 0.051758
v 0.288086 -0.088867 0.051758
v 0.288086 -0.088867 0.051758
v 0.28418 -0.075195 0.051758
v 0.28418 -0.075195 0.051758
v 0.28418 -0.075195 0.051758
v 0.28418 -0.075195 0.051758
v 0.28418 -0.075195 0.051758
v 0.280273 -0.081055 0.051758
v 0.280273 -0.081055 0.051758
v 0.280273 -0.081055 0.051758
v 0.272461 -0.067383 0.055664
v 0.272461 -0.067383 0.055664
v 0.272461 -0.067383 0.055664
v 0.264648 -0.079102 0.055664
v 0.264648 -0.079102 0.055664
v 0.264648 -0.079102 0.055664
v 0.254883 -0.092773 0.032227
v 0.254883 -0.092773 0.032227
v 0.250977 -0.124023 0.030273
v 0.250977 -0.124023 0.030273
v 0.250977 -0.100586 0.024414
v 0.250977 -0.100586 0.024414
v 0.293945 -0.041992 0.040039
v 0.293945 -0.041992 0.040039
v 0.293945 -0.02832 0.055664
v 0.293945 -0.02832 0.055664
v 0.293945 -0.02832 0.055664
v 0.293945 -0.02832 0.055664
v 0.286133 -0.030273 0.051758
v 0.286133 -0.030273 0.051758
v 0.286133 -0.030273 0.051758
v 0.286133 -0.030273 0.051758
v 0.286133 -0.030273 0.051758
v 0.282227 -0.000977 0.057617
v 0.282227 -0.000977 0.057617
v 0.282227 -0.000977 0.057617
v 0.282227 -0.000977 0.057617
v 0.282227 -0.000977 0.057617
v 0.282227 -0.000977 0.057617
v 0.268555 -0.061523 0.036133
v 0.268555 -0.061523 0.036133
v 0.270508 -0.018555 0.047852
v 0.270508 -0.018555 0.047852
v 0.270508 -0.018555 0.047852
v 0.270508 -0.018555 0.047852
v 0.270508 -0.018555 0.047852
v 0.270508 -0.018555 0.047852
v 0.27832 -0.000977 0.053711
v 0.27832 -0.000977 0.053711
v 0.27832 -0.000977 0.053711
v 0.27832 -0.000977 0.053711
v 0.27832 -0.000977 0.053711
v 0.264648 -0.030273 0.036133
v 0.264648 -0.030273 0.036133
v 0.256836 -0.016602 0.036133
v 0.256836 -0.016602 0.036133
v 0.301758 -0.024414 0.024414
v 0.301758 -0.024414 0.024414
v 0.301758 -0.024414 0.024414
v 0.301758 -0.024414 0.024414
v 0.270508 -0.05957 0.024414
v 0.270508 -0.05957 0.024414
v 0.274414 -0.043945 0.024414
v 0.274414 -0.043945 0.024414
v 0.274414 -0.043945 0.024414
v 0.264648 -0.055664 0.022461
v 0.264648 -0.055664 0.022461
v 0.264648 -0.055664 0.022461
v 0.264648 -0.055664 0.022461
v 0.120117 -0.014648 0.131836
v 0.120117 -0.014648 0.131836
v 0.120117 -0.014648 0.131836
v 0.071289 -0.008789 0.133789
v 0.071289 -0.008789 0.133789
v 0.172852 -0.166992 0.071289
v 0.172852 -0.166992 0.071289
v 0.172852 -0.166992 0.071289
v 0.172852 -0.166992 0.071289
v 0.141602 -0.180664 0.071289
v 0.141602 -0.180664 0.071289
v 0.155273 -0.168945 0.077148
v 0.155273 -0.168945 0.077148
v 0.155273 -0.168945 0.077148
v 0.155273 -0.168945 0.077148
v 0.145508 -0.161133 0.071289
v 0.145508 -0.161133 0.071289
v 0.133789 -0.168945 0.069336
v 0.133789 -0.125977 0.088867
v 0.133789 -0.125977 0.088867
v 0.133789 -0.125977 0.088867
v 0.133789 -0.125977 0.088867
v 0.24707 -0.198242 0.036133
v 0.24707 -0.198242 0.036133
v 0.245117 -0.223633 0.00293
v 0.237305 -0.209961 0.016602
v 0.237305 -0.209961 0.016602
v 0.231445 -0.19043 0.02832
v 0.219727 -0.19043 0.00293
v 0.219727 -0.19043 0.00293
v 0.219727 -0.19043 0.00293
v 0.241211 -0.157227 0.036133
v 0.241211 -0.157227 0.036133
v 0.225586 -0.155273 0.036133
v 0.225586 -0.155273 0.036133
v 0.21582 -0.172852 0.016602
v 0.211914 -0.147461 0.026367
v 0.204102 -0.147461 0.000977
v 0.204102 -0.147461 0.000977
v 0.204102 -0.147461 0.000977
v 0.174805 -0.194336 0.041992
v 0.174805 -0.194336 0.041992
v 0.174805 -0.194336 0.041992
v 0.174805 -0.194336 0.041992
v 0.174805 -0.194336 0.041992
v 0.166992 -0.204102 0.03418
v 0.166992 -0.204102 0.03418
v 0.166992 -0.204102 0.03418
v 0.139648 -0.204102 0.041992
v 0.139648 -0.204102 0.041992
v 0.176758 -0.163086 0.05957
v 0.176758 -0.163086 0.05957
v 0.176758 -0.163086 0.05957
v 0.170898 -0.161133 0.02832
v 0.170898 -0.161133 0.02832
v 0.249023 -0.053711 0.073242
v 0.249023 -0.053711 0.073242
v 0.249023 -0.053711 0.073242
v 0.249023 -0.053711 0.073242
v 0.241211 -0.038086 0.077148
v 0.241211 -0.038086 0.077148
v 0.241211 -0.038086 0.077148
v 0.241211 -0.038086 0.077148
v 0.241211 -0.038086 0.077148
v 0.235352 -0.024414 0.071289
v 0.235352 -0.024414 0.071289
v 0.235352 -0.024414 0.071289
v 0.235352 -0.024414 0.071289
v 0.235352 -0.024414 0.071289
v 0.235352 -0.024414 0.071289
v 0.235352 -0.024414 0.071289
v 0.229492 -0.00293 0.075195
v 0.229492 -0.00293 0.075195
v 0.229492 -0.00293 0.075195
v 0.229492 -0.00293 0.075195
v 0.15918 -0.108398 0.098633
v 0.15918 -0.108398 0.098633
v 0.15918 -0.108398 0.098633
v 0.182617 -0.063477 0.094727
v 0.182617 -0.063477 0.094727
v 0.182617 -0.063477 0.094727
v 0.139648 -0.12207 0.100586
v 0.139648 -0.12207 0.100586
v 0.139648 -0.12207 0.100586
v 0.15332 -0.063477 0.102539
v 0.15332 -0.063477 0.102539
v 0.15332 -0.063477 0.102539
v 0.157227 -0.100586 0.09082
v 0.157227 -0.100586 0.09082
v 0.157227 -0.100586 0.09082
v 0.161133 -0.098633 0.081055
v 0.161133 -0.098633 0.081055
v 0.161133 -0.098633 0.081055
v 0.166992 -0.06543 0.092773
v 0.166992 -0.06543 0.092773
v 0.166992 -0.06543 0.092773
v 0.166992 -0.06543 0.092773
v 0.176758 -0.053711 0.116211
v 0.176758 -0.053711 0.116211
v 0.176758 -0.053711 0.116211
v 0.133789 -0.040039 0.124023
v 0.133789 -0.040039 0.124023
v 0.133789 -0.040039 0.124023
v 0.139648 -0.036133 0.112305
v 0.139648 -0.036133 0.112305
v 0.125977 -0.026367 0.108398
v 0.125977 -0.026367 0.108398
v 0.125977 -0.026367 0.108398
v 0.233398 -0.104492 0.036133
v 0.233398 -0.104492 0.036133
v 0.219727 -0.104492 0.036133
v 0.219727 -0.104492 0.036133
v 0.243164 -0.06543 0.036133
v 0.243164 -0.06543 0.036133
v 0.243164 -0.06543 0.036133
v 0.209961 -0.108398 0.02832
v 0.204102 -0.12207 0.014648
v 0.204102 -0.12207 0.014648
v 0.202148 -0.102539 0.004883
v 0.202148 -0.102539 0.004883
v 0.202148 -0.102539 0.004883
v 0.202148 -0.102539 0.004883
v 0.211914 -0.069336 0.020508
v 0.211914 -0.069336 0.020508
v 0.208008 -0.073242 0.000977
v 0.227539 -0.055664 0.03418
v 0.227539 -0.055664 0.03418
v 0.227539 -0.055664 0.03418
v 0.227539 -0.055664 0.03418
v 0.249023 -0.016602 0.041992
v 0.249023 -0.016602 0.041992
v 0.249023 -0.016602 0.041992
v 0.249023 -0.016602 0.041992
v 0.219727 -0.040039 0.008789
v 0.239258 -0.020508 0.026367
v 0.239258 -0.020508 0.026367
v 0.229492 -0.020508 0.030273
v 0.229492 -0.020508 0.030273
v 0.229492 -0.020508 0.030273
v 0.239258 -0.010742 0.010742
v 0.219727 -0.022461 0.014648
v 0.219727 -0.022461 0.014648
v 0.151367 -0.094727 0.053711
v 0.151367 -0.094727 0.053711
v 0.15918 -0.061523 0.061523
v 0.15918 -0.061523 0.061523
v 0.081055 -0.145508 0.09668
v 0.081055 -0.145508 0.09668
v 0.081055 -0.145508 0.09668
v 0.081055 -0.145508 0.09668
v 0.081055 -0.145508 0.09668
v 0.098633 -0.161133 0.077148
v 0.098633 -0.161133 0.077148
v 0.092773 -0.166992 0.083008
v 0.092773 -0.166992 0.083008
v 0.092773 -0.166992 0.083008
v 0.086914 -0.145508 0.084961
v 0.086914 -0.145508 0.084961
v 0.086914 -0.145508 0.084961
v 0.086914 -0.145508 0.084961
v 0.057617 -0.135742 0.104492
v 0.057617 -0.135742 0.104492
v 0.057617 -0.135742 0.104492
v 0.057617 -0.135742 0.104492
v 0.043945 -0.129883 0.094727
v 0.043945 -0.129883 0.094727
v 0.094727 -0.196289 0.055664
v 0.094727 -0.196289 0.055664
v 0.094727 -0.196289 0.055664
v 0.104492 -0.108398 0.110352
v 0.104492 -0.108398 0.110352
v 0.104492 -0.108398 0.110352
v 0.106445 -0.116211 0.098633
v 0.106445 -0.116211 0.098633
v 0.094727 -0.09082 0.118164
v 0.094727 -0.09082 0.118164
v 0.094727 -0.09082 0.118164
v 0.094727 -0.09082 0.118164
v 0.073242 -0.083008 0.120117
v 0.073242 -0.083008 0.120117
v 0.073242 -0.083008 0.120117
v 0.071289 -0.06543 0.12207
v 0.071289 -0.06543 0.12207
v 0.09082 -0.081055 0.108398
v 0.09082 -0.081055 0.108398
v 0.09082 -0.081055 0.108398
v 0.09082 -0.081055 0.108398
v 0.09082 -0.081055 0.108398
v 0.088867 -0.071289 0.108398
v 0.088867 -0.071289 0.108398
v 0.112305 -0.057617 0.108398
v 0.112305 -0.057617 0.108398
v 0.112305 -0.057617 0.108398
v 0.063477 -0.030273 0.108398
v 0.063477 -0.030273 0.108398
v 0.063477 -0.030273 0.108398
v 0.053711 -0.114258 0.116211
v 0.053711 -0.114258 0.116211
v 0.05957 -0.124023 0.09668
v 0.05957 -0.124023 0.09668
v 0.05957 -0.124023 0.09668
v 0.05957 -0.124023 0.09668
v 0.004883 -0.110352 0.120117
v 0.004883 -0.110352 0.120117
v 0.004883 -0.110352 0.120117
v 0.016602 -0.000977 0.12207
v 0.016602 -0.000977 0.12207
v 0.016602 -0.000977 0.12207
v 0.016602 -0.000977 0.12207
v 0.016602 -0.000977 0.12207
v 0.016602 -0.000977 0.12207
v 0.450195 0.00293 0.000977
v 0.407227 0.008789 0.036133
v 0.399414 0.020508 0.045898
v 0.399414 0.020508 0.045898
v 0.399414 0.020508 0.045898
v 0.381836 0.030273 0.043945
v 0.415039 0.018555 0.02832
v 0.415039 0.018555 0.02832
v 0.415039 0.018555 0.02832
v 0.418945 0.030273 0.024414
v 0.418945 0.030273 0.024414
v 0.418945 0.030273 0.024414
v 0.418945 0.030273 0.024414
v 0.43457 0.014648 0.012695
v 0.407227 0.030273 0.014648
v 0.407227 0.030273 0.014648
v 0.379883 0.030273 0.030273
v 0.379883 0.030273 0.030273
v 0.399414 0.040039 0.016602
v 0.399414 0.040039 0.016602
v 0.387695 0.040039 0.000977
v 0.297852 0.000977 0.081055
v 0.297852 0.000977 0.081055
v 0.297852 0.000977 0.081055
v 0.311523 0.006836 0.075195
v 0.311523 0.006836 0.075195
v 0.311523 0.006836 0.075195
v 0.311523 0.006836 0.075195
v 0.311523 0.006836 0.075195
v 0.307617 0.008789 0.071289
v 0.307617 0.008789 0.071289
v 0.307617 0.008789 0.071289
v 0.307617 0.008789 0.071289
v 0.297852 0.00293 0.077148
v 0.297852 0.00293 0.077148
v 0.297852 0.00293 0.077148
v 0.297852 0.00293 0.077148
v 0.297852 0.00293 0.077148
v 0.262695 0.069336 0.079102
v 0.262695 0.069336 0.079102
v 0.262695 0.069336 0.079102
v 0.25293 0.09082 0.079102
v 0.25293 0.09082 0.079102
v 0.25293 0.09082 0.079102
v 0.25293 0.09082 0.079102
v 0.274414 0.077148 0.077148
v 0.274414 0.077148 0.077148
v 0.274414 0.077148 0.077148
v 0.274414 0.077148 0.077148
v 0.274414 0.071289 0.073242
v 0.274414 0.071289 0.073242
v 0.274414 0.071289 0.073242
v 0.274414 0.071289 0.073242
v 0.280273 0.075195 0.063477
v 0.280273 0.075195 0.063477
v 0.280273 0.075195 0.063477
v 0.280273 0.075195 0.063477
v 0.280273 0.075195 0.063477
v 0.260742 0.06543 0.073242
v 0.260742 0.06543 0.073242
v 0.260742 0.06543 0.073242
v 0.250977 0.06543 0.071289
v 0.250977 0.06543 0.071289
v 0.250977 0.06543 0.071289
v 0.268555 0.098633 0.073242
v 0.268555 0.098633 0.073242
v 0.268555 0.098633 0.073242
v 0.268555 0.098633 0.073242
v 0.266602 0.100586 0.06543
v 0.266602 0.100586 0.06543
v 0.266602 0.100586 0.06543
v 0.280273 0.110352 0.063477
v 0.280273 0.110352 0.063477
v 0.280273 0.110352 0.063477
v 0.256836 0.09668 0.075195
v 0.256836 0.09668 0.075195
v 0.256836 0.09668 0.075195
v 0.256836 0.09668 0.075195
v 0.256836 0.09668 0.075195
v 0.364258 0.02832 0.051758
v 0.364258 0.02832 0.051758
v 0.348633 0.000977 0.051758
v 0.348633 0.000977 0.051758
v 0.348633 0.000977 0.051758
v 0.366211 0.006836 0.036133
v 0.366211 0.006836 0.036133
v 0.354492 0.02832 0.045898
v 0.354492 0.02832 0.045898
v 0.358398 0.022461 0.036133
v 0.358398 0.022461 0.036133
v 0.317383 0.012695 0.05957
v 0.317383 0.012695 0.05957
v 0.317383 0.012695 0.05957
v 0.317383 0.012695 0.05957
v 0.317383 0.012695 0.05957
v 0.313477 0.010742 0.055664
v 0.313477 0.010742 0.055664
v 0.313477 0.010742 0.055664
v 0.313477 0.010742 0.055664
v 0.313477 0.010742 0.055664
v 0.313477 0.010742 0.055664
v 0.313477 0.018555 0.036133
v 0.313477 0.018555 0.036133
v 0.34082 0.036133 0.040039
v 0.34082 0.036133 0.040039
v 0.34082 0.036133 0.040039
v 0.362305 0.045898 0.026367
v 0.362305 0.045898 0.026367
v 0.34668 0.040039 0.022461
v 0.34668 0.040039 0.022461
v 0.374023 0.040039 0.014648
v 0.374023 0.040039 0.014648
v 0.327148 0.032227 0.030273
v 0.327148 0.032227 0.030273
v 0.317383 0.045898 0.016602
v 0.317383 0.045898 0.016602
v 0.317383 0.045898 0.016602
v 0.342773 0.043945 0.006836
v 0.342773 0.043945 0.006836
v 0.342773 0.043945 0.006836
v 0.31543 0.040039 0.006836
v 0.31543 0.040039 0.006836
v 0.321289 0.102539 0.043945
v 0.321289 0.102539 0.043945
v 0.321289 0.102539 0.043945
v 0.329102 0.098633 0.026367
v 0.329102 0.098633 0.026367
v 0.329102 0.098633 0.026367
v 0.329102 0.098633 0.026367
v 0.329102 0.098633 0.026367
v 0.334961 0.120117 0.014648
v 0.334961 0.120117 0.014648
v 0.334961 0.120117 0.014648
v 0.334961 0.118164 0.010742
v 0.334961 0.118164 0.010742
v 0.30957 0.016602 0.055664
v 0.30957 0.016602 0.055664
v 0.30957 0.00293 0.036133
v 0.30957 0.00293 0.036133
v 0.30957 0.00293 0.036133
v 0.30957 0.00293 0.036133
v 0.301758 0.016602 0.045898
v 0.301758 0.016602 0.045898
v 0.301758 0.016602 0.045898
v 0.301758 0.016602 0.045898
v 0.288086 0.010742 0.045898
v 0.288086 0.010742 0.045898
v 0.288086 0.010742 0.045898
v 0.288086 0.010742 0.045898
v 0.290039 0.020508 0.045898
v 0.290039 0.020508 0.045898
v 0.293945 0.018555 0.040039
v 0.293945 0.018555 0.040039
v 0.290039 0.02832 0.032227
v 0.290039 0.02832 0.032227
v 0.280273 0.008789 0.049805
v 0.280273 0.008789 0.049805
v 0.280273 0.008789 0.049805
v 0.280273 0.008789 0.049805
v 0.280273 0.008789 0.049805
v 0.280273 0.008789 0.049805
v 0.280273 0.008789 0.049805
v 0.262695 0.010742 0.03418
v 0.25293 0.061523 0.05957
v 0.25293 0.061523 0.05957
v 0.25293 0.061523 0.05957
v 0.25293 0.061523 0.05957
v 0.25293 0.061523 0.05957
v 0.299805 0.024414 0.02832
v 0.28418 0.026367 0.014648
v 0.28418 0.026367 0.014648
v 0.311523 0.036133 0.018555
v 0.286133 0.03418 0.016602
v 0.286133 0.03418 0.016602
v 0.286133 0.03418 0.016602
v 0.272461 0.008789 0.030273
v 0.272461 0.008789 0.030273
v 0.260742 0.010742 0.012695
v 0.260742 0.010742 0.012695
v 0.264648 0.022461 0.014648
v 0.264648 0.022461 0.014648
v 0.28418 0.081055 0.061523
v 0.28418 0.081055 0.061523
v 0.28418 0.081055 0.061523
v 0.301758 0.100586 0.049805
v 0.301758 0.100586 0.049805
v 0.282227 0.104492 0.055664
v 0.282227 0.104492 0.055664
v 0.282227 0.104492 0.055664
v 0.282227 0.104492 0.055664
v 0.27832 0.073242 0.047852
v 0.27832 0.073242 0.047852
v 0.27832 0.073242 0.047852
v 0.276367 0.077148 0.041992
v 0.276367 0.077148 0.041992
v 0.276367 0.077148 0.041992
v 0.276367 0.077148 0.041992
v 0.276367 0.077148 0.041992
v 0.262695 0.067383 0.043945
v 0.262695 0.067383 0.043945
v 0.262695 0.067383 0.043945
v 0.260742 0.069336 0.040039
v 0.260742 0.069336 0.040039
v 0.260742 0.069336 0.040039
v 0.274414 0.100586 0.055664
v 0.274414 0.100586 0.055664
v 0.274414 0.100586 0.055664
v 0.266602 0.100586 0.049805
v 0.266602 0.100586 0.049805
v 0.266602 0.100586 0.049805
v 0.266602 0.100586 0.049805
v 0.266602 0.100586 0.049805
v 0.264648 0.09668 0.040039
v 0.264648 0.09668 0.040039
v 0.264648 0.09668 0.040039
v 0.264648 0.09668 0.040039
v 0.250977 0.094727 0.043945
v 0.250977 0.094727 0.043945
v 0.250977 0.094727 0.043945
v 0.250977 0.094727 0.043945
v 0.311523 0.104492 0.018555
v 0.311523 0.104492 0.018555
v 0.311523 0.104492 0.018555
v 0.282227 0.102539 0.020508
v 0.282227 0.102539 0.020508
v 0.282227 0.102539 0.020508
v 0.282227 0.102539 0.020508
v 0.299805 0.133789 0.06543
v 0.299805 0.133789 0.06543
v 0.291992 0.15332 0.071289
v 0.291992 0.15332 0.071289
v 0.301758 0.161133 0.063477
v 0.301758 0.161133 0.063477
v 0.301758 0.161133 0.063477
v 0.262695 0.15332 0.069336
v 0.262695 0.15332 0.069336
v 0.262695 0.15332 0.069336
v 0.262695 0.15332 0.069336
v 0.256836 0.166992 0.075195
v 0.256836 0.166992 0.075195
v 0.256836 0.166992 0.075195
v 0.254883 0.186523 0.063477
v 0.254883 0.186523 0.063477
v 0.254883 0.186523 0.063477
v 0.254883 0.186523 0.063477
v 0.323242 0.135742 0.032227
v 0.323242 0.135742 0.032227
v 0.323242 0.135742 0.032227
v 0.323242 0.135742 0.032227
v 0.325195 0.155273 0.038086
v 0.325195 0.155273 0.038086
v 0.34082 0.145508 0.014648
v 0.34082 0.145508 0.014648
v 0.34082 0.145508 0.014648
v 0.319336 0.168945 0.024414
v 0.319336 0.168945 0.024414
v 0.301758 0.180664 0.010742
v 0.301758 0.180664 0.010742
v 0.301758 0.180664 0.010742
v 0.303711 0.176758 0.004883
v 0.303711 0.176758 0.004883
v 0.303711 0.176758 0.004883
v 0.297852 0.174805 0.006836
v 0.297852 0.174805 0.006836
v 0.297852 0.174805 0.006836
v 0.297852 0.174805 0.006836
v 0.297852 0.174805 0.006836
v 0.297852 0.174805 0.006836
v 0.274414 0.198242 0.03418
v 0.274414 0.198242 0.03418
v 0.250977 0.202148 0.010742
v 0.250977 0.202148 0.010742
v 0.250977 0.202148 0.010742
v 0.250977 0.202148 0.010742
v 0.254883 0.206055 0.014648
v 0.254883 0.206055 0.014648
v 0.254883 0.206055 0.014648
v 0.254883 0.206055 0.014648
v 0.143555 0.038086 0.131836
v 0.143555 0.038086 0.131836
v 0.143555 0.038086 0.131836
v 0.125977 0.053711 0.133789
v 0.125977 0.053711 0.133789
v 0.125977 0.053711 0.133789
v 0.125977 0.053711 0.133789
v 0.15918 0.084961 0.125977
v 0.15918 0.084961 0.125977
v 0.151367 0.208008 0.198242
v 0.151367 0.208008 0.198242
v 0.151367 0.208008 0.198242
v 0.15332 0.211914 0.198242
v 0.15332 0.211914 0.198242
v 0.15332 0.211914 0.198242
v 0.149414 0.213867 0.198242
v 0.149414 0.213867 0.198242
v 0.149414 0.213867 0.198242
v 0.147461 0.209961 0.198242
v 0.147461 0.209961 0.198242
v 0.147461 0.209961 0.198242
v 0.125977 0.208008 0.194336
v 0.125977 0.208008 0.194336
v 0.125977 0.208008 0.194336
v 0.145508 0.227539 0.188477
v 0.145508 0.227539 0.188477
v 0.145508 0.227539 0.188477
v 0.145508 0.227539 0.188477
v 0.145508 0.227539 0.188477
v 0.145508 0.227539 0.188477
v 0.145508 0.237305 0.188477
v 0.145508 0.237305 0.188477
v 0.145508 0.237305 0.188477
v 0.145508 0.237305 0.188477
v 0.145508 0.237305 0.188477
v 0.145508 0.237305 0.188477
v 0.135742 0.225586 0.200195
v 0.135742 0.225586 0.200195
v 0.135742 0.225586 0.200195
v 0.135742 0.225586 0.200195
v 0.135742 0.225586 0.200195
v 0.139648 0.229492 0.202148
v 0.139648 0.229492 0.202148
v 0.139648 0.229492 0.202148
v 0.129883 0.229492 0.198242
v 0.129883 0.229492 0.198242
v 0.129883 0.229492 0.198242
v 0.139648 0.235352 0.202148
v 0.139648 0.235352 0.202148
v 0.139648 0.235352 0.202148
v 0.133789 0.235352 0.202148
v 0.133789 0.235352 0.202148
v 0.133789 0.239258 0.200195
v 0.133789 0.239258 0.200195
v 0.133789 0.239258 0.200195
v 0.133789 0.239258 0.200195
v 0.129883 0.235352 0.198242
v 0.129883 0.235352 0.198242
v 0.129883 0.235352 0.198242
v 0.12793 0.141602 0.135742
v 0.12793 0.141602 0.135742
v 0.12793 0.141602 0.135742
v 0.15918 0.22168 0.15918
v 0.15918 0.22168 0.15918
v 0.15918 0.225586 0.157227
v 0.15918 0.225586 0.157227
v 0.15918 0.225586 0.157227
v 0.15918 0.225586 0.157227
v 0.15332 0.21582 0.176758
v 0.15332 0.21582 0.176758
v 0.15332 0.21582 0.176758
v 0.149414 0.217773 0.174805
v 0.149414 0.217773 0.174805
v 0.133789 0.21582 0.168945
v 0.133789 0.21582 0.168945
v 0.133789 0.21582 0.168945
v 0.129883 0.217773 0.166992
v 0.129883 0.217773 0.166992
v 0.129883 0.217773 0.166992
v 0.149414 0.233398 0.186523
v 0.149414 0.233398 0.186523
v 0.149414 0.233398 0.186523
v 0.149414 0.233398 0.186523
v 0.149414 0.233398 0.186523
v 0.149414 0.227539 0.182617
v 0.149414 0.227539 0.182617
v 0.149414 0.227539 0.182617
v 0.149414 0.227539 0.182617
v 0.149414 0.227539 0.182617
v 0.149414 0.227539 0.182617
v 0.145508 0.225586 0.18457
v 0.145508 0.225586 0.18457
v 0.145508 0.225586 0.18457
v 0.145508 0.225586 0.18457
v 0.145508 0.225586 0.18457
v 0.15332 0.22168 0.176758
v 0.15332 0.22168 0.176758
v 0.15332 0.22168 0.176758
v 0.15332 0.22168 0.176758
v 0.141602 0.225586 0.178711
v 0.141602 0.225586 0.178711
v 0.141602 0.225586 0.178711
v 0.141602 0.225586 0.178711
v 0.141602 0.225586 0.178711
v 0.149414 0.237305 0.182617
v 0.149414 0.237305 0.182617
v 0.149414 0.237305 0.182617
v 0.149414 0.237305 0.182617
v 0.147461 0.239258 0.186523
v 0.147461 0.239258 0.186523
v 0.147461 0.239258 0.186523
v 0.143555 0.241211 0.180664
v 0.143555 0.241211 0.180664
v 0.135742 0.225586 0.180664
v 0.135742 0.225586 0.180664
v 0.135742 0.225586 0.180664
v 0.135742 0.225586 0.180664
v 0.135742 0.225586 0.180664
v 0.135742 0.225586 0.180664
v 0.135742 0.227539 0.18457
v 0.135742 0.227539 0.18457
v 0.135742 0.227539 0.18457
v 0.135742 0.227539 0.18457
v 0.135742 0.227539 0.18457
v 0.133789 0.231445 0.176758
v 0.133789 0.231445 0.176758
v 0.133789 0.231445 0.176758
v 0.133789 0.231445 0.176758
v 0.133789 0.231445 0.176758
v 0.133789 0.237305 0.18457
v 0.133789 0.237305 0.18457
v 0.133789 0.237305 0.18457
v 0.133789 0.237305 0.18457
v 0.133789 0.237305 0.18457
v 0.133789 0.237305 0.18457
v 0.133789 0.237305 0.18457
v 0.133789 0.237305 0.180664
v 0.133789 0.237305 0.180664
v 0.133789 0.237305 0.180664
v 0.133789 0.237305 0.180664
v 0.139648 0.243164 0.18457
v 0.139648 0.243164 0.18457
v 0.139648 0.243164 0.18457
v 0.139648 0.243164 0.18457
v 0.139648 0.243164 0.18457
v 0.137695 0.239258 0.178711
v 0.137695 0.239258 0.178711
v 0.137695 0.239258 0.178711
v 0.137695 0.239258 0.178711
v 0.131836 0.22168 0.168945
v 0.131836 0.22168 0.168945
v 0.178711 0.21582 0.137695
v 0.178711 0.21582 0.137695
v 0.178711 0.21582 0.137695
v 0.178711 0.21582 0.137695
v 0.178711 0.21582 0.137695
v 0.163086 0.219727 0.151367
v 0.163086 0.219727 0.151367
v 0.163086 0.219727 0.151367
v 0.182617 0.22168 0.139648
v 0.182617 0.22168 0.139648
v 0.182617 0.22168 0.139648
v 0.182617 0.22168 0.139648
v 0.182617 0.22168 0.139648
v 0.182617 0.22168 0.139648
v 0.176758 0.225586 0.135742
v 0.176758 0.225586 0.135742
v 0.176758 0.225586 0.135742
v 0.176758 0.225586 0.135742
v 0.174805 0.219727 0.133789
v 0.174805 0.219727 0.133789
v 0.174805 0.219727 0.133789
v 0.174805 0.219727 0.133789
v 0.174805 0.219727 0.133789
v 0.174805 0.223633 0.135742
v 0.174805 0.223633 0.135742
v 0.174805 0.223633 0.135742
v 0.174805 0.223633 0.135742
v 0.174805 0.223633 0.135742
v 0.172852 0.231445 0.133789
v 0.172852 0.231445 0.133789
v 0.172852 0.231445 0.133789
v 0.172852 0.231445 0.133789
v 0.186523 0.225586 0.125977
v 0.186523 0.225586 0.125977
v 0.186523 0.225586 0.125977
v 0.176758 0.241211 0.133789
v 0.176758 0.241211 0.133789
v 0.176758 0.241211 0.133789
v 0.176758 0.241211 0.133789
v 0.172852 0.239258 0.133789
v 0.172852 0.239258 0.133789
v 0.168945 0.225586 0.137695
v 0.168945 0.225586 0.137695
v 0.168945 0.22168 0.133789
v 0.168945 0.22168 0.133789
v 0.168945 0.22168 0.133789
v 0.168945 0.22168 0.133789
v 0.168945 0.231445 0.133789
v 0.168945 0.231445 0.133789
v 0.168945 0.231445 0.133789
v 0.165039 0.227539 0.133789
v 0.165039 0.227539 0.133789
v 0.165039 0.227539 0.133789
v 0.165039 0.227539 0.133789
v 0.165039 0.227539 0.133789
v 0.165039 0.227539 0.133789
v 0.170898 0.223633 0.131836
v 0.170898 0.223633 0.131836
v 0.170898 0.223633 0.131836
v 0.165039 0.22168 0.129883
v 0.165039 0.22168 0.129883
v 0.165039 0.22168 0.129883
v 0.165039 0.22168 0.129883
v 0.161133 0.219727 0.125977
v 0.161133 0.219727 0.125977
v 0.161133 0.219727 0.125977
v 0.161133 0.219727 0.125977
v 0.157227 0.22168 0.12793
v 0.157227 0.22168 0.12793
v 0.157227 0.22168 0.12793
v 0.157227 0.22168 0.12793
v 0.157227 0.22168 0.12793
v 0.157227 0.227539 0.129883
v 0.157227 0.227539 0.129883
v 0.168945 0.239258 0.135742
v 0.168945 0.239258 0.135742
v 0.168945 0.239258 0.135742
v 0.168945 0.239258 0.135742
v 0.168945 0.239258 0.135742
v 0.163086 0.243164 0.133789
v 0.163086 0.243164 0.133789
v 0.163086 0.243164 0.133789
v 0.166992 0.24707 0.131836
v 0.166992 0.24707 0.131836
v 0.166992 0.24707 0.131836
v 0.166992 0.24707 0.131836
v 0.166992 0.24707 0.131836
v 0.166992 0.24707 0.131836
v 0.157227 0.243164 0.129883
v 0.157227 0.243164 0.129883
v 0.157227 0.243164 0.129883
v 0.157227 0.243164 0.129883
v 0.157227 0.243164 0.129883
v 0.157227 0.249023 0.125977
v 0.157227 0.249023 0.125977
v 0.157227 0.249023 0.125977
v 0.157227 0.249023 0.125977
v 0.157227 0.249023 0.125977
v 0.141602 0.217773 0.147461
v 0.141602 0.217773 0.147461
v 0.141602 0.217773 0.147461
v 0.15332 0.217773 0.12793
v 0.15332 0.217773 0.12793
v 0.15332 0.217773 0.12793
v 0.15332 0.217773 0.12793
v 0.149414 0.21582 0.12793
v 0.149414 0.21582 0.12793
v 0.149414 0.21582 0.12793
v 0.155273 0.223633 0.15332
v 0.155273 0.223633 0.15332
v 0.155273 0.223633 0.15332
v 0.141602 0.223633 0.147461
v 0.141602 0.223633 0.147461
v 0.141602 0.223633 0.147461
v 0.137695 0.22168 0.145508
v 0.137695 0.22168 0.145508
v 0.137695 0.22168 0.145508
v 0.149414 0.22168 0.129883
v 0.149414 0.22168 0.129883
v 0.15332 0.231445 0.12793
v 0.15332 0.231445 0.12793
v 0.15332 0.231445 0.12793
v 0.15332 0.231445 0.12793
v 0.149414 0.233398 0.125977
v 0.145508 0.219727 0.125977
v 0.145508 0.219727 0.125977
v 0.145508 0.219727 0.125977
v 0.15332 0.239258 0.129883
v 0.15332 0.239258 0.129883
v 0.15332 0.239258 0.129883
v 0.15332 0.239258 0.129883
v 0.15332 0.24707 0.12793
v 0.15332 0.24707 0.12793
v 0.15332 0.24707 0.12793
v 0.071289 0.061523 0.133789
v 0.071289 0.061523 0.133789
v 0.110352 0.110352 0.137695
v 0.110352 0.110352 0.137695
v 0.110352 0.110352 0.137695
v 0.108398 0.100586 0.131836
v 0.108398 0.100586 0.131836
v 0.108398 0.100586 0.131836
v 0.09668 0.110352 0.131836
v 0.09668 0.110352 0.131836
v 0.092773 0.067383 0.133789
v 0.092773 0.067383 0.133789
v 0.026367 0.026367 0.133789
v 0.026367 0.026367 0.133789
v 0.026367 0.026367 0.133789
v 0.120117 0.209961 0.192383
v 0.120117 0.209961 0.192383
v 0.120117 0.209961 0.192383
v 0.124023 0.213867 0.194336
v 0.124023 0.213867 0.194336
v 0.124023 0.213867 0.194336
v 0.120117 0.151367 0.133789
v 0.120117 0.151367 0.133789
v 0.120117 0.151367 0.133789
v 0.09668 0.133789 0.137695
v 0.09668 0.133789 0.137695
v 0.081055 0.137695 0.129883
v 0.081055 0.137695 0.129883
v 0.084961 0.151367 0.133789
v 0.084961 0.151367 0.133789
v 0.063477 0.170898 0.125977
v 0.063477 0.170898 0.125977
v 0.213867 0.024414 0.118164
v 0.213867 0.024414 0.118164
v 0.213867 0.024414 0.118164
v 0.213867 0.024414 0.118164
v 0.213867 0.05957 0.102539
v 0.213867 0.05957 0.102539
v 0.213867 0.05957 0.102539
v 0.204102 0.055664 0.09668
v 0.204102 0.055664 0.09668
v 0.204102 0.055664 0.09668
v 0.204102 0.055664 0.09668
v 0.231445 0.004883 0.071289
v 0.231445 0.004883 0.071289
v 0.231445 0.004883 0.071289
v 0.231445 0.004883 0.071289
v 0.231445 0.004883 0.071289
v 0.227539 0.010742 0.069336
v 0.227539 0.010742 0.069336
v 0.227539 0.010742 0.069336
v 0.227539 0.010742 0.069336
v 0.225586 0.026367 0.071289
v 0.225586 0.026367 0.071289
v 0.225586 0.026367 0.071289
v 0.225586 0.026367 0.071289
v 0.225586 0.026367 0.071289
v 0.225586 0.026367 0.071289
v 0.231445 0.040039 0.092773
v 0.231445 0.040039 0.092773
v 0.231445 0.040039 0.092773
v 0.229492 0.045898 0.06543
v 0.229492 0.045898 0.06543
v 0.229492 0.045898 0.06543
v 0.229492 0.045898 0.06543
v 0.229492 0.045898 0.06543
v 0.229492 0.045898 0.06543
v 0.229492 0.045898 0.06543
v 0.225586 0.041992 0.063477
v 0.225586 0.041992 0.063477
v 0.225586 0.041992 0.063477
v 0.225586 0.041992 0.063477
v 0.225586 0.041992 0.063477
v 0.225586 0.041992 0.063477
v 0.225586 0.051758 0.063477
v 0.225586 0.051758 0.063477
v 0.225586 0.051758 0.063477
v 0.225586 0.051758 0.063477
v 0.211914 0.061523 0.09082
v 0.211914 0.061523 0.09082
v 0.211914 0.061523 0.09082
v 0.211914 0.061523 0.09082
v 0.217773 0.05957 0.084961
v 0.217773 0.05957 0.084961
v 0.217773 0.05957 0.084961
v 0.217773 0.05957 0.084961
v 0.217773 0.05957 0.084961
v 0.217773 0.05957 0.084961
v 0.217773 0.05957 0.084961
v 0.213867 0.051758 0.063477
v 0.213867 0.051758 0.063477
v 0.213867 0.051758 0.063477
v 0.231445 0.063477 0.102539
v 0.231445 0.063477 0.102539
v 0.231445 0.063477 0.102539
v 0.231445 0.063477 0.102539
v 0.233398 0.067383 0.09668
v 0.233398 0.067383 0.09668
v 0.233398 0.067383 0.09668
v 0.233398 0.067383 0.09668
v 0.219727 0.09082 0.108398
v 0.219727 0.09082 0.108398
v 0.219727 0.09082 0.108398
v 0.219727 0.09082 0.108398
v 0.202148 0.069336 0.114258
v 0.202148 0.069336 0.114258
v 0.198242 0.120117 0.116211
v 0.198242 0.120117 0.116211
v 0.198242 0.120117 0.116211
v 0.198242 0.120117 0.116211
v 0.202148 0.12207 0.106445
v 0.202148 0.12207 0.106445
v 0.202148 0.12207 0.106445
v 0.202148 0.12207 0.106445
v 0.219727 0.077148 0.081055
v 0.219727 0.077148 0.081055
v 0.219727 0.077148 0.081055
v 0.219727 0.077148 0.081055
v 0.219727 0.077148 0.081055
v 0.219727 0.077148 0.081055
v 0.243164 0.09082 0.069336
v 0.243164 0.09082 0.069336
v 0.243164 0.09082 0.069336
v 0.243164 0.09082 0.069336
v 0.241211 0.084961 0.069336
v 0.241211 0.084961 0.069336
v 0.241211 0.084961 0.069336
v 0.241211 0.084961 0.069336
v 0.204102 0.108398 0.084961
v 0.204102 0.108398 0.084961
v 0.170898 0.040039 0.124023
v 0.170898 0.040039 0.124023
v 0.170898 0.040039 0.124023
v 0.170898 0.040039 0.112305
v 0.170898 0.040039 0.112305
v 0.170898 0.040039 0.112305
v 0.155273 0.047852 0.108398
v 0.155273 0.047852 0.108398
v 0.155273 0.047852 0.108398
v 0.155273 0.047852 0.108398
v 0.155273 0.047852 0.108398
v 0.155273 0.047852 0.108398
v 0.176758 0.063477 0.102539
v 0.176758 0.063477 0.102539
v 0.176758 0.063477 0.102539
v 0.176758 0.063477 0.102539
v 0.176758 0.063477 0.102539
v 0.133789 0.084961 0.124023
v 0.133789 0.084961 0.124023
v 0.241211 0.00293 0.016602
v 0.241211 0.00293 0.016602
v 0.249023 0.063477 0.051758
v 0.249023 0.063477 0.051758
v 0.249023 0.063477 0.051758
v 0.249023 0.063477 0.051758
v 0.241211 0.088867 0.055664
v 0.241211 0.088867 0.055664
v 0.241211 0.088867 0.055664
v 0.239258 0.084961 0.053711
v 0.239258 0.084961 0.053711
v 0.239258 0.084961 0.053711
v 0.219727 0.077148 0.051758
v 0.219727 0.077148 0.051758
v 0.219727 0.077148 0.051758
v 0.219727 0.077148 0.051758
v 0.219727 0.077148 0.051758
v 0.219727 0.077148 0.051758
v 0.24707 0.088867 0.041992
v 0.24707 0.088867 0.041992
v 0.24707 0.088867 0.041992
v 0.24707 0.088867 0.041992
v 0.233398 0.067383 0.045898
v 0.233398 0.067383 0.045898
v 0.233398 0.067383 0.045898
v 0.229492 0.06543 0.045898
v 0.229492 0.06543 0.045898
v 0.229492 0.06543 0.045898
v 0.229492 0.071289 0.043945
v 0.229492 0.071289 0.043945
v 0.229492 0.071289 0.043945
v 0.229492 0.071289 0.043945
v 0.225586 0.092773 0.040039
v 0.225586 0.092773 0.040039
v 0.225586 0.092773 0.040039
v 0.225586 0.092773 0.040039
v 0.219727 0.106445 0.032227
v 0.219727 0.106445 0.032227
v 0.219727 0.106445 0.032227
v 0.219727 0.106445 0.032227
v 0.219727 0.110352 0.03418
v 0.219727 0.110352 0.03418
v 0.219727 0.110352 0.03418
v 0.208008 0.073242 0.049805
v 0.208008 0.073242 0.049805
v 0.208008 0.073242 0.049805
v 0.208008 0.073242 0.049805
v 0.208008 0.073242 0.049805
v 0.208008 0.073242 0.049805
v 0.194336 0.120117 0.045898
v 0.194336 0.120117 0.045898
v 0.194336 0.120117 0.045898
v 0.237305 0.079102 0.024414
v 0.237305 0.079102 0.024414
v 0.237305 0.079102 0.024414
v 0.237305 0.079102 0.024414
v 0.233398 0.077148 0.024414
v 0.233398 0.077148 0.024414
v 0.233398 0.077148 0.024414
v 0.233398 0.081055 0.024414
v 0.233398 0.081055 0.024414
v 0.235352 0.079102 0.000977
v 0.235352 0.079102 0.000977
v 0.235352 0.079102 0.000977
v 0.235352 0.079102 0.000977
v 0.235352 0.079102 0.000977
v 0.233398 0.084961 0.000977
v 0.233398 0.084961 0.000977
v 0.22168 0.114258 0.030273
v 0.22168 0.114258 0.030273
v 0.22168 0.114258 0.030273
v 0.223633 0.186523 0.069336
v 0.223633 0.186523 0.069336
v 0.223633 0.186523 0.069336
v 0.223633 0.186523 0.069336
v 0.213867 0.18457 0.079102
v 0.213867 0.18457 0.079102
v 0.213867 0.18457 0.079102
v 0.209961 0.178711 0.073242
v 0.209961 0.178711 0.073242
v 0.209961 0.178711 0.073242
v 0.196289 0.176758 0.069336
v 0.196289 0.176758 0.069336
v 0.196289 0.176758 0.069336
v 0.208008 0.233398 0.110352
v 0.208008 0.233398 0.110352
v 0.208008 0.233398 0.110352
v 0.208008 0.233398 0.110352
v 0.204102 0.231445 0.110352
v 0.204102 0.231445 0.110352
v 0.204102 0.231445 0.110352
v 0.204102 0.231445 0.110352
v 0.204102 0.231445 0.110352
v 0.204102 0.231445 0.110352
v 0.204102 0.231445 0.110352
v 0.204102 0.231445 0.110352
v 0.204102 0.231445 0.110352
v 0.204102 0.237305 0.112305
v 0.204102 0.237305 0.112305
v 0.204102 0.237305 0.112305
v 0.204102 0.237305 0.112305
v 0.19043 0.225586 0.12207
v 0.19043 0.225586 0.12207
v 0.19043 0.225586 0.12207
v 0.188477 0.219727 0.120117
v 0.188477 0.219727 0.120117
v 0.188477 0.219727 0.120117
v 0.194336 0.227539 0.118164
v 0.194336 0.227539 0.118164
v 0.194336 0.227539 0.118164
v 0.194336 0.227539 0.118164
v 0.196289 0.229492 0.116211
v 0.196289 0.229492 0.116211
v 0.196289 0.229492 0.116211
v 0.196289 0.229492 0.116211
v 0.196289 0.227539 0.114258
v 0.196289 0.227539 0.114258
v 0.196289 0.227539 0.114258
v 0.194336 0.225586 0.116211
v 0.194336 0.225586 0.116211
v 0.194336 0.225586 0.116211
v 0.194336 0.227539 0.116211
v 0.194336 0.227539 0.116211
v 0.194336 0.227539 0.116211
v 0.194336 0.227539 0.116211
v 0.194336 0.227539 0.116211
v 0.194336 0.227539 0.116211
v 0.194336 0.227539 0.116211
v 0.192383 0.227539 0.114258
v 0.192383 0.227539 0.114258
v 0.192383 0.227539 0.114258
v 0.192383 0.227539 0.114258
v 0.194336 0.231445 0.114258
v 0.194336 0.231445 0.114258
v 0.19043 0.229492 0.114258
v 0.19043 0.229492 0.114258
v 0.19043 0.229492 0.114258
v 0.19043 0.229492 0.114258
v 0.19043 0.229492 0.114258
v 0.19043 0.229492 0.114258
v 0.19043 0.229492 0.114258
v 0.19043 0.229492 0.114258
v 0.194336 0.227539 0.112305
v 0.194336 0.227539 0.112305
v 0.194336 0.227539 0.112305
v 0.194336 0.227539 0.112305
v 0.194336 0.227539 0.112305
v 0.19043 0.227539 0.112305
v 0.19043 0.227539 0.112305
v 0.19043 0.227539 0.112305
v 0.202148 0.235352 0.112305
v 0.202148 0.235352 0.112305
v 0.202148 0.235352 0.112305
v 0.202148 0.235352 0.112305
v 0.202148 0.235352 0.112305
v 0.202148 0.235352 0.112305
v 0.202148 0.235352 0.112305
v 0.202148 0.235352 0.112305
v 0.202148 0.235352 0.112305
v 0.204102 0.229492 0.106445
v 0.204102 0.229492 0.106445
v 0.204102 0.229492 0.106445
v 0.204102 0.229492 0.106445
v 0.204102 0.233398 0.102539
v 0.204102 0.233398 0.102539
v 0.208008 0.239258 0.106445
v 0.208008 0.239258 0.106445
v 0.208008 0.239258 0.106445
v 0.208008 0.239258 0.106445
v 0.208008 0.239258 0.106445
v 0.204102 0.241211 0.106445
v 0.204102 0.241211 0.106445
v 0.204102 0.241211 0.106445
v 0.208008 0.235352 0.104492
v 0.208008 0.235352 0.104492
v 0.206055 0.24707 0.102539
v 0.206055 0.24707 0.102539
v 0.206055 0.24707 0.102539
v 0.206055 0.24707 0.102539
v 0.208008 0.241211 0.09668
v 0.208008 0.241211 0.09668
v 0.208008 0.241211 0.09668
v 0.208008 0.241211 0.09668
v 0.208008 0.241211 0.09668
v 0.208008 0.245117 0.100586
v 0.208008 0.245117 0.100586
v 0.208008 0.245117 0.100586
v 0.208008 0.245117 0.100586
v 0.209961 0.243164 0.098633
v 0.209961 0.243164 0.098633
v 0.209961 0.243164 0.098633
v 0.209961 0.243164 0.098633
v 0.208008 0.24707 0.100586
v 0.208008 0.24707 0.100586
v 0.208008 0.24707 0.100586
v 0.204102 0.243164 0.098633
v 0.204102 0.243164 0.098633
v 0.204102 0.243164 0.098633
v 0.206055 0.24707 0.100586
v 0.206055 0.24707 0.100586
v 0.206055 0.24707 0.100586
v 0.206055 0.24707 0.100586
v 0.204102 0.24707 0.100586
v 0.204102 0.24707 0.100586
v 0.204102 0.24707 0.100586
v 0.204102 0.24707 0.100586
v 0.206055 0.243164 0.09668
v 0.206055 0.243164 0.09668
v 0.206055 0.243164 0.09668
v 0.204102 0.243164 0.09668
v 0.204102 0.243164 0.09668
v 0.204102 0.243164 0.09668
v 0.204102 0.243164 0.09668
v 0.204102 0.245117 0.094727
v 0.204102 0.245117 0.094727
v 0.204102 0.245117 0.094727
v 0.200195 0.233398 0.108398
v 0.200195 0.233398 0.108398
v 0.200195 0.233398 0.108398
v 0.200195 0.233398 0.108398
v 0.200195 0.233398 0.108398
v 0.200195 0.233398 0.104492
v 0.200195 0.233398 0.104492
v 0.200195 0.233398 0.104492
v 0.200195 0.233398 0.104492
v 0.200195 0.237305 0.108398
v 0.200195 0.237305 0.108398
v 0.200195 0.237305 0.108398
v 0.202148 0.235352 0.102539
v 0.202148 0.235352 0.102539
v 0.200195 0.239258 0.104492
v 0.200195 0.239258 0.104492
v 0.200195 0.239258 0.104492
v 0.200195 0.239258 0.104492
v 0.188477 0.239258 0.106445
v 0.188477 0.239258 0.106445
v 0.188477 0.239258 0.106445
v 0.202148 0.237305 0.094727
v 0.202148 0.237305 0.094727
v 0.202148 0.237305 0.094727
v 0.202148 0.245117 0.094727
v 0.202148 0.245117 0.094727
v 0.227539 0.192383 0.071289
v 0.227539 0.192383 0.071289
v 0.227539 0.192383 0.071289
v 0.227539 0.192383 0.071289
v 0.208008 0.202148 0.079102
v 0.208008 0.202148 0.079102
v 0.208008 0.202148 0.079102
v 0.213867 0.206055 0.063477
v 0.213867 0.206055 0.063477
v 0.213867 0.206055 0.063477
v 0.213867 0.206055 0.063477
v 0.213867 0.206055 0.063477
v 0.209961 0.211914 0.063477
v 0.209961 0.211914 0.063477
v 0.209961 0.211914 0.063477
v 0.200195 0.202148 0.071289
v 0.200195 0.202148 0.071289
v 0.200195 0.202148 0.071289
v 0.192383 0.194336 0.075195
v 0.192383 0.194336 0.075195
v 0.192383 0.194336 0.075195
v 0.192383 0.194336 0.075195
v 0.194336 0.196289 0.063477
v 0.194336 0.196289 0.063477
v 0.211914 0.241211 0.088867
v 0.211914 0.241211 0.088867
v 0.211914 0.241211 0.088867
v 0.211914 0.241211 0.088867
v 0.206055 0.237305 0.092773
v 0.206055 0.237305 0.092773
v 0.206055 0.237305 0.092773
v 0.204102 0.239258 0.092773
v 0.204102 0.239258 0.092773
v 0.204102 0.239258 0.092773
v 0.206055 0.249023 0.092773
v 0.206055 0.249023 0.092773
v 0.206055 0.249023 0.092773
v 0.206055 0.249023 0.092773
v 0.211914 0.243164 0.079102
v 0.211914 0.243164 0.079102
v 0.211914 0.243164 0.079102
v 0.188477 0.235352 0.09082
v 0.188477 0.235352 0.09082
v 0.188477 0.235352 0.09082
v 0.188477 0.235352 0.09082
v 0.194336 0.24707 0.092773
v 0.194336 0.24707 0.092773
v 0.194336 0.24707 0.092773
v 0.192383 0.249023 0.081055
v 0.192383 0.249023 0.081055
v 0.192383 0.249023 0.081055
v 0.206055 0.245117 0.073242
v 0.206055 0.245117 0.073242
v 0.206055 0.245117 0.073242
v 0.194336 0.229492 0.067383
v 0.194336 0.229492 0.067383
v 0.198242 0.24707 0.073242
v 0.198242 0.24707 0.073242
v 0.198242 0.24707 0.073242
v 0.194336 0.237305 0.06543
v 0.194336 0.237305 0.06543
v 0.178711 0.141602 0.09668
v 0.178711 0.141602 0.09668
v 0.178711 0.141602 0.09668
v 0.166992 0.149414 0.100586
v 0.166992 0.149414 0.100586
v 0.166992 0.149414 0.100586
v 0.166992 0.149414 0.100586
v 0.166992 0.149414 0.100586
v 0.170898 0.155273 0.083008
v 0.170898 0.155273 0.083008
v 0.170898 0.155273 0.083008
v 0.170898 0.155273 0.083008
v 0.143555 0.161133 0.084961
v 0.143555 0.161133 0.084961
v 0.143555 0.161133 0.084961
v 0.143555 0.161133 0.084961
v 0.139648 0.174805 0.084961
v 0.139648 0.174805 0.084961
v 0.139648 0.174805 0.084961
v 0.182617 0.217773 0.12207
v 0.182617 0.217773 0.12207
v 0.182617 0.217773 0.12207
v 0.182617 0.217773 0.12207
v 0.182617 0.217773 0.12207
v 0.157227 0.21582 0.124023
v 0.157227 0.21582 0.124023
v 0.157227 0.21582 0.124023
v 0.157227 0.21582 0.124023
v 0.163086 0.21582 0.110352
v 0.163086 0.21582 0.110352
v 0.163086 0.21582 0.110352
v 0.163086 0.21582 0.110352
v 0.165039 0.217773 0.108398
v 0.165039 0.217773 0.108398
v 0.165039 0.217773 0.108398
v 0.168945 0.217773 0.098633
v 0.168945 0.217773 0.098633
v 0.168945 0.217773 0.098633
v 0.186523 0.225586 0.118164
v 0.186523 0.225586 0.118164
v 0.186523 0.225586 0.118164
v 0.182617 0.229492 0.124023
v 0.182617 0.229492 0.124023
v 0.182617 0.229492 0.124023
v 0.182617 0.229492 0.124023
v 0.18457 0.229492 0.118164
v 0.18457 0.229492 0.118164
v 0.18457 0.229492 0.118164
v 0.178711 0.22168 0.120117
v 0.178711 0.22168 0.120117
v 0.178711 0.22168 0.120117
v 0.178711 0.22168 0.120117
v 0.182617 0.22168 0.116211
v 0.182617 0.22168 0.116211
v 0.182617 0.22168 0.116211
v 0.182617 0.22168 0.116211
v 0.182617 0.22168 0.116211
v 0.182617 0.22168 0.116211
v 0.180664 0.229492 0.116211
v 0.180664 0.229492 0.116211
v 0.180664 0.229492 0.116211
v 0.182617 0.229492 0.114258
v 0.182617 0.229492 0.114258
v 0.182617 0.229492 0.114258
v 0.182617 0.229492 0.114258
v 0.174805 0.22168 0.114258
v 0.174805 0.22168 0.114258
v 0.174805 0.22168 0.114258
v 0.174805 0.22168 0.114258
v 0.176758 0.22168 0.112305
v 0.176758 0.22168 0.112305
v 0.18457 0.239258 0.116211
v 0.18457 0.239258 0.116211
v 0.18457 0.239258 0.116211
v 0.18457 0.239258 0.116211
v 0.182617 0.239258 0.116211
v 0.182617 0.239258 0.116211
v 0.182617 0.239258 0.116211
v 0.182617 0.239258 0.116211
v 0.178711 0.24707 0.116211
v 0.178711 0.24707 0.116211
v 0.178711 0.24707 0.116211
v 0.178711 0.24707 0.116211
v 0.178711 0.24707 0.116211
v 0.176758 0.249023 0.114258
v 0.176758 0.249023 0.114258
v 0.176758 0.249023 0.114258
v 0.176758 0.249023 0.114258
v 0.176758 0.249023 0.114258
v 0.176758 0.249023 0.114258
v 0.176758 0.249023 0.114258
v 0.176758 0.249023 0.114258
v 0.165039 0.219727 0.110352
v 0.165039 0.219727 0.110352
v 0.165039 0.219727 0.110352
v 0.165039 0.219727 0.110352
v 0.165039 0.219727 0.110352
v 0.165039 0.219727 0.110352
v 0.180664 0.219727 0.102539
v 0.180664 0.219727 0.102539
v 0.180664 0.219727 0.102539
v 0.180664 0.219727 0.102539
v 0.186523 0.229492 0.104492
v 0.186523 0.229492 0.104492
v 0.182617 0.233398 0.102539
v 0.182617 0.233398 0.102539
v 0.182617 0.233398 0.102539
v 0.178711 0.225586 0.100586
v 0.178711 0.225586 0.100586
v 0.178711 0.225586 0.100586
v 0.178711 0.225586 0.100586
v 0.182617 0.241211 0.102539
v 0.182617 0.241211 0.102539
v 0.18457 0.24707 0.104492
v 0.18457 0.24707 0.104492
v 0.18457 0.24707 0.104492
v 0.157227 0.223633 0.108398
v 0.157227 0.223633 0.108398
v 0.157227 0.223633 0.108398
v 0.157227 0.223633 0.108398
v 0.157227 0.223633 0.104492
v 0.157227 0.223633 0.104492
v 0.168945 0.223633 0.098633
v 0.168945 0.223633 0.098633
v 0.168945 0.223633 0.098633
v 0.161133 0.22168 0.09668
v 0.161133 0.22168 0.09668
v 0.161133 0.22168 0.09668
v 0.161133 0.22168 0.09668
v 0.163086 0.227539 0.09668
v 0.163086 0.227539 0.09668
v 0.163086 0.227539 0.09668
v 0.170898 0.249023 0.098633
v 0.170898 0.249023 0.098633
v 0.170898 0.249023 0.098633
v 0.15918 0.235352 0.094727
v 0.15918 0.235352 0.094727
v 0.15918 0.235352 0.094727
v 0.163086 0.245117 0.09668
v 0.163086 0.245117 0.09668
v 0.163086 0.245117 0.09668
v 0.15918 0.249023 0.09668
v 0.15918 0.249023 0.09668
v 0.151367 0.223633 0.124023
v 0.151367 0.223633 0.124023
v 0.151367 0.223633 0.124023
v 0.143555 0.223633 0.120117
v 0.143555 0.223633 0.120117
v 0.143555 0.223633 0.120117
v 0.147461 0.229492 0.120117
v 0.147461 0.229492 0.120117
v 0.147461 0.229492 0.120117
v 0.147461 0.229492 0.120117
v 0.145508 0.235352 0.12207
v 0.145508 0.235352 0.12207
v 0.145508 0.235352 0.12207
v 0.147461 0.245117 0.124023
v 0.147461 0.245117 0.124023
v 0.147461 0.245117 0.124023
v 0.147461 0.245117 0.124023
v 0.149414 0.223633 0.106445
v 0.149414 0.223633 0.106445
v 0.149414 0.223633 0.106445
v 0.15332 0.229492 0.106445
v 0.15332 0.229492 0.106445
v 0.15332 0.229492 0.106445
v 0.15332 0.231445 0.106445
v 0.15332 0.231445 0.106445
v 0.15332 0.231445 0.106445
v 0.15332 0.231445 0.106445
v 0.155273 0.229492 0.094727
v 0.155273 0.229492 0.094727
v 0.155273 0.229492 0.094727
v 0.15332 0.239258 0.106445
v 0.15332 0.239258 0.106445
v 0.15332 0.239258 0.106445
v 0.151367 0.239258 0.104492
v 0.151367 0.239258 0.104492
v 0.151367 0.239258 0.104492
v 0.155273 0.24707 0.108398
v 0.155273 0.24707 0.108398
v 0.155273 0.24707 0.108398
v 0.155273 0.24707 0.108398
v 0.155273 0.241211 0.094727
v 0.155273 0.241211 0.094727
v 0.155273 0.241211 0.094727
v 0.180664 0.223633 0.086914
v 0.180664 0.223633 0.086914
v 0.180664 0.223633 0.086914
v 0.180664 0.223633 0.086914
v 0.180664 0.223633 0.086914
v 0.186523 0.229492 0.088867
v 0.186523 0.229492 0.088867
v 0.18457 0.229492 0.086914
v 0.18457 0.229492 0.086914
v 0.18457 0.229492 0.086914
v 0.18457 0.229492 0.086914
v 0.18457 0.229492 0.086914
v 0.176758 0.225586 0.084961
v 0.176758 0.225586 0.084961
v 0.176758 0.225586 0.084961
v 0.176758 0.225586 0.084961
v 0.176758 0.225586 0.084961
v 0.186523 0.243164 0.088867
v 0.186523 0.243164 0.088867
v 0.186523 0.243164 0.088867
v 0.186523 0.243164 0.088867
v 0.182617 0.243164 0.086914
v 0.182617 0.243164 0.086914
v 0.182617 0.243164 0.086914
v 0.182617 0.243164 0.086914
v 0.182617 0.243164 0.086914
v 0.182617 0.243164 0.086914
v 0.182617 0.243164 0.086914
v 0.178711 0.249023 0.086914
v 0.178711 0.249023 0.086914
v 0.178711 0.249023 0.086914
v 0.178711 0.249023 0.086914
v 0.168945 0.225586 0.083008
v 0.168945 0.225586 0.083008
v 0.168945 0.225586 0.083008
v 0.168945 0.225586 0.083008
v 0.168945 0.231445 0.083008
v 0.168945 0.231445 0.083008
v 0.168945 0.231445 0.083008
v 0.168945 0.241211 0.083008
v 0.168945 0.241211 0.083008
v 0.168945 0.241211 0.083008
v 0.170898 0.24707 0.084961
v 0.170898 0.24707 0.084961
v 0.165039 0.243164 0.083008
v 0.165039 0.243164 0.083008
v 0.165039 0.243164 0.083008
v 0.163086 0.235352 0.081055
v 0.163086 0.235352 0.081055
v 0.163086 0.235352 0.081055
v 0.186523 0.225586 0.06543
v 0.186523 0.225586 0.06543
v 0.18457 0.243164 0.067383
v 0.18457 0.243164 0.067383
v 0.178711 0.239258 0.063477
v 0.178711 0.239258 0.063477
v 0.22168 0.18457 0.045898
v 0.22168 0.18457 0.045898
v 0.22168 0.18457 0.045898
v 0.22168 0.18457 0.045898
v 0.204102 0.129883 0.043945
v 0.204102 0.129883 0.043945
v 0.204102 0.129883 0.043945
v 0.204102 0.129883 0.043945
v 0.213867 0.135742 0.03418
v 0.213867 0.135742 0.03418
v 0.213867 0.135742 0.03418
v 0.213867 0.135742 0.03418
v 0.213867 0.135742 0.03418
v 0.200195 0.174805 0.05957
v 0.200195 0.174805 0.05957
v 0.200195 0.174805 0.05957
v 0.200195 0.174805 0.05957
v 0.200195 0.174805 0.05957
v 0.196289 0.176758 0.049805
v 0.196289 0.176758 0.049805
v 0.196289 0.176758 0.049805
v 0.208008 0.178711 0.045898
v 0.208008 0.178711 0.045898
v 0.208008 0.178711 0.045898
v 0.206055 0.180664 0.040039
v 0.206055 0.180664 0.040039
v 0.206055 0.180664 0.040039
v 0.194336 0.172852 0.036133
v 0.194336 0.172852 0.036133
v 0.194336 0.172852 0.036133
v 0.194336 0.172852 0.036133
v 0.194336 0.172852 0.036133
v 0.22168 0.133789 0.02832
v 0.22168 0.133789 0.02832
v 0.22168 0.133789 0.02832
v 0.22168 0.133789 0.02832
v 0.217773 0.133789 0.030273
v 0.217773 0.133789 0.030273
v 0.217773 0.133789 0.030273
v 0.217773 0.133789 0.030273
v 0.217773 0.133789 0.026367
v 0.217773 0.133789 0.026367
v 0.217773 0.133789 0.026367
v 0.217773 0.133789 0.026367
v 0.204102 0.129883 0.022461
v 0.204102 0.129883 0.022461
v 0.204102 0.129883 0.022461
v 0.188477 0.170898 0.030273
v 0.188477 0.170898 0.030273
v 0.188477 0.170898 0.030273
v 0.188477 0.170898 0.030273
v 0.235352 0.209961 0.049805
v 0.235352 0.209961 0.049805
v 0.235352 0.209961 0.049805
v 0.235352 0.209961 0.049805
v 0.227539 0.188477 0.055664
v 0.227539 0.188477 0.055664
v 0.227539 0.188477 0.055664
v 0.229492 0.192383 0.055664
v 0.229492 0.192383 0.055664
v 0.229492 0.192383 0.055664
v 0.223633 0.209961 0.061523
v 0.223633 0.209961 0.061523
v 0.223633 0.209961 0.061523
v 0.223633 0.209961 0.061523
v 0.235352 0.217773 0.040039
v 0.235352 0.217773 0.040039
v 0.235352 0.217773 0.040039
v 0.235352 0.217773 0.040039
v 0.22168 0.188477 0.041992
v 0.22168 0.188477 0.041992
v 0.22168 0.188477 0.041992
v 0.22168 0.188477 0.041992
v 0.225586 0.209961 0.041992
v 0.225586 0.209961 0.041992
v 0.225586 0.209961 0.041992
v 0.225586 0.209961 0.041992
v 0.209961 0.204102 0.049805
v 0.209961 0.204102 0.049805
v 0.209961 0.204102 0.049805
v 0.209961 0.204102 0.049805
v 0.204102 0.208008 0.047852
v 0.204102 0.208008 0.047852
v 0.204102 0.208008 0.047852
v 0.204102 0.208008 0.047852
v 0.204102 0.208008 0.047852
v 0.192383 0.202148 0.055664
v 0.192383 0.202148 0.055664
v 0.198242 0.198242 0.049805
v 0.198242 0.198242 0.049805
v 0.198242 0.198242 0.049805
v 0.192383 0.217773 0.049805
v 0.192383 0.217773 0.049805
v 0.217773 0.206055 0.045898
v 0.217773 0.206055 0.045898
v 0.208008 0.217773 0.032227
v 0.208008 0.217773 0.032227
v 0.208008 0.217773 0.032227
v 0.208008 0.217773 0.032227
v 0.202148 0.200195 0.038086
v 0.202148 0.200195 0.038086
v 0.202148 0.200195 0.038086
v 0.202148 0.200195 0.038086
v 0.202148 0.200195 0.038086
v 0.198242 0.213867 0.032227
v 0.198242 0.213867 0.032227
v 0.198242 0.213867 0.032227
v 0.198242 0.213867 0.032227
v 0.202148 0.219727 0.047852
v 0.202148 0.219727 0.047852
v 0.202148 0.227539 0.045898
v 0.202148 0.227539 0.045898
v 0.194336 0.233398 0.045898
v 0.194336 0.233398 0.045898
v 0.194336 0.233398 0.045898
v 0.194336 0.233398 0.045898
v 0.188477 0.239258 0.036133
v 0.188477 0.239258 0.036133
v 0.188477 0.239258 0.036133
v 0.188477 0.239258 0.036133
v 0.249023 0.208008 0.010742
v 0.249023 0.208008 0.010742
v 0.249023 0.208008 0.010742
v 0.21582 0.217773 0.02832
v 0.21582 0.217773 0.02832
v 0.21582 0.217773 0.02832
v 0.21582 0.217773 0.02832
v 0.21582 0.217773 0.018555
v 0.21582 0.217773 0.018555
v 0.21582 0.217773 0.018555
v 0.198242 0.206055 0.02832
v 0.198242 0.206055 0.02832
v 0.198242 0.206055 0.02832
v 0.198242 0.206055 0.02832
v 0.198242 0.206055 0.02832
v 0.198242 0.206055 0.018555
v 0.198242 0.206055 0.018555
v 0.198242 0.206055 0.018555
v 0.198242 0.206055 0.018555
v 0.192383 0.209961 0.022461
v 0.192383 0.209961 0.022461
v 0.192383 0.209961 0.022461
v 0.211914 0.225586 0.026367
v 0.211914 0.225586 0.026367
v 0.204102 0.239258 0.022461
v 0.204102 0.239258 0.022461
v 0.204102 0.239258 0.022461
v 0.202148 0.231445 0.030273
v 0.202148 0.231445 0.030273
v 0.202148 0.231445 0.030273
v 0.202148 0.231445 0.030273
v 0.19043 0.219727 0.030273
v 0.19043 0.219727 0.030273
v 0.19043 0.219727 0.030273
v 0.19043 0.219727 0.030273
v 0.19043 0.227539 0.030273
v 0.19043 0.227539 0.030273
v 0.19043 0.227539 0.030273
v 0.19043 0.227539 0.030273
v 0.19043 0.227539 0.030273
v 0.19043 0.227539 0.030273
v 0.202148 0.239258 0.02832
v 0.202148 0.239258 0.02832
v 0.202148 0.239258 0.02832
v 0.202148 0.239258 0.02832
v 0.202148 0.239258 0.02832
v 0.202148 0.239258 0.018555
v 0.202148 0.239258 0.018555
v 0.202148 0.239258 0.018555
v 0.192383 0.227539 0.010742
v 0.192383 0.227539 0.010742
v 0.192383 0.227539 0.010742
v 0.163086 0.155273 0.038086
v 0.163086 0.155273 0.038086
v 0.163086 0.155273 0.038086
v 0.18457 0.166992 0.045898
v 0.18457 0.166992 0.045898
v 0.18457 0.166992 0.045898
v 0.182617 0.166992 0.036133
v 0.182617 0.166992 0.036133
v 0.182617 0.166992 0.036133
v 0.182617 0.166992 0.036133
v 0.15332 0.149414 0.055664
v 0.15332 0.149414 0.055664
v 0.15332 0.149414 0.055664
v 0.15332 0.149414 0.055664
v 0.143555 0.166992 0.061523
v 0.143555 0.182617 0.055664
v 0.143555 0.182617 0.055664
v 0.186523 0.192383 0.053711
v 0.186523 0.192383 0.053711
v 0.186523 0.192383 0.053711
v 0.186523 0.192383 0.053711
v 0.157227 0.200195 0.036133
v 0.157227 0.200195 0.036133
v 0.157227 0.200195 0.036133
v 0.180664 0.229492 0.061523
v 0.180664 0.229492 0.061523
v 0.186523 0.225586 0.043945
v 0.186523 0.225586 0.043945
v 0.186523 0.225586 0.043945
v 0.186523 0.225586 0.043945
v 0.186523 0.225586 0.043945
v 0.172852 0.24707 0.03418
v 0.172852 0.24707 0.03418
v 0.172852 0.24707 0.03418
v 0.147461 0.198242 0.038086
v 0.147461 0.198242 0.038086
v 0.147461 0.198242 0.038086
v 0.18457 0.227539 0.02832
v 0.18457 0.227539 0.02832
v 0.18457 0.227539 0.02832
v 0.18457 0.227539 0.02832
v 0.18457 0.227539 0.02832
v 0.180664 0.229492 0.02832
v 0.180664 0.229492 0.02832
v 0.180664 0.229492 0.02832
v 0.18457 0.227539 0.018555
v 0.18457 0.227539 0.018555
v 0.18457 0.227539 0.018555
v 0.166992 0.239258 0.024414
v 0.166992 0.239258 0.024414
v 0.166992 0.239258 0.024414
v 0.168945 0.245117 0.030273
v 0.168945 0.245117 0.030273
v 0.155273 0.206055 0.030273
v 0.155273 0.206055 0.030273
v 0.155273 0.206055 0.030273
v 0.108398 0.086914 0.106445
v 0.108398 0.086914 0.106445
v 0.098633 0.092773 0.108398
v 0.098633 0.092773 0.108398
v 0.098633 0.092773 0.108398
v 0.088867 0.084961 0.108398
v 0.088867 0.084961 0.108398
v 0.088867 0.084961 0.108398
v 0.086914 0.118164 0.110352
v 0.00293 0.020508 0.102539
v 0.00293 0.020508 0.102539
v 0.00293 0.020508 0.102539
v 0.00293 0.020508 0.102539
v 0.006836 0.032227 0.104492
v 0.006836 0.032227 0.104492
v 0.006836 0.032227 0.104492
v 0.020508 0.106445 0.088867
v 0.00293 0.098633 0.092773
v 0.00293 0.098633 0.092773
v 0.114258 0.186523 0.094727
v 0.114258 0.186523 0.094727
v 0.073242 0.135742 0.09668
v 0.073242 0.135742 0.09668
v 0.084961 0.174805 0.12207
v 0.084961 0.174805 0.12207
v 0.084961 0.174805 0.12207
v 0.09668 0.198242 0.081055
v 0.09668 0.198242 0.081055
v 0.055664 0.151367 0.094727
v 0.055664 0.151367 0.094727
v 0.055664 0.151367 0.094727
v 0.057617 0.161133 0.124023
v 0.057617 0.161133 0.124023
v 0.057617 0.161133 0.124023
v 0.057617 0.161133 0.124023
v 0.057617 0.161133 0.124023
v 0.018555 0.18457 0.110352
v 0.018555 0.18457 0.110352
v 0.018555 0.18457 0.110352
v 0.018555 0.18457 0.110352
v 0.061523 0.133789 0.088867
v 0.061523 0.133789 0.088867
v 0.049805 0.147461 0.086914
v 0.049805 0.147461 0.086914
v 0.049805 0.147461 0.086914
v 0.045898 0.151367 0.092773
v 0.045898 0.151367 0.092773
v 0.045898 0.151367 0.092773
v 0.000977 0.125977 0.088867
v 0.000977 0.125977 0.088867
v 0.006836 0.135742 0.09082
v 0.006836 0.135742 0.09082
v 0.006836 0.135742 0.09082
v 0.006836 0.135742 0.09082
v 0.055664 0.192383 0.112305
v 0.024414 0.19043 0.112305
v 0.024414 0.19043 0.112305
v 0.018555 0.204102 0.102539
v 0.05957 0.211914 0.084961
v 0.05957 0.211914 0.084961
v 0.061523 0.211914 0.077148
v 0.061523 0.211914 0.077148
v 0.016602 0.22168 0.077148
v 0.016602 0.22168 0.077148
v 0.022461 0.223633 0.069336
v 0.022461 0.223633 0.069336
v 0.006836 0.223633 0.069336
v 0.120117 0.208008 0.041992
v 0.120117 0.208008 0.041992
v 0.120117 0.208008 0.041992
v 0.09082 0.223633 0.038086
v 0.09082 0.223633 0.038086
v 0.061523 0.223633 0.047852
v 0.061523 0.223633 0.047852
v 0.053711 0.229492 0.041992
v 0.053711 0.229492 0.041992
v 0.016602 0.227539 0.049805
v 0.016602 0.227539 0.049805
v 0.022461 0.231445 0.041992
v 0.022461 0.231445 0.041992
v 0.022461 0.231445 0.041992
v 0.022461 0.231445 0.041992
v 0.166992 0.250977 0.129883
v 0.166992 0.250977 0.129883
v 0.166992 0.250977 0.129883
v 0.166992 0.250977 0.129883
v 0.209961 0.262695 0.094727
v 0.209961 0.262695 0.094727
v 0.219727 0.258789 0.083008
v 0.219727 0.258789 0.083008
v 0.219727 0.258789 0.083008
v 0.219727 0.258789 0.083008
v 0.21582 0.260742 0.09082
v 0.21582 0.260742 0.09082
v 0.21582 0.260742 0.09082
v 0.209961 0.25293 0.092773
v 0.209961 0.25293 0.092773
v 0.209961 0.25293 0.092773
v 0.209961 0.25293 0.092773
v 0.206055 0.25293 0.092773
v 0.206055 0.25293 0.092773
v 0.206055 0.25293 0.092773
v 0.202148 0.264648 0.092773
v 0.202148 0.264648 0.092773
v 0.202148 0.264648 0.092773
v 0.198242 0.266602 0.084961
v 0.198242 0.266602 0.084961
v 0.213867 0.262695 0.075195
v 0.213867 0.262695 0.075195
v 0.213867 0.262695 0.075195
v 0.204102 0.266602 0.075195
v 0.204102 0.266602 0.075195
v 0.204102 0.266602 0.075195
v 0.204102 0.266602 0.075195
v 0.176758 0.25293 0.112305
v 0.176758 0.25293 0.112305
v 0.176758 0.25293 0.112305
v 0.176758 0.25293 0.112305
v 0.176758 0.25293 0.112305
v 0.168945 0.250977 0.114258
v 0.168945 0.250977 0.114258
v 0.168945 0.250977 0.114258
v 0.168945 0.250977 0.114258
v 0.168945 0.250977 0.114258
v 0.170898 0.256836 0.110352
v 0.170898 0.256836 0.110352
v 0.170898 0.256836 0.110352
v 0.178711 0.250977 0.102539
v 0.178711 0.250977 0.102539
v 0.178711 0.250977 0.102539
v 0.178711 0.250977 0.102539
v 0.178711 0.250977 0.102539
v 0.178711 0.250977 0.102539
v 0.178711 0.250977 0.102539
v 0.178711 0.250977 0.102539
v 0.178711 0.254883 0.104492
v 0.178711 0.254883 0.104492
v 0.178711 0.254883 0.104492
v 0.178711 0.254883 0.104492
v 0.172852 0.25293 0.100586
v 0.172852 0.25293 0.100586
v 0.172852 0.25293 0.100586
v 0.163086 0.250977 0.108398
v 0.163086 0.250977 0.108398
v 0.163086 0.250977 0.108398
v 0.163086 0.250977 0.108398
v 0.163086 0.250977 0.108398
v 0.163086 0.254883 0.108398
v 0.163086 0.254883 0.108398
v 0.163086 0.254883 0.108398
v 0.163086 0.254883 0.108398
v 0.163086 0.254883 0.108398
v 0.165039 0.25293 0.098633
v 0.165039 0.25293 0.098633
v 0.165039 0.25293 0.098633
v 0.165039 0.256836 0.100586
v 0.165039 0.256836 0.100586
v 0.165039 0.256836 0.100586
v 0.165039 0.256836 0.100586
v 0.165039 0.256836 0.100586
v 0.200195 0.256836 0.03418
v 0.200195 0.256836 0.03418
v 0.200195 0.256836 0.03418
v 0.206055 0.262695 0.024414
v 0.206055 0.262695 0.024414
v 0.19043 0.272461 0.026367
v 0.19043 0.272461 0.026367
v 0.19043 0.272461 0.026367
v 0.19043 0.272461 0.026367
v 0.19043 0.272461 0.026367
v 0.209961 0.25293 0.010742
v 0.209961 0.25293 0.010742
v 0.209961 0.25293 0.010742
v 0.18457 0.264648 0.03418
v 0.18457 0.264648 0.03418
v 0.18457 0.264648 0.03418
v 0.18457 0.264648 0.03418
v 0.186523 0.270508 0.030273
v 0.186523 0.270508 0.030273
v -0.000977 -0.045898 0.125977
v -0.000977 -0.045898 0.125977
v -0.000977 -0.045898 0.125977
v -0.000977 -0.045898 0.125977
v -0.09082 -0.116211 0.137695
v -0.09082 -0.116211 0.137695
v -0.09082 -0.116211 0.137695
v -0.09082 -0.116211 0.137695
v -0.063477 -0.06543 0.125977
v -0.063477 -0.06543 0.125977
v -0.094727 -0.120117 0.137695
v -0.094727 -0.120117 0.137695
v -0.094727 -0.120117 0.137695
v -0.100586 -0.120117 0.137695
v -0.100586 -0.120117 0.137695
v -0.100586 -0.120117 0.137695
v -0.09668 -0.110352 0.137695
v -0.09668 -0.110352 0.137695
v -0.09668 -0.110352 0.137695
v -0.09668 -0.110352 0.137695
v -0.102539 -0.114258 0.137695
v -0.102539 -0.114258 0.137695
v -0.102539 -0.114258 0.137695
v -0.12793 -0.09082 0.163086
v -0.12793 -0.09082 0.163086
v -0.12793 -0.09082 0.163086
v -0.125977 -0.092773 0.15918
v -0.125977 -0.092773 0.15918
v -0.125977 -0.092773 0.15918
v -0.147461 -0.081055 0.161133
v -0.147461 -0.081055 0.161133
v -0.147461 -0.081055 0.161133
v -0.149414 -0.084961 0.161133
v -0.149414 -0.084961 0.161133
v -0.149414 -0.084961 0.161133
v -0.157227 -0.086914 0.161133
v -0.157227 -0.086914 0.161133
v -0.157227 -0.086914 0.161133
v -0.157227 -0.084961 0.161133
v -0.157227 -0.084961 0.161133
v -0.157227 -0.084961 0.161133
v -0.137695 -0.088867 0.139648
v -0.137695 -0.088867 0.139648
v -0.137695 -0.088867 0.139648
v -0.147461 -0.092773 0.125977
v -0.147461 -0.092773 0.125977
v -0.147461 -0.092773 0.125977
v -0.147461 -0.092773 0.125977
v -0.147461 -0.092773 0.125977
v -0.141602 -0.081055 0.131836
v -0.141602 -0.081055 0.131836
v -0.141602 -0.081055 0.131836
v -0.145508 -0.084961 0.125977
v -0.145508 -0.084961 0.125977
v -0.006836 -0.135742 0.102539
v -0.006836 -0.135742 0.102539
v -0.006836 -0.135742 0.102539
v -0.036133 -0.161133 0.086914
v -0.036133 -0.161133 0.086914
v -0.036133 -0.161133 0.086914
v -0.03418 -0.137695 0.088867
v -0.03418 -0.137695 0.088867
v -0.03418 -0.137695 0.088867
v -0.03418 -0.137695 0.088867
v -0.055664 -0.143555 0.088867
v -0.055664 -0.143555 0.088867
v -0.055664 -0.143555 0.088867
v -0.055664 -0.143555 0.088867
v -0.055664 -0.143555 0.088867
v -0.055664 -0.143555 0.088867
v -0.051758 -0.133789 0.09082
v -0.051758 -0.133789 0.09082
v -0.051758 -0.133789 0.09082
v -0.043945 -0.155273 0.067383
v -0.043945 -0.155273 0.067383
v -0.043945 -0.155273 0.067383
v -0.043945 -0.155273 0.067383
v -0.053711 -0.145508 0.071289
v -0.053711 -0.145508 0.071289
v -0.053711 -0.145508 0.071289
v -0.053711 -0.145508 0.071289
v -0.053711 -0.145508 0.071289
v -0.063477 -0.141602 0.098633
v -0.063477 -0.141602 0.098633
v -0.063477 -0.141602 0.098633
v -0.063477 -0.141602 0.098633
v -0.092773 -0.133789 0.100586
v -0.092773 -0.133789 0.100586
v -0.092773 -0.133789 0.100586
v -0.09082 -0.139648 0.09668
v -0.09082 -0.139648 0.09668
v -0.09082 -0.139648 0.09668
v -0.09082 -0.139648 0.09668
v -0.094727 -0.125977 0.118164
v -0.094727 -0.125977 0.118164
v -0.094727 -0.125977 0.118164
v -0.09668 -0.137695 0.108398
v -0.09668 -0.137695 0.108398
v -0.09668 -0.137695 0.108398
v -0.09668 -0.137695 0.108398
v -0.094727 -0.137695 0.102539
v -0.094727 -0.137695 0.102539
v -0.094727 -0.137695 0.102539
v -0.094727 -0.137695 0.102539
v -0.008789 -0.188477 0.05957
v -0.008789 -0.188477 0.05957
v -0.008789 -0.188477 0.05957
v -0.022461 -0.180664 0.038086
v -0.022461 -0.180664 0.038086
v -0.022461 -0.180664 0.038086
v -0.022461 -0.180664 0.038086
v -0.008789 -0.094727 0.120117
v -0.008789 -0.094727 0.120117
v -0.012695 -0.06543 0.104492
v -0.012695 -0.06543 0.104492
v -0.012695 -0.06543 0.104492
v -0.057617 -0.069336 0.120117
v -0.051758 -0.086914 0.098633
v -0.051758 -0.086914 0.098633
v -0.012695 -0.124023 0.09082
v -0.012695 -0.124023 0.09082
v -0.012695 -0.124023 0.09082
v -0.012695 -0.124023 0.09082
v -0.026367 -0.106445 0.09082
v -0.026367 -0.106445 0.09082
v -0.024414 -0.081055 0.092773
v -0.024414 -0.081055 0.092773
v -0.024414 -0.081055 0.092773
v -0.016602 -0.040039 0.09668
v -0.016602 -0.040039 0.09668
v -0.016602 -0.040039 0.09668
v -0.014648 -0.016602 0.124023
v -0.014648 -0.016602 0.124023
v -0.014648 -0.016602 0.124023
v -0.02832 -0.022461 0.098633
v -0.02832 -0.022461 0.098633
v -0.02832 -0.022461 0.098633
v -0.051758 -0.051758 0.108398
v -0.051758 -0.051758 0.108398
v -0.051758 -0.051758 0.108398
v -0.051758 -0.051758 0.108398
v -0.055664 -0.012695 0.118164
v -0.055664 -0.012695 0.118164
v -0.061523 -0.00293 0.12207
v -0.061523 -0.00293 0.12207
v -0.051758 -0.00293 0.116211
v -0.051758 -0.00293 0.116211
v -0.051758 -0.00293 0.116211
v -0.045898 -0.008789 0.09668
v -0.045898 -0.008789 0.09668
v -0.045898 -0.008789 0.09668
v -0.045898 -0.008789 0.09668
v -0.047852 -0.020508 0.098633
v -0.047852 -0.020508 0.098633
v -0.088867 -0.12207 0.118164
v -0.088867 -0.12207 0.118164
v -0.088867 -0.12207 0.118164
v -0.088867 -0.12207 0.118164
v -0.088867 -0.120117 0.110352
v -0.088867 -0.120117 0.110352
v -0.088867 -0.120117 0.110352
v -0.092773 -0.110352 0.116211
v -0.092773 -0.110352 0.116211
v -0.092773 -0.110352 0.116211
v -0.092773 -0.110352 0.116211
v -0.092773 -0.110352 0.116211
v -0.09082 -0.116211 0.102539
v -0.09082 -0.116211 0.102539
v -0.09082 -0.116211 0.102539
v -0.09082 -0.116211 0.102539
v -0.092773 -0.071289 0.124023
v -0.092773 -0.071289 0.124023
v -0.102539 -0.114258 0.120117
v -0.102539 -0.114258 0.120117
v -0.102539 -0.114258 0.120117
v -0.102539 -0.114258 0.120117
v -0.102539 -0.114258 0.120117
v -0.094727 -0.120117 0.102539
v -0.094727 -0.120117 0.102539
v -0.094727 -0.120117 0.102539
v -0.094727 -0.110352 0.102539
v -0.094727 -0.110352 0.102539
v -0.094727 -0.110352 0.102539
v -0.094727 -0.110352 0.102539
v -0.102539 -0.120117 0.102539
v -0.102539 -0.120117 0.102539
v -0.102539 -0.120117 0.102539
v -0.102539 -0.120117 0.102539
v -0.102539 -0.120117 0.102539
v -0.102539 -0.112305 0.106445
v -0.102539 -0.112305 0.106445
v -0.102539 -0.112305 0.106445
v -0.098633 -0.083008 0.114258
v -0.098633 -0.083008 0.114258
v -0.098633 -0.083008 0.114258
v -0.106445 -0.083008 0.110352
v -0.106445 -0.083008 0.110352
v -0.106445 -0.083008 0.110352
v -0.106445 -0.083008 0.110352
v -0.106445 -0.083008 0.110352
v -0.106445 -0.083008 0.110352
v -0.094727 -0.075195 0.118164
v -0.094727 -0.075195 0.118164
v -0.094727 -0.075195 0.118164
v -0.094727 -0.075195 0.118164
v -0.102539 -0.077148 0.118164
v -0.102539 -0.077148 0.118164
v -0.102539 -0.077148 0.118164
v -0.102539 -0.077148 0.118164
v -0.102539 -0.071289 0.118164
v -0.102539 -0.071289 0.118164
v -0.098633 -0.067383 0.114258
v -0.098633 -0.067383 0.114258
v -0.098633 -0.067383 0.114258
v -0.108398 -0.077148 0.116211
v -0.108398 -0.077148 0.116211
v -0.108398 -0.077148 0.116211
v -0.108398 -0.077148 0.116211
v -0.106445 -0.06543 0.112305
v -0.106445 -0.06543 0.112305
v -0.106445 -0.06543 0.112305
v -0.106445 -0.06543 0.112305
v -0.110352 -0.071289 0.116211
v -0.110352 -0.071289 0.116211
v -0.110352 -0.071289 0.116211
v -0.110352 -0.071289 0.116211
v -0.112305 -0.084961 0.098633
v -0.112305 -0.084961 0.098633
v -0.112305 -0.084961 0.098633
v -0.112305 -0.084961 0.098633
v -0.112305 -0.084961 0.098633
v -0.112305 -0.075195 0.108398
v -0.112305 -0.075195 0.108398
v -0.112305 -0.075195 0.108398
v -0.112305 -0.075195 0.108398
v -0.114258 -0.063477 0.108398
v -0.114258 -0.063477 0.108398
v -0.114258 -0.063477 0.108398
v -0.114258 -0.063477 0.108398
v -0.114258 -0.108398 0.09082
v -0.114258 -0.108398 0.09082
v -0.114258 -0.108398 0.09082
v -0.114258 -0.108398 0.09082
v -0.112305 -0.098633 0.083008
v -0.112305 -0.098633 0.083008
v -0.112305 -0.084961 0.077148
v -0.112305 -0.084961 0.077148
v -0.112305 -0.084961 0.077148
v -0.106445 -0.061523 0.112305
v -0.106445 -0.061523 0.112305
v -0.106445 -0.061523 0.112305
v -0.106445 -0.049805 0.114258
v -0.106445 -0.049805 0.114258
v -0.106445 -0.049805 0.114258
v -0.112305 -0.055664 0.116211
v -0.112305 -0.055664 0.116211
v -0.116211 -0.05957 0.114258
v -0.116211 -0.05957 0.114258
v -0.116211 -0.05957 0.114258
v -0.116211 -0.05957 0.114258
v -0.114258 -0.051758 0.116211
v -0.114258 -0.051758 0.116211
v -0.114258 -0.051758 0.116211
v -0.118164 -0.053711 0.114258
v -0.118164 -0.053711 0.114258
v -0.118164 -0.053711 0.114258
v -0.116211 -0.047852 0.108398
v -0.116211 -0.047852 0.108398
v -0.116211 -0.047852 0.108398
v -0.116211 -0.047852 0.108398
v -0.12207 -0.057617 0.106445
v -0.12207 -0.057617 0.106445
v -0.12207 -0.057617 0.106445
v -0.12207 -0.057617 0.106445
v -0.112305 -0.036133 0.102539
v -0.112305 -0.036133 0.102539
v -0.112305 -0.036133 0.102539
v -0.112305 -0.036133 0.102539
v -0.112305 -0.036133 0.102539
v -0.102539 -0.010742 0.120117
v -0.102539 -0.010742 0.120117
v -0.112305 -0.008789 0.110352
v -0.112305 -0.008789 0.110352
v -0.112305 -0.008789 0.110352
v -0.112305 -0.038086 0.073242
v -0.112305 -0.038086 0.073242
v -0.112305 -0.038086 0.073242
v -0.112305 -0.038086 0.073242
v -0.112305 -0.038086 0.073242
v -0.112305 -0.038086 0.073242
v -0.112305 -0.018555 0.088867
v -0.112305 -0.018555 0.088867
v -0.112305 -0.018555 0.088867
v -0.112305 -0.018555 0.088867
v -0.112305 -0.018555 0.088867
v -0.112305 -0.018555 0.088867
v -0.112305 -0.018555 0.088867
v -0.114258 -0.018555 0.079102
v -0.114258 -0.018555 0.079102
v -0.114258 -0.018555 0.079102
v -0.114258 -0.018555 0.079102
v -0.114258 -0.018555 0.079102
v -0.114258 -0.018555 0.079102
v -0.149414 -0.125977 0.071289
v -0.149414 -0.125977 0.071289
v -0.149414 -0.125977 0.071289
v -0.15918 -0.165039 0.032227
v -0.15918 -0.165039 0.032227
v -0.172852 -0.145508 0.053711
v -0.172852 -0.145508 0.053711
v -0.172852 -0.145508 0.053711
v -0.172852 -0.145508 0.053711
v -0.172852 -0.145508 0.053711
v -0.172852 -0.145508 0.053711
v -0.172852 -0.145508 0.053711
v -0.172852 -0.145508 0.053711
v -0.172852 -0.145508 0.053711
v -0.172852 -0.135742 0.053711
v -0.172852 -0.135742 0.053711
v -0.21582 -0.192383 0.043945
v -0.21582 -0.192383 0.043945
v -0.21582 -0.192383 0.043945
v -0.235352 -0.198242 0.055664
v -0.235352 -0.198242 0.055664
v -0.235352 -0.198242 0.055664
v -0.249023 -0.19043 0.055664
v -0.249023 -0.19043 0.055664
v -0.249023 -0.19043 0.055664
v -0.217773 -0.213867 0.008789
v -0.237305 -0.227539 0.030273
v -0.237305 -0.227539 0.030273
v -0.24707 -0.243164 0.000977
v -0.24707 -0.243164 0.000977
v -0.24707 -0.243164 0.000977
v -0.213867 -0.157227 0.055664
v -0.213867 -0.157227 0.055664
v -0.198242 -0.147461 0.043945
v -0.198242 -0.147461 0.043945
v -0.227539 -0.139648 0.053711
v -0.227539 -0.139648 0.053711
v -0.245117 -0.143555 0.041992
v -0.245117 -0.143555 0.041992
v -0.245117 -0.143555 0.041992
v -0.202148 -0.182617 0.024414
v -0.202148 -0.186523 0.000977
v -0.188477 -0.15332 0.012695
v -0.15332 -0.09668 0.120117
v -0.15332 -0.09668 0.120117
v -0.15332 -0.09668 0.120117
v -0.141602 -0.110352 0.104492
v -0.141602 -0.110352 0.104492
v -0.141602 -0.110352 0.104492
v -0.141602 -0.110352 0.104492
v -0.141602 -0.110352 0.104492
v -0.141602 -0.104492 0.108398
v -0.141602 -0.104492 0.108398
v -0.141602 -0.104492 0.108398
v -0.141602 -0.104492 0.108398
v -0.141602 -0.104492 0.108398
v -0.143555 -0.104492 0.100586
v -0.143555 -0.104492 0.100586
v -0.143555 -0.104492 0.100586
v -0.143555 -0.104492 0.100586
v -0.143555 -0.104492 0.100586
v -0.139648 -0.09082 0.120117
v -0.139648 -0.09082 0.120117
v -0.139648 -0.09082 0.120117
v -0.139648 -0.09082 0.120117
v -0.139648 -0.086914 0.118164
v -0.139648 -0.086914 0.118164
v -0.139648 -0.086914 0.118164
v -0.139648 -0.086914 0.118164
v -0.139648 -0.086914 0.118164
v -0.135742 -0.083008 0.110352
v -0.135742 -0.083008 0.110352
v -0.135742 -0.083008 0.110352
v -0.135742 -0.083008 0.110352
v -0.137695 -0.077148 0.110352
v -0.137695 -0.077148 0.110352
v -0.137695 -0.077148 0.110352
v -0.143555 -0.083008 0.124023
v -0.143555 -0.083008 0.124023
v -0.143555 -0.083008 0.124023
v -0.145508 -0.079102 0.118164
v -0.145508 -0.079102 0.118164
v -0.145508 -0.079102 0.118164
v -0.149414 -0.079102 0.124023
v -0.149414 -0.079102 0.124023
v -0.149414 -0.079102 0.124023
v -0.149414 -0.079102 0.124023
v -0.145508 -0.092773 0.110352
v -0.145508 -0.092773 0.110352
v -0.145508 -0.092773 0.110352
v -0.145508 -0.088867 0.110352
v -0.145508 -0.088867 0.110352
v -0.145508 -0.088867 0.110352
v -0.145508 -0.088867 0.110352
v -0.145508 -0.088867 0.110352
v -0.145508 -0.088867 0.110352
v -0.145508 -0.084961 0.110352
v -0.145508 -0.084961 0.110352
v -0.145508 -0.084961 0.110352
v -0.151367 -0.092773 0.112305
v -0.151367 -0.092773 0.112305
v -0.151367 -0.092773 0.112305
v -0.15332 -0.086914 0.110352
v -0.15332 -0.086914 0.110352
v -0.15332 -0.086914 0.110352
v -0.155273 -0.083008 0.116211
v -0.155273 -0.083008 0.116211
v -0.155273 -0.083008 0.116211
v -0.155273 -0.083008 0.116211
v -0.155273 -0.083008 0.116211
v -0.155273 -0.083008 0.116211
v -0.155273 -0.083008 0.116211
v -0.155273 -0.083008 0.116211
v -0.149414 -0.084961 0.110352
v -0.149414 -0.084961 0.110352
v -0.149414 -0.084961 0.110352
v -0.137695 -0.081055 0.108398
v -0.137695 -0.081055 0.108398
v -0.137695 -0.081055 0.108398
v -0.137695 -0.081055 0.108398
v -0.12793 -0.077148 0.102539
v -0.12793 -0.077148 0.102539
v -0.12793 -0.077148 0.102539
v -0.151367 -0.09082 0.106445
v -0.151367 -0.09082 0.106445
v -0.151367 -0.09082 0.106445
v -0.151367 -0.09082 0.106445
v -0.151367 -0.09082 0.106445
v -0.157227 -0.094727 0.124023
v -0.157227 -0.094727 0.124023
v -0.157227 -0.094727 0.124023
v -0.157227 -0.094727 0.124023
v -0.161133 -0.100586 0.114258
v -0.161133 -0.100586 0.114258
v -0.161133 -0.100586 0.114258
v -0.161133 -0.100586 0.114258
v -0.165039 -0.09668 0.116211
v -0.165039 -0.09668 0.116211
v -0.165039 -0.09668 0.116211
v -0.165039 -0.09668 0.110352
v -0.165039 -0.09668 0.110352
v -0.165039 -0.09668 0.110352
v -0.165039 -0.09668 0.110352
v -0.165039 -0.09668 0.110352
v -0.157227 -0.098633 0.108398
v -0.157227 -0.098633 0.108398
v -0.157227 -0.098633 0.108398
v -0.15918 -0.086914 0.120117
v -0.15918 -0.086914 0.120117
v -0.15918 -0.086914 0.120117
v -0.15918 -0.086914 0.120117
v -0.15918 -0.086914 0.120117
v -0.15918 -0.086914 0.120117
v -0.182617 -0.069336 0.102539
v -0.182617 -0.069336 0.102539
v -0.182617 -0.069336 0.102539
v -0.151367 -0.09668 0.088867
v -0.151367 -0.09668 0.088867
v -0.149414 -0.116211 0.067383
v -0.149414 -0.116211 0.067383
v -0.149414 -0.116211 0.067383
v -0.125977 -0.086914 0.083008
v -0.125977 -0.086914 0.083008
v -0.125977 -0.086914 0.083008
v -0.125977 -0.086914 0.083008
v -0.125977 -0.086914 0.083008
v -0.12793 -0.049805 0.102539
v -0.12793 -0.049805 0.102539
v -0.129883 -0.040039 0.094727
v -0.129883 -0.040039 0.094727
v -0.129883 -0.040039 0.094727
v -0.172852 -0.055664 0.102539
v -0.172852 -0.055664 0.102539
v -0.172852 -0.055664 0.102539
v -0.18457 -0.030273 0.104492
v -0.18457 -0.030273 0.104492
v -0.18457 -0.030273 0.104492
v -0.18457 -0.014648 0.100586
v -0.18457 -0.014648 0.100586
v -0.129883 -0.040039 0.081055
v -0.129883 -0.040039 0.081055
v -0.129883 -0.040039 0.081055
v -0.12793 -0.020508 0.088867
v -0.12793 -0.020508 0.088867
v -0.12793 -0.020508 0.088867
v -0.133789 -0.020508 0.081055
v -0.133789 -0.020508 0.081055
v -0.133789 -0.020508 0.081055
v -0.133789 -0.020508 0.081055
v -0.133789 -0.00293 0.086914
v -0.133789 -0.00293 0.086914
v -0.133789 -0.00293 0.086914
v -0.135742 -0.000977 0.079102
v -0.135742 -0.000977 0.079102
v -0.135742 -0.000977 0.079102
v -0.135742 -0.000977 0.079102
v -0.135742 -0.000977 0.079102
v -0.143555 -0.000977 0.084961
v -0.143555 -0.000977 0.084961
v -0.143555 -0.000977 0.084961
v -0.143555 -0.000977 0.084961
v -0.143555 -0.000977 0.084961
v -0.18457 -0.055664 0.086914
v -0.18457 -0.055664 0.086914
v -0.18457 -0.055664 0.086914
v -0.18457 -0.055664 0.086914
v -0.186523 -0.006836 0.092773
v -0.186523 -0.006836 0.092773
v -0.229492 -0.112305 0.100586
v -0.229492 -0.112305 0.100586
v -0.231445 -0.081055 0.102539
v -0.231445 -0.081055 0.102539
v -0.231445 -0.081055 0.102539
v -0.249023 -0.067383 0.104492
v -0.249023 -0.067383 0.104492
v -0.192383 -0.06543 0.086914
v -0.192383 -0.06543 0.086914
v -0.219727 -0.116211 0.086914
v -0.219727 -0.116211 0.086914
v -0.219727 -0.116211 0.086914
v -0.22168 -0.071289 0.086914
v -0.22168 -0.071289 0.086914
v -0.233398 -0.067383 0.086914
v -0.233398 -0.067383 0.086914
v -0.233398 -0.067383 0.086914
v -0.209961 -0.026367 0.104492
v -0.209961 -0.026367 0.104492
v -0.243164 -0.043945 0.104492
v -0.243164 -0.043945 0.104492
v -0.243164 -0.043945 0.104492
v -0.223633 -0.010742 0.100586
v -0.223633 -0.010742 0.100586
v -0.192383 -0.038086 0.086914
v -0.192383 -0.038086 0.086914
v -0.192383 -0.038086 0.086914
v -0.211914 -0.036133 0.086914
v -0.211914 -0.036133 0.086914
v -0.188477 -0.014648 0.084961
v -0.188477 -0.014648 0.084961
v -0.188477 -0.014648 0.084961
v -0.192383 -0.008789 0.084961
v -0.192383 -0.008789 0.084961
v -0.192383 -0.008789 0.084961
v -0.192383 -0.008789 0.084961
v -0.21582 -0.000977 0.092773
v -0.21582 -0.000977 0.092773
v -0.21582 -0.000977 0.092773
v -0.188477 -0.016602 0.075195
v -0.188477 -0.016602 0.075195
v -0.188477 -0.016602 0.075195
v -0.188477 -0.016602 0.075195
v -0.192383 -0.012695 0.077148
v -0.192383 -0.012695 0.077148
v -0.192383 -0.012695 0.077148
v -0.192383 -0.012695 0.077148
v -0.192383 -0.012695 0.077148
v -0.200195 -0.010742 0.06543
v -0.200195 -0.010742 0.06543
v -0.200195 -0.010742 0.06543
v -0.211914 -0.004883 0.06543
v -0.211914 -0.004883 0.06543
v -0.235352 -0.049805 0.086914
v -0.235352 -0.049805 0.086914
v -0.235352 -0.049805 0.086914
v -0.231445 -0.006836 0.084961
v -0.231445 -0.006836 0.084961
v -0.231445 -0.006836 0.084961
v -0.231445 -0.006836 0.084961
v -0.231445 -0.006836 0.084961
v -0.231445 -0.006836 0.084961
v -0.231445 -0.006836 0.084961
v -0.231445 -0.006836 0.084961
v -0.243164 -0.018555 0.084961
v -0.243164 -0.018555 0.084961
v -0.243164 -0.018555 0.084961
v -0.243164 -0.018555 0.084961
v -0.235352 -0.004883 0.081055
v -0.235352 -0.004883 0.081055
v -0.235352 -0.004883 0.081055
v -0.231445 -0.014648 0.067383
v -0.231445 -0.014648 0.067383
v -0.231445 -0.014648 0.067383
v -0.239258 -0.018555 0.075195
v -0.239258 -0.018555 0.075195
v -0.239258 -0.018555 0.075195
v -0.239258 -0.018555 0.075195
v -0.239258 -0.018555 0.075195
v -0.237305 -0.010742 0.077148
v -0.237305 -0.010742 0.077148
v -0.237305 -0.010742 0.077148
v -0.239258 -0.010742 0.077148
v -0.239258 -0.010742 0.077148
v -0.239258 -0.010742 0.077148
v -0.239258 -0.010742 0.077148
v -0.239258 -0.010742 0.077148
v -0.186523 -0.118164 0.030273
v -0.186523 -0.118164 0.030273
v -0.182617 -0.116211 0.006836
v -0.182617 -0.116211 0.006836
v -0.18457 -0.086914 0.012695
v -0.18457 -0.086914 0.012695
v -0.18457 -0.086914 0.012695
v -0.196289 -0.108398 0.047852
v -0.208008 -0.112305 0.057617
v -0.208008 -0.112305 0.057617
v -0.204102 -0.071289 0.051758
v -0.204102 -0.071289 0.051758
v -0.192383 -0.079102 0.038086
v -0.241211 -0.106445 0.041992
v -0.241211 -0.106445 0.041992
v -0.241211 -0.106445 0.041992
v -0.241211 -0.106445 0.041992
v -0.245117 -0.104492 0.041992
v -0.225586 -0.088867 0.055664
v -0.225586 -0.088867 0.055664
v -0.249023 -0.09082 0.043945
v -0.243164 -0.084961 0.041992
v -0.243164 -0.084961 0.041992
v -0.243164 -0.084961 0.041992
v -0.208008 -0.038086 0.043945
v -0.192383 -0.010742 0.05957
v -0.192383 -0.010742 0.05957
v -0.192383 -0.010742 0.05957
v -0.192383 -0.010742 0.05957
v -0.211914 -0.012695 0.061523
v -0.211914 -0.012695 0.061523
v -0.211914 -0.012695 0.061523
v -0.211914 -0.012695 0.061523
v -0.211914 -0.012695 0.061523
v -0.211914 -0.012695 0.061523
v -0.204102 -0.006836 0.053711
v -0.204102 -0.006836 0.053711
v -0.204102 -0.006836 0.053711
v -0.204102 -0.006836 0.053711
v -0.204102 -0.006836 0.053711
v -0.219727 -0.047852 0.057617
v -0.219727 -0.047852 0.057617
v -0.237305 -0.053711 0.055664
v -0.237305 -0.053711 0.055664
v -0.225586 -0.014648 0.047852
v -0.22168 -0.006836 0.047852
v -0.22168 -0.006836 0.047852
v -0.237305 -0.016602 0.061523
v -0.237305 -0.016602 0.061523
v -0.237305 -0.016602 0.061523
v -0.237305 -0.016602 0.061523
v -0.196289 -0.045898 0.022461
v -0.213867 -0.010742 0.024414
v -0.213867 -0.010742 0.024414
v -0.217773 -0.00293 0.000977
v -0.301758 -0.256836 0.043945
v -0.276367 -0.258789 0.004883
v -0.276367 -0.258789 0.004883
v -0.295898 -0.264648 0.022461
v -0.352539 -0.260742 0.045898
v -0.352539 -0.260742 0.045898
v -0.329102 -0.268555 0.02832
v -0.329102 -0.268555 0.02832
v -0.31543 -0.270508 0.004883
v -0.31543 -0.270508 0.004883
v -0.366211 -0.266602 0.024414
v -0.366211 -0.266602 0.024414
v -0.350586 -0.272461 0.004883
v -0.350586 -0.272461 0.004883
v -0.350586 -0.272461 0.004883
v -0.391602 -0.258789 0.02832
v -0.385742 -0.264648 0.004883
v -0.303711 -0.131836 0.083008
v -0.303711 -0.131836 0.083008
v -0.303711 -0.131836 0.083008
v -0.31543 -0.125977 0.100586
v -0.31543 -0.125977 0.100586
v -0.31543 -0.125977 0.100586
v -0.31543 -0.125977 0.100586
v -0.31543 -0.125977 0.100586
v -0.31543 -0.125977 0.100586
v -0.31543 -0.125977 0.100586
v -0.31543 -0.125977 0.100586
v -0.31543 -0.131836 0.094727
v -0.31543 -0.131836 0.094727
v -0.31543 -0.131836 0.094727
v -0.31543 -0.131836 0.094727
v -0.31543 -0.131836 0.094727
v -0.31543 -0.131836 0.094727
v -0.336914 -0.125977 0.06543
v -0.336914 -0.125977 0.06543
v -0.368164 -0.129883 0.092773
v -0.368164 -0.129883 0.092773
v -0.368164 -0.129883 0.092773
v -0.368164 -0.129883 0.081055
v -0.368164 -0.129883 0.081055
v -0.368164 -0.129883 0.081055
v -0.270508 -0.229492 0.053711
v -0.270508 -0.229492 0.053711
v -0.250977 -0.227539 0.045898
v -0.268555 -0.249023 0.03418
v -0.311523 -0.245117 0.053711
v -0.311523 -0.245117 0.053711
v -0.28418 -0.21582 0.053711
v -0.28418 -0.21582 0.053711
v -0.288086 -0.200195 0.040039
v -0.288086 -0.200195 0.040039
v -0.288086 -0.200195 0.040039
v -0.288086 -0.200195 0.040039
v -0.295898 -0.194336 0.041992
v -0.295898 -0.194336 0.041992
v -0.307617 -0.209961 0.040039
v -0.307617 -0.209961 0.040039
v -0.307617 -0.209961 0.040039
v -0.307617 -0.209961 0.040039
v -0.307617 -0.209961 0.040039
v -0.307617 -0.209961 0.040039
v -0.307617 -0.202148 0.041992
v -0.307617 -0.202148 0.041992
v -0.262695 -0.176758 0.043945
v -0.262695 -0.176758 0.043945
v -0.25293 -0.161133 0.041992
v -0.25293 -0.161133 0.041992
v -0.25293 -0.161133 0.041992
v -0.25293 -0.161133 0.041992
v -0.274414 -0.133789 0.053711
v -0.274414 -0.133789 0.053711
v -0.25293 -0.143555 0.041992
v -0.258789 -0.155273 0.041992
v -0.311523 -0.170898 0.051758
v -0.311523 -0.170898 0.051758
v -0.288086 -0.155273 0.053711
v -0.288086 -0.155273 0.053711
v -0.329102 -0.229492 0.053711
v -0.329102 -0.229492 0.053711
v -0.356445 -0.245117 0.055664
v -0.356445 -0.245117 0.055664
v -0.352539 -0.213867 0.040039
v -0.352539 -0.213867 0.040039
v -0.352539 -0.213867 0.040039
v -0.352539 -0.213867 0.040039
v -0.358398 -0.206055 0.041992
v -0.358398 -0.206055 0.041992
v -0.358398 -0.206055 0.041992
v -0.358398 -0.206055 0.041992
v -0.370117 -0.209961 0.040039
v -0.370117 -0.209961 0.040039
v -0.370117 -0.209961 0.040039
v -0.370117 -0.209961 0.040039
v -0.364258 -0.202148 0.043945
v -0.364258 -0.202148 0.043945
v -0.336914 -0.174805 0.051758
v -0.336914 -0.174805 0.051758
v -0.342773 -0.133789 0.055664
v -0.342773 -0.133789 0.055664
v -0.342773 -0.133789 0.055664
v -0.342773 -0.133789 0.055664
v -0.342773 -0.133789 0.055664
v -0.364258 -0.170898 0.053711
v -0.364258 -0.170898 0.053711
v -0.364258 -0.170898 0.053711
v -0.364258 -0.170898 0.053711
v -0.348633 -0.145508 0.057617
v -0.348633 -0.145508 0.057617
v -0.348633 -0.145508 0.057617
v -0.354492 -0.141602 0.057617
v -0.354492 -0.141602 0.057617
v -0.344727 -0.139648 0.055664
v -0.344727 -0.139648 0.055664
v -0.344727 -0.139648 0.055664
v -0.344727 -0.139648 0.055664
v -0.30957 -0.118164 0.106445
v -0.30957 -0.118164 0.106445
v -0.30957 -0.118164 0.106445
v -0.311523 -0.114258 0.106445
v -0.311523 -0.114258 0.106445
v -0.305664 -0.110352 0.102539
v -0.305664 -0.110352 0.102539
v -0.305664 -0.110352 0.102539
v -0.305664 -0.110352 0.102539
v -0.305664 -0.110352 0.102539
v -0.301758 -0.12207 0.100586
v -0.301758 -0.12207 0.100586
v -0.301758 -0.12207 0.100586
v -0.307617 -0.094727 0.102539
v -0.307617 -0.094727 0.102539
v -0.307617 -0.094727 0.102539
v -0.311523 -0.108398 0.098633
v -0.311523 -0.108398 0.098633
v -0.311523 -0.108398 0.098633
v -0.311523 -0.108398 0.098633
v -0.311523 -0.067383 0.100586
v -0.291992 -0.053711 0.081055
v -0.291992 -0.053711 0.081055
v -0.31543 -0.120117 0.106445
v -0.31543 -0.120117 0.106445
v -0.31543 -0.120117 0.106445
v -0.317383 -0.116211 0.106445
v -0.317383 -0.116211 0.106445
v -0.323242 -0.116211 0.104492
v -0.323242 -0.116211 0.104492
v -0.323242 -0.116211 0.104492
v -0.323242 -0.116211 0.104492
v -0.319336 -0.110352 0.100586
v -0.319336 -0.110352 0.100586
v -0.321289 -0.12207 0.100586
v -0.321289 -0.12207 0.100586
v -0.321289 -0.12207 0.100586
v -0.323242 -0.112305 0.100586
v -0.323242 -0.112305 0.100586
v -0.321289 -0.094727 0.106445
v -0.321289 -0.094727 0.106445
v -0.321289 -0.094727 0.106445
v -0.321289 -0.094727 0.106445
v -0.313477 -0.098633 0.098633
v -0.313477 -0.098633 0.098633
v -0.313477 -0.098633 0.098633
v -0.313477 -0.098633 0.098633
v -0.321289 -0.100586 0.098633
v -0.321289 -0.100586 0.098633
v -0.321289 -0.100586 0.098633
v -0.327148 -0.09668 0.100586
v -0.327148 -0.09668 0.100586
v -0.327148 -0.09668 0.100586
v -0.327148 -0.09668 0.100586
v -0.31543 -0.092773 0.106445
v -0.31543 -0.092773 0.106445
v -0.31543 -0.092773 0.106445
v -0.317383 -0.086914 0.106445
v -0.317383 -0.086914 0.106445
v -0.317383 -0.086914 0.106445
v -0.323242 -0.088867 0.106445
v -0.323242 -0.088867 0.106445
v -0.31543 -0.083008 0.100586
v -0.31543 -0.083008 0.100586
v -0.31543 -0.083008 0.100586
v -0.31543 -0.083008 0.100586
v -0.325195 -0.083008 0.098633
v -0.325195 -0.083008 0.098633
v -0.325195 -0.083008 0.098633
v -0.329102 -0.09082 0.104492
v -0.329102 -0.09082 0.104492
v -0.329102 -0.09082 0.104492
v -0.329102 -0.09082 0.104492
v -0.329102 -0.086914 0.100586
v -0.368164 -0.118164 0.104492
v -0.368164 -0.118164 0.104492
v -0.368164 -0.118164 0.104492
v -0.368164 -0.124023 0.100586
v -0.368164 -0.124023 0.100586
v -0.368164 -0.124023 0.100586
v -0.368164 -0.124023 0.100586
v -0.368164 -0.114258 0.100586
v -0.368164 -0.114258 0.100586
v -0.368164 -0.114258 0.100586
v -0.368164 -0.094727 0.104492
v -0.368164 -0.094727 0.104492
v -0.368164 -0.094727 0.104492
v -0.368164 -0.100586 0.100586
v -0.368164 -0.100586 0.100586
v -0.368164 -0.100586 0.100586
v -0.348633 -0.073242 0.094727
v -0.348633 -0.073242 0.094727
v -0.348633 -0.073242 0.094727
v -0.348633 -0.073242 0.094727
v -0.368164 -0.092773 0.100586
v -0.368164 -0.092773 0.100586
v -0.321289 -0.118164 0.06543
v -0.321289 -0.118164 0.06543
v -0.321289 -0.118164 0.06543
v -0.323242 -0.098633 0.067383
v -0.323242 -0.098633 0.067383
v -0.323242 -0.098633 0.067383
v -0.323242 -0.098633 0.067383
v -0.336914 -0.09082 0.067383
v -0.336914 -0.09082 0.067383
v -0.352539 -0.118164 0.06543
v -0.352539 -0.118164 0.06543
v -0.352539 -0.118164 0.06543
v -0.352539 -0.118164 0.06543
v -0.352539 -0.100586 0.067383
v -0.352539 -0.100586 0.067383
v -0.352539 -0.100586 0.067383
v -0.352539 -0.100586 0.067383
v -0.348633 -0.073242 0.086914
v -0.348633 -0.073242 0.086914
v -0.348633 -0.073242 0.086914
v -0.348633 -0.073242 0.086914
v -0.368164 -0.086914 0.088867
v -0.368164 -0.086914 0.088867
v -0.368164 -0.086914 0.088867
v -0.368164 -0.092773 0.081055
v -0.368164 -0.092773 0.081055
v -0.368164 -0.092773 0.081055
v -0.368164 -0.092773 0.081055
v -0.368164 -0.092773 0.081055
v -0.368164 -0.092773 0.081055
v -0.368164 -0.092773 0.081055
v -0.368164 -0.092773 0.081055
v -0.268555 -0.106445 0.053711
v -0.268555 -0.106445 0.053711
v -0.274414 -0.081055 0.053711
v -0.274414 -0.081055 0.053711
v -0.256836 -0.047852 0.041992
v -0.256836 -0.047852 0.041992
v -0.256836 -0.047852 0.041992
v -0.256836 -0.047852 0.041992
v -0.266602 -0.047852 0.043945
v -0.272461 -0.041992 0.043945
v -0.264648 -0.018555 0.057617
v -0.264648 -0.018555 0.057617
v -0.264648 -0.018555 0.057617
v -0.250977 -0.00293 0.05957
v -0.250977 -0.00293 0.05957
v -0.250977 -0.00293 0.05957
v -0.250977 -0.00293 0.05957
v -0.270508 -0.030273 0.043945
v -0.270508 -0.030273 0.043945
v -0.270508 -0.030273 0.043945
v -0.288086 -0.05957 0.053711
v -0.288086 -0.05957 0.053711
v -0.311523 -0.043945 0.055664
v -0.311523 -0.043945 0.055664
v -0.311523 -0.043945 0.055664
v -0.311523 -0.043945 0.055664
v -0.311523 -0.043945 0.055664
v -0.303711 -0.016602 0.043945
v -0.297852 -0.010742 0.043945
v -0.297852 -0.010742 0.043945
v -0.297852 -0.010742 0.043945
v -0.297852 -0.010742 0.043945
v -0.297852 -0.010742 0.043945
v -0.313477 -0.114258 0.055664
v -0.313477 -0.114258 0.055664
v -0.313477 -0.114258 0.055664
v -0.313477 -0.114258 0.055664
v -0.313477 -0.114258 0.055664
v -0.313477 -0.114258 0.055664
v -0.317383 -0.075195 0.05957
v -0.317383 -0.075195 0.05957
v -0.323242 -0.069336 0.061523
v -0.323242 -0.069336 0.061523
v -0.334961 -0.084961 0.05957
v -0.334961 -0.084961 0.05957
v -0.334961 -0.084961 0.05957
v -0.334961 -0.084961 0.05957
v -0.329102 -0.075195 0.05957
v -0.329102 -0.075195 0.05957
v -0.358398 -0.104492 0.057617
v -0.358398 -0.104492 0.057617
v -0.358398 -0.104492 0.057617
v -0.358398 -0.104492 0.057617
v -0.358398 -0.104492 0.057617
v -0.358398 -0.104492 0.057617
v -0.336914 -0.040039 0.055664
v -0.336914 -0.040039 0.055664
v -0.317383 -0.014648 0.043945
v -0.319336 -0.00293 0.043945
v -0.319336 -0.00293 0.043945
v -0.319336 -0.00293 0.043945
v -0.364258 -0.043945 0.055664
v -0.364258 -0.043945 0.055664
v -0.364258 -0.043945 0.055664
v -0.364258 -0.043945 0.055664
v -0.358398 -0.00293 0.043945
v -0.358398 -0.00293 0.043945
v -0.358398 -0.00293 0.043945
v -0.358398 -0.00293 0.043945
v -0.358398 -0.00293 0.043945
v -0.358398 -0.00293 0.043945
v -0.37207 -0.016602 0.043945
v -0.37207 -0.016602 0.043945
v -0.37207 -0.016602 0.043945
v -0.37207 -0.016602 0.043945
v -0.360352 -0.010742 0.043945
v -0.375977 -0.223633 0.053711
v -0.375977 -0.223633 0.053711
v -0.375977 -0.223633 0.053711
v -0.40332 -0.231445 0.053711
v -0.40332 -0.231445 0.053711
v -0.40332 -0.231445 0.053711
v -0.393555 -0.24707 0.045898
v -0.393555 -0.24707 0.045898
v -0.393555 -0.24707 0.045898
v -0.401367 -0.192383 0.040039
v -0.401367 -0.192383 0.040039
v -0.401367 -0.192383 0.040039
v -0.416992 -0.243164 0.03418
v -0.416992 -0.243164 0.03418
v -0.416992 -0.196289 0.053711
v -0.416992 -0.196289 0.053711
v -0.436523 -0.231445 0.022461
v -0.418945 -0.249023 0.00293
v -0.385742 -0.155273 0.053711
v -0.385742 -0.155273 0.053711
v -0.399414 -0.133789 0.053711
v -0.399414 -0.133789 0.053711
v -0.418945 -0.157227 0.041992
v -0.418945 -0.157227 0.041992
v -0.418945 -0.157227 0.041992
v -0.426758 -0.161133 0.040039
v -0.426758 -0.161133 0.040039
v -0.426758 -0.161133 0.040039
v -0.424805 -0.147461 0.043945
v -0.424805 -0.147461 0.043945
v -0.424805 -0.147461 0.043945
v -0.432617 -0.145508 0.041992
v -0.432617 -0.145508 0.041992
v -0.432617 -0.145508 0.041992
v -0.432617 -0.145508 0.041992
v -0.44043 -0.196289 0.055664
v -0.44043 -0.196289 0.055664
v -0.438477 -0.217773 0.043945
v -0.438477 -0.217773 0.043945
v -0.446289 -0.225586 0.00293
v -0.458008 -0.208008 0.026367
v -0.458008 -0.208008 0.026367
v -0.467773 -0.200195 0.00293
v -0.467773 -0.200195 0.00293
v -0.467773 -0.200195 0.00293
v -0.459961 -0.157227 0.055664
v -0.459961 -0.157227 0.055664
v -0.463867 -0.18457 0.043945
v -0.444336 -0.155273 0.053711
v -0.444336 -0.155273 0.053711
v -0.477539 -0.15918 0.040039
v -0.469727 -0.135742 0.055664
v -0.469727 -0.135742 0.055664
v -0.479492 -0.174805 0.012695
v -0.479492 -0.174805 0.012695
v -0.487305 -0.141602 0.02832
v -0.487305 -0.141602 0.02832
v -0.446289 -0.012695 0.084961
v -0.446289 -0.012695 0.084961
v -0.446289 -0.012695 0.084961
v -0.446289 -0.012695 0.084961
v -0.442383 -0.016602 0.077148
v -0.442383 -0.016602 0.077148
v -0.442383 -0.016602 0.077148
v -0.442383 -0.016602 0.077148
v -0.405273 -0.108398 0.053711
v -0.405273 -0.108398 0.053711
v -0.405273 -0.108398 0.053711
v -0.399414 -0.081055 0.055664
v -0.399414 -0.081055 0.055664
v -0.399414 -0.081055 0.055664
v -0.436523 -0.106445 0.043945
v -0.436523 -0.106445 0.043945
v -0.426758 -0.083008 0.043945
v -0.43457 -0.079102 0.041992
v -0.43457 -0.079102 0.041992
v -0.43457 -0.079102 0.041992
v -0.422852 -0.069336 0.043945
v -0.430664 -0.067383 0.041992
v -0.430664 -0.067383 0.041992
v -0.430664 -0.067383 0.041992
v -0.430664 -0.067383 0.041992
v -0.385742 -0.05957 0.055664
v -0.385742 -0.05957 0.055664
v -0.389648 -0.00293 0.057617
v -0.389648 -0.00293 0.057617
v -0.424805 -0.03418 0.057617
v -0.424805 -0.03418 0.057617
v -0.452148 -0.120117 0.055664
v -0.452148 -0.120117 0.055664
v -0.448242 -0.077148 0.055664
v -0.448242 -0.077148 0.055664
v -0.448242 -0.077148 0.055664
v -0.46582 -0.071289 0.057617
v -0.46582 -0.071289 0.057617
v -0.481445 -0.116211 0.047852
v -0.479492 -0.06543 0.040039
v -0.479492 -0.06543 0.040039
v -0.485352 -0.06543 0.032227
v -0.485352 -0.06543 0.032227
v -0.485352 -0.06543 0.032227
v -0.485352 -0.06543 0.032227
v -0.489258 -0.100586 0.030273
v -0.489258 -0.100586 0.030273
v -0.493164 -0.120117 0.012695
v -0.493164 -0.120117 0.012695
v -0.493164 -0.120117 0.012695
v -0.495117 -0.067383 0.020508
v -0.495117 -0.067383 0.020508
v -0.495117 -0.067383 0.020508
v -0.495117 -0.067383 0.020508
v -0.493164 -0.088867 0.000977
v -0.493164 -0.088867 0.000977
v -0.44043 -0.020508 0.05957
v -0.44043 -0.020508 0.05957
v -0.44043 -0.020508 0.05957
v -0.461914 -0.018555 0.061523
v -0.461914 -0.018555 0.061523
v -0.461914 -0.018555 0.061523
v -0.461914 -0.02832 0.043945
v -0.461914 -0.02832 0.043945
v -0.461914 -0.02832 0.043945
v -0.458008 -0.008789 0.045898
v -0.458008 -0.008789 0.045898
v -0.458008 -0.008789 0.045898
v -0.458008 -0.008789 0.045898
v -0.473633 -0.03418 0.047852
v -0.473633 -0.03418 0.047852
v -0.473633 -0.03418 0.047852
v -0.473633 -0.03418 0.047852
v -0.489258 -0.051758 0.038086
v -0.489258 -0.051758 0.038086
v -0.489258 -0.051758 0.038086
v -0.489258 -0.051758 0.038086
v -0.469727 -0.020508 0.045898
v -0.469727 -0.020508 0.045898
v -0.469727 -0.020508 0.045898
v -0.479492 -0.018555 0.043945
v -0.479492 -0.018555 0.043945
v -0.479492 -0.018555 0.043945
v -0.479492 -0.018555 0.043945
v -0.483398 -0.014648 0.043945
v -0.483398 -0.014648 0.043945
v -0.483398 -0.014648 0.043945
v -0.483398 -0.014648 0.043945
v -0.483398 -0.014648 0.043945
v -0.483398 -0.014648 0.043945
v -0.483398 -0.014648 0.043945
v -0.495117 -0.02832 0.041992
v -0.495117 -0.02832 0.041992
v -0.495117 -0.02832 0.041992
v -0.499023 -0.026367 0.041992
v -0.499023 -0.026367 0.041992
v -0.499023 -0.026367 0.041992
v -0.46582 -0.018555 0.024414
v -0.458008 -0.00293 0.006836
v -0.483398 -0.051758 0.012695
v -0.473633 -0.026367 0.000977
v -0.008789 0.02832 0.108398
v -0.008789 0.02832 0.108398
v -0.008789 0.02832 0.108398
v -0.008789 0.02832 0.108398
v -0.014648 0.024414 0.106445
v -0.014648 0.024414 0.106445
v -0.014648 0.024414 0.106445
v -0.014648 0.024414 0.106445
v -0.010742 0.026367 0.104492
v -0.010742 0.026367 0.104492
v -0.010742 0.026367 0.104492
v -0.02832 0.000977 0.094727
v -0.02832 0.000977 0.094727
v -0.02832 0.000977 0.094727
v -0.022461 0.053711 0.110352
v -0.022461 0.053711 0.110352
v -0.022461 0.053711 0.110352
v -0.024414 0.049805 0.106445
v -0.024414 0.049805 0.106445
v -0.024414 0.049805 0.106445
v -0.02832 0.049805 0.108398
v -0.02832 0.049805 0.108398
v -0.008789 0.020508 0.09082
v -0.008789 0.020508 0.09082
v -0.008789 0.020508 0.09082
v -0.008789 0.020508 0.09082
v -0.018555 0.018555 0.092773
v -0.018555 0.018555 0.092773
v -0.018555 0.018555 0.092773
v -0.03418 0.069336 0.09668
v -0.03418 0.069336 0.09668
v -0.03418 0.069336 0.09668
v -0.040039 0.06543 0.09668
v -0.040039 0.06543 0.09668
v -0.040039 0.06543 0.09668
v -0.02832 0.110352 0.084961
v -0.02832 0.110352 0.084961
v -0.02832 0.110352 0.084961
v -0.03418 0.06543 0.092773
v -0.03418 0.06543 0.092773
v -0.03418 0.06543 0.092773
v -0.03418 0.06543 0.092773
v -0.03418 0.075195 0.086914
v -0.03418 0.075195 0.086914
v -0.03418 0.075195 0.086914
v -0.03418 0.075195 0.086914
v -0.038086 0.073242 0.079102
v -0.038086 0.073242 0.079102
v -0.038086 0.073242 0.079102
v -0.038086 0.073242 0.079102
v -0.038086 0.073242 0.079102
v -0.038086 0.073242 0.079102
v -0.038086 0.073242 0.079102
v -0.045898 0.063477 0.081055
v -0.045898 0.063477 0.081055
v -0.045898 0.063477 0.081055
v -0.045898 0.063477 0.081055
v -0.047852 0.069336 0.077148
v -0.047852 0.069336 0.077148
v -0.061523 0.086914 0.075195
v -0.061523 0.086914 0.075195
v -0.03418 0.116211 0.079102
v -0.03418 0.116211 0.079102
v -0.03418 0.116211 0.079102
v -0.03418 0.116211 0.079102
v -0.045898 0.102539 0.077148
v -0.045898 0.102539 0.077148
v -0.045898 0.102539 0.077148
v -0.051758 0.100586 0.069336
v -0.051758 0.100586 0.069336
v -0.051758 0.100586 0.069336
v -0.051758 0.100586 0.069336
v -0.051758 0.100586 0.069336
v -0.047852 0.108398 0.067383
v -0.047852 0.108398 0.067383
v -0.047852 0.108398 0.067383
v -0.047852 0.108398 0.067383
v -0.05957 0.09668 0.069336
v -0.05957 0.09668 0.069336
v -0.110352 0.022461 0.106445
v -0.110352 0.022461 0.106445
v -0.110352 0.022461 0.106445
v -0.110352 0.022461 0.106445
v -0.116211 0.016602 0.102539
v -0.116211 0.016602 0.102539
v -0.116211 0.016602 0.102539
v -0.116211 0.016602 0.102539
v -0.116211 0.016602 0.102539
v -0.116211 0.016602 0.102539
v -0.081055 0.043945 0.084961
v -0.081055 0.043945 0.084961
v -0.081055 0.043945 0.084961
v -0.081055 0.043945 0.084961
v -0.081055 0.043945 0.084961
v -0.116211 0.004883 0.09082
v -0.116211 0.004883 0.09082
v -0.116211 0.004883 0.09082
v -0.116211 0.004883 0.09082
v -0.118164 0.014648 0.086914
v -0.118164 0.014648 0.086914
v -0.118164 0.014648 0.086914
v -0.118164 0.014648 0.086914
v -0.116211 0.000977 0.079102
v -0.116211 0.000977 0.079102
v -0.116211 0.000977 0.079102
v -0.116211 0.000977 0.079102
v -0.116211 0.000977 0.079102
v -0.118164 0.022461 0.084961
v -0.118164 0.022461 0.084961
v -0.118164 0.022461 0.084961
v -0.118164 0.022461 0.084961
v -0.118164 0.022461 0.084961
v -0.118164 0.022461 0.084961
v -0.118164 0.006836 0.075195
v -0.118164 0.006836 0.075195
v -0.118164 0.006836 0.075195
v -0.118164 0.006836 0.075195
v -0.112305 0.03418 0.083008
v -0.112305 0.03418 0.083008
v -0.112305 0.03418 0.083008
v -0.112305 0.03418 0.083008
v -0.112305 0.03418 0.083008
v -0.124023 0.032227 0.077148
v -0.124023 0.032227 0.077148
v -0.124023 0.032227 0.077148
v -0.124023 0.032227 0.077148
v -0.124023 0.106445 0.06543
v -0.124023 0.106445 0.06543
v -0.06543 0.12207 0.05957
v -0.06543 0.12207 0.05957
v -0.049805 0.125977 0.067383
v -0.05957 0.180664 0.063477
v -0.05957 0.180664 0.063477
v -0.014648 0.206055 0.092773
v -0.014648 0.206055 0.092773
v -0.022461 0.196289 0.092773
v -0.022461 0.196289 0.092773
v -0.022461 0.196289 0.092773
v -0.022461 0.196289 0.092773
v -0.022461 0.196289 0.092773
v -0.016602 0.211914 0.071289
v -0.016602 0.211914 0.071289
v -0.038086 0.198242 0.079102
v -0.038086 0.198242 0.079102
v -0.038086 0.198242 0.079102
v -0.055664 0.186523 0.045898
v -0.055664 0.186523 0.045898
v -0.012695 0.217773 0.047852
v -0.012695 0.217773 0.047852
v -0.00293 0.225586 0.041992
v -0.00293 0.225586 0.041992
v -0.00293 0.225586 0.041992
v -0.032227 0.209961 0.040039
v -0.032227 0.209961 0.040039
v -0.051758 0.196289 0.040039
v -0.051758 0.196289 0.040039
v -0.069336 0.137695 0.047852
v -0.069336 0.137695 0.047852
v -0.075195 0.141602 0.041992
v -0.075195 0.141602 0.041992
v -0.069336 0.163086 0.055664
v -0.069336 0.163086 0.055664
v -0.075195 0.157227 0.041992
v -0.075195 0.157227 0.041992
v -0.067383 0.176758 0.038086
v -0.077148 0.147461 0.024414
v -0.077148 0.147461 0.024414
v -0.077148 0.147461 0.024414
v -0.077148 0.147461 0.024414
v -0.077148 0.147461 0.024414
v -0.077148 0.157227 0.030273
v -0.077148 0.157227 0.030273
v -0.135742 0.004883 0.088867
v -0.135742 0.004883 0.088867
v -0.135742 0.004883 0.088867
v -0.135742 0.004883 0.088867
v -0.135742 0.004883 0.088867
v -0.135742 0.006836 0.083008
v -0.135742 0.006836 0.083008
v -0.135742 0.006836 0.083008
v -0.135742 0.006836 0.083008
v -0.137695 0.004883 0.081055
v -0.137695 0.004883 0.081055
v -0.137695 0.004883 0.081055
v -0.137695 0.004883 0.081055
v -0.137695 0.004883 0.081055
v -0.137695 0.004883 0.081055
v -0.15332 0.006836 0.081055
v -0.15332 0.006836 0.081055
v -0.15332 0.006836 0.081055
v -0.15332 0.006836 0.081055
v -0.15332 0.006836 0.081055
v -0.15332 0.006836 0.081055
v -0.151367 0.02832 0.079102
v -0.151367 0.02832 0.079102
v -0.151367 0.02832 0.079102
v -0.129883 0.024414 0.067383
v -0.129883 0.024414 0.067383
v -0.129883 0.024414 0.067383
v -0.129883 0.024414 0.067383
v -0.129883 0.024414 0.067383
v -0.149414 0.006836 0.075195
v -0.149414 0.006836 0.075195
v -0.149414 0.006836 0.075195
v -0.149414 0.006836 0.075195
v -0.149414 0.006836 0.075195
v -0.149414 0.006836 0.075195
v -0.149414 0.006836 0.075195
v -0.141602 0.012695 0.069336
v -0.141602 0.012695 0.069336
v -0.141602 0.012695 0.069336
v -0.141602 0.012695 0.069336
v -0.141602 0.016602 0.075195
v -0.141602 0.016602 0.075195
v -0.141602 0.016602 0.075195
v -0.141602 0.016602 0.075195
v -0.15332 0.018555 0.073242
v -0.15332 0.018555 0.073242
v -0.15332 0.022461 0.071289
v -0.15332 0.022461 0.071289
v -0.15332 0.022461 0.071289
v -0.155273 0.020508 0.06543
v -0.155273 0.020508 0.06543
v -0.155273 0.020508 0.06543
v -0.135742 0.03418 0.073242
v -0.135742 0.03418 0.073242
v -0.135742 0.03418 0.073242
v -0.135742 0.03418 0.073242
v -0.129883 0.041992 0.063477
v -0.129883 0.041992 0.063477
v -0.143555 0.040039 0.069336
v -0.143555 0.040039 0.069336
v -0.15918 0.032227 0.067383
v -0.15918 0.032227 0.067383
v -0.15918 0.032227 0.067383
v -0.182617 0.043945 0.067383
v -0.182617 0.043945 0.067383
v -0.182617 0.043945 0.067383
v -0.174805 0.057617 0.071289
v -0.174805 0.057617 0.071289
v -0.174805 0.057617 0.071289
v -0.174805 0.057617 0.071289
v -0.135742 0.100586 0.071289
v -0.135742 0.100586 0.071289
v -0.135742 0.100586 0.071289
v -0.135742 0.100586 0.071289
v -0.135742 0.114258 0.067383
v -0.135742 0.114258 0.067383
v -0.145508 0.106445 0.067383
v -0.145508 0.106445 0.067383
v -0.165039 0.071289 0.067383
v -0.165039 0.071289 0.067383
v -0.178711 0.124023 0.073242
v -0.178711 0.124023 0.073242
v -0.206055 0.05957 0.069336
v -0.206055 0.05957 0.069336
v -0.200195 0.071289 0.069336
v -0.200195 0.071289 0.069336
v -0.188477 0.084961 0.06543
v -0.188477 0.084961 0.06543
v -0.188477 0.12207 0.075195
v -0.188477 0.12207 0.075195
v -0.188477 0.12207 0.075195
v -0.211914 0.09668 0.073242
v -0.211914 0.09668 0.073242
v -0.245117 0.09082 0.067383
v -0.245117 0.09082 0.067383
v -0.241211 0.098633 0.06543
v -0.241211 0.098633 0.06543
v -0.241211 0.098633 0.06543
v -0.133789 0.02832 0.061523
v -0.133789 0.02832 0.061523
v -0.133789 0.02832 0.061523
v -0.133789 0.02832 0.061523
v -0.133789 0.02832 0.061523
v -0.135742 0.022461 0.051758
v -0.135742 0.022461 0.051758
v -0.135742 0.022461 0.051758
v -0.135742 0.022461 0.051758
v -0.145508 0.010742 0.05957
v -0.145508 0.010742 0.05957
v -0.145508 0.010742 0.05957
v -0.143555 0.030273 0.049805
v -0.143555 0.030273 0.049805
v -0.143555 0.030273 0.049805
v -0.143555 0.030273 0.049805
v -0.15332 0.016602 0.053711
v -0.15332 0.016602 0.053711
v -0.15332 0.016602 0.053711
v -0.125977 0.036133 0.061523
v -0.125977 0.036133 0.061523
v -0.125977 0.036133 0.061523
v -0.125977 0.03418 0.055664
v -0.125977 0.03418 0.055664
v -0.125977 0.03418 0.055664
v -0.133789 0.043945 0.061523
v -0.133789 0.043945 0.061523
v -0.133789 0.043945 0.061523
v -0.131836 0.038086 0.051758
v -0.131836 0.038086 0.051758
v -0.131836 0.038086 0.051758
v -0.135742 0.041992 0.053711
v -0.135742 0.041992 0.053711
v -0.135742 0.041992 0.053711
v -0.143555 0.036133 0.05957
v -0.143555 0.036133 0.05957
v -0.143555 0.036133 0.05957
v -0.143555 0.036133 0.05957
v -0.143555 0.036133 0.05957
v -0.149414 0.040039 0.057617
v -0.149414 0.040039 0.057617
v -0.149414 0.040039 0.057617
v -0.149414 0.040039 0.057617
v -0.15918 0.026367 0.055664
v -0.15918 0.026367 0.055664
v -0.15918 0.026367 0.055664
v -0.15918 0.026367 0.055664
v -0.15918 0.026367 0.055664
v -0.186523 0.038086 0.053711
v -0.186523 0.038086 0.053711
v -0.186523 0.038086 0.053711
v -0.182617 0.045898 0.038086
v -0.182617 0.045898 0.038086
v -0.182617 0.045898 0.038086
v -0.172852 0.061523 0.038086
v -0.172852 0.061523 0.038086
v -0.172852 0.061523 0.038086
v -0.168945 0.067383 0.055664
v -0.168945 0.067383 0.055664
v -0.168945 0.067383 0.055664
v -0.198242 0.043945 0.057617
v -0.198242 0.043945 0.057617
v -0.198242 0.043945 0.057617
v -0.198242 0.043945 0.049805
v -0.198242 0.043945 0.049805
v -0.198242 0.043945 0.049805
v -0.198242 0.043945 0.049805
v -0.204102 0.036133 0.057617
v -0.204102 0.036133 0.057617
v -0.204102 0.036133 0.057617
v -0.217773 0.043945 0.057617
v -0.217773 0.043945 0.057617
v -0.217773 0.043945 0.057617
v -0.204102 0.036133 0.049805
v -0.204102 0.036133 0.049805
v -0.204102 0.036133 0.049805
v -0.21582 0.043945 0.049805
v -0.21582 0.043945 0.049805
v -0.21582 0.043945 0.049805
v -0.211914 0.051758 0.057617
v -0.211914 0.051758 0.057617
v -0.211914 0.051758 0.057617
v -0.211914 0.051758 0.049805
v -0.211914 0.051758 0.049805
v -0.211914 0.051758 0.049805
v -0.211914 0.051758 0.049805
v -0.208008 0.057617 0.040039
v -0.208008 0.057617 0.040039
v -0.231445 0.018555 0.057617
v -0.231445 0.018555 0.057617
v -0.239258 0.010742 0.038086
v -0.239258 0.010742 0.038086
v -0.198242 0.000977 0.020508
v -0.198242 0.000977 0.020508
v -0.198242 0.000977 0.020508
v -0.198242 0.000977 0.020508
v -0.198242 0.000977 0.020508
v -0.227539 0.030273 0.014648
v -0.235352 0.014648 0.012695
v -0.194336 0.081055 0.05957
v -0.194336 0.081055 0.05957
v -0.194336 0.081055 0.05957
v -0.202148 0.06543 0.036133
v -0.194336 0.079102 0.041992
v -0.194336 0.079102 0.041992
v -0.194336 0.079102 0.041992
v -0.24707 0.084961 0.036133
v -0.24707 0.084961 0.036133
v -0.24707 0.084961 0.036133
v -0.225586 0.100586 0.051758
v -0.237305 0.104492 0.057617
v -0.237305 0.104492 0.057617
v -0.237305 0.104492 0.057617
v -0.237305 0.104492 0.045898
v -0.237305 0.104492 0.045898
v -0.237305 0.104492 0.045898
v -0.241211 0.098633 0.036133
v -0.241211 0.098633 0.036133
v -0.241211 0.098633 0.036133
v -0.233398 0.133789 0.094727
v -0.233398 0.133789 0.094727
v -0.249023 0.168945 0.098633
v -0.249023 0.168945 0.098633
v -0.249023 0.168945 0.098633
v -0.249023 0.168945 0.098633
v -0.24707 0.176758 0.094727
v -0.24707 0.176758 0.094727
v -0.24707 0.176758 0.094727
v -0.196289 0.131836 0.079102
v -0.196289 0.131836 0.079102
v -0.196289 0.131836 0.079102
v -0.196289 0.131836 0.079102
v -0.213867 0.145508 0.09082
v -0.213867 0.145508 0.09082
v -0.237305 0.125977 0.09082
v -0.237305 0.125977 0.09082
v -0.237305 0.125977 0.09082
v -0.235352 0.172852 0.092773
v -0.235352 0.172852 0.092773
v -0.235352 0.172852 0.092773
v -0.129883 0.135742 0.045898
v -0.129883 0.135742 0.045898
v -0.186523 0.147461 0.053711
v -0.186523 0.147461 0.053711
v -0.186523 0.147461 0.053711
v -0.186523 0.147461 0.053711
v -0.129883 0.143555 0.024414
v -0.129883 0.143555 0.024414
v -0.172852 0.149414 0.022461
v -0.172852 0.149414 0.022461
v -0.198242 0.15332 0.049805
v -0.198242 0.15332 0.049805
v -0.198242 0.15332 0.049805
v -0.211914 0.166992 0.051758
v -0.211914 0.166992 0.051758
v -0.233398 0.19043 0.055664
v -0.233398 0.19043 0.055664
v -0.241211 0.194336 0.057617
v -0.241211 0.194336 0.057617
v -0.241211 0.194336 0.057617
v -0.241211 0.194336 0.057617
v -0.243164 0.208008 0.051758
v -0.243164 0.208008 0.051758
v -0.243164 0.208008 0.051758
v -0.243164 0.208008 0.051758
v -0.233398 0.202148 0.045898
v -0.233398 0.202148 0.045898
v -0.243164 0.213867 0.038086
v -0.243164 0.213867 0.038086
v -0.237305 0.211914 0.010742
v -0.250977 0.083008 0.06543
v -0.250977 0.083008 0.06543
v -0.250977 0.083008 0.06543
v -0.334961 0.014648 0.081055
v -0.334961 0.014648 0.081055
v -0.334961 0.014648 0.081055
v -0.334961 0.016602 0.09082
v -0.334961 0.016602 0.09082
v -0.334961 0.016602 0.09082
v -0.334961 0.016602 0.09082
v -0.334961 0.016602 0.09082
v -0.334961 0.016602 0.09082
v -0.266602 0.024414 0.047852
v -0.266602 0.024414 0.047852
v -0.266602 0.024414 0.047852
v -0.266602 0.024414 0.047852
v -0.280273 0.045898 0.051758
v -0.280273 0.045898 0.051758
v -0.280273 0.045898 0.051758
v -0.27832 0.049805 0.055664
v -0.27832 0.049805 0.055664
v -0.27832 0.049805 0.055664
v -0.295898 0.022461 0.061523
v -0.295898 0.022461 0.061523
v -0.295898 0.022461 0.061523
v -0.301758 0.004883 0.057617
v -0.301758 0.004883 0.057617
v -0.301758 0.004883 0.057617
v -0.295898 0.036133 0.051758
v -0.295898 0.036133 0.051758
v -0.295898 0.036133 0.051758
v -0.286133 0.041992 0.038086
v -0.286133 0.041992 0.038086
v -0.258789 0.032227 0.026367
v -0.270508 0.057617 0.020508
v -0.28418 0.047852 0.012695
v -0.30957 0.057617 0.008789
v -0.25293 0.077148 0.053711
v -0.25293 0.077148 0.053711
v -0.25293 0.079102 0.043945
v -0.25293 0.079102 0.043945
v -0.25293 0.079102 0.043945
v -0.299805 0.067383 0.02832
v -0.299805 0.067383 0.02832
v -0.299805 0.067383 0.02832
v -0.301758 0.073242 0.004883
v -0.301758 0.073242 0.004883
v -0.301758 0.073242 0.004883
v -0.331055 0.036133 0.05957
v -0.331055 0.036133 0.05957
v -0.333008 0.047852 0.047852
v -0.317383 0.055664 0.03418
v -0.317383 0.055664 0.03418
v -0.344727 0.010742 0.057617
v -0.344727 0.010742 0.057617
v -0.356445 0.030273 0.061523
v -0.356445 0.030273 0.061523
v -0.37207 0.041992 0.049805
v -0.338867 0.05957 0.004883
v -0.338867 0.05957 0.004883
v -0.352539 0.057617 0.026367
v -0.352539 0.057617 0.026367
v -0.370117 0.057617 0.00293
v -0.370117 0.057617 0.00293
v -0.370117 0.057617 0.00293
v -0.274414 0.186523 0.083008
v -0.274414 0.186523 0.083008
v -0.295898 0.186523 0.075195
v -0.295898 0.186523 0.075195
v -0.295898 0.186523 0.075195
v -0.274414 0.139648 0.041992
v -0.25293 0.198242 0.055664
v -0.25293 0.198242 0.055664
v -0.25293 0.198242 0.055664
v -0.25293 0.198242 0.055664
v -0.317383 0.176758 0.053711
v -0.317383 0.176758 0.053711
v -0.333008 0.176758 0.022461
v -0.333008 0.176758 0.022461
v -0.333008 0.176758 0.022461
v -0.331055 0.202148 0.047852
v -0.331055 0.202148 0.047852
v -0.34082 0.209961 0.032227
v -0.34082 0.209961 0.032227
v -0.34082 0.209961 0.032227
v -0.34082 0.219727 0.030273
v -0.34082 0.219727 0.030273
v -0.34082 0.219727 0.030273
v -0.34082 0.219727 0.030273
v -0.344727 0.204102 0.030273
v -0.344727 0.204102 0.030273
v -0.344727 0.204102 0.030273
v -0.34668 0.21582 0.030273
v -0.34668 0.21582 0.030273
v -0.34668 0.21582 0.030273
v -0.344727 0.22168 0.014648
v -0.344727 0.22168 0.014648
v -0.43457 0.010742 0.081055
v -0.43457 0.010742 0.081055
v -0.43457 0.010742 0.081055
v -0.430664 0.010742 0.075195
v -0.430664 0.010742 0.075195
v -0.430664 0.010742 0.075195
v -0.430664 0.010742 0.075195
v -0.430664 0.010742 0.075195
v -0.430664 0.010742 0.075195
v -0.40332 0.010742 0.061523
v -0.40332 0.010742 0.061523
v -0.411133 0.024414 0.049805
v -0.379883 0.051758 0.024414
v -0.405273 0.040039 0.030273
v -0.405273 0.040039 0.030273
v -0.399414 0.047852 0.000977
v -0.399414 0.047852 0.000977
v -0.399414 0.047852 0.000977
v -0.424805 0.032227 0.000977
v -0.424805 0.032227 0.000977
v -0.448242 0.012695 0.05957
v -0.448242 0.012695 0.05957
v -0.44043 0.00293 0.043945
v -0.44043 0.00293 0.043945
v -0.438477 0.026367 0.041992
v -0.438477 0.026367 0.041992
v -0.438477 0.026367 0.041992
v -0.452148 0.016602 0.045898
v -0.452148 0.016602 0.045898
v -0.452148 0.016602 0.045898
v -0.452148 0.016602 0.045898
v -0.452148 0.016602 0.045898
v -0.454102 0.024414 0.045898
v -0.454102 0.024414 0.045898
v -0.463867 0.018555 0.043945
v -0.463867 0.018555 0.043945
v -0.463867 0.018555 0.043945
v -0.463867 0.018555 0.043945
v -0.463867 0.018555 0.043945
v -0.442383 0.032227 0.040039
v -0.442383 0.032227 0.040039
v -0.442383 0.032227 0.040039
v -0.47168 0.004883 0.047852
v -0.47168 0.004883 0.047852
v -0.479492 0.022461 0.041992
v -0.479492 0.022461 0.041992
v -0.479492 0.022461 0.041992
v -0.479492 0.022461 0.041992
v -0.438477 0.016602 0.024414
v -0.438477 0.016602 0.024414
v 0.393555 -0.262695 -0.008789
v 0.393555 -0.262695 -0.008789
v 0.393555 -0.256836 -0.022461
v 0.356445 -0.268555 -0.012695
v 0.356445 -0.268555 -0.012695
v 0.356445 -0.268555 -0.012695
v 0.356445 -0.268555 -0.012695
v 0.364258 -0.260742 -0.024414
v 0.336914 -0.258789 -0.026367
v 0.336914 -0.258789 -0.026367
v 0.325195 -0.264648 -0.016602
v 0.325195 -0.264648 -0.016602
v 0.370117 -0.250977 -0.032227
v 0.370117 -0.250977 -0.032227
v 0.307617 -0.262695 -0.006836
v 0.307617 -0.262695 -0.006836
v 0.307617 -0.262695 -0.006836
v 0.307617 -0.262695 -0.006836
v 0.297852 -0.254883 -0.018555
v 0.297852 -0.254883 -0.018555
v 0.479492 -0.194336 -0.00293
v 0.469727 -0.204102 -0.018555
v 0.469727 -0.204102 -0.018555
v 0.459961 -0.22168 -0.004883
v 0.446289 -0.229492 -0.016602
v 0.446289 -0.229492 -0.016602
v 0.452148 -0.208008 -0.030273
v 0.452148 -0.208008 -0.030273
v 0.495117 -0.161133 -0.000977
v 0.489258 -0.166992 -0.016602
v 0.489258 -0.166992 -0.016602
v 0.49707 -0.137695 -0.010742
v 0.49707 -0.137695 -0.010742
v 0.493164 -0.12793 -0.022461
v 0.438477 -0.161133 -0.022461
v 0.438477 -0.161133 -0.022461
v 0.438477 -0.161133 -0.022461
v 0.438477 -0.161133 -0.022461
v 0.477539 -0.166992 -0.032227
v 0.477539 -0.166992 -0.032227
v 0.477539 -0.166992 -0.032227
v 0.477539 -0.166992 -0.032227
v 0.454102 -0.174805 -0.032227
v 0.422852 -0.249023 -0.012695
v 0.422852 -0.249023 -0.012695
v 0.426758 -0.237305 -0.026367
v 0.407227 -0.198242 -0.022461
v 0.407227 -0.198242 -0.022461
v 0.407227 -0.198242 -0.022461
v 0.407227 -0.198242 -0.022461
v 0.415039 -0.235352 -0.032227
v 0.415039 -0.235352 -0.032227
v 0.415039 -0.217773 -0.032227
v 0.499023 -0.102539 -0.008789
v 0.499023 -0.102539 -0.008789
v 0.499023 -0.102539 -0.008789
v 0.491211 -0.088867 -0.024414
v 0.448242 -0.114258 -0.022461
v 0.448242 -0.114258 -0.022461
v 0.448242 -0.114258 -0.022461
v 0.438477 -0.067383 -0.022461
v 0.438477 -0.067383 -0.022461
v 0.438477 -0.067383 -0.022461
v 0.483398 -0.118164 -0.032227
v 0.483398 -0.118164 -0.032227
v 0.469727 -0.120117 -0.032227
v 0.477539 -0.073242 -0.032227
v 0.477539 -0.073242 -0.032227
v 0.459961 -0.06543 -0.032227
v 0.481445 -0.041992 -0.006836
v 0.485352 -0.055664 -0.018555
v 0.46582 -0.016602 -0.010742
v 0.46582 -0.016602 -0.010742
v 0.461914 -0.022461 -0.022461
v 0.459961 -0.036133 -0.032227
v 0.459961 -0.036133 -0.032227
v 0.405273 -0.030273 -0.022461
v 0.405273 -0.030273 -0.022461
v 0.405273 -0.030273 -0.022461
v 0.430664 -0.022461 -0.032227
v 0.430664 -0.004883 -0.032227
v 0.430664 -0.004883 -0.032227
v 0.430664 -0.004883 -0.032227
v 0.364258 -0.21582 -0.022461
v 0.364258 -0.21582 -0.022461
v 0.364258 -0.21582 -0.022461
v 0.364258 -0.21582 -0.022461
v 0.317383 -0.209961 -0.022461
v 0.317383 -0.209961 -0.022461
v 0.362305 -0.237305 -0.032227
v 0.362305 -0.237305 -0.032227
v 0.366211 -0.131836 -0.03418
v 0.366211 -0.131836 -0.03418
v 0.362305 -0.131836 -0.043945
v 0.362305 -0.131836 -0.043945
v 0.34668 -0.137695 -0.03418
v 0.34668 -0.137695 -0.03418
v 0.360352 -0.129883 -0.049805
v 0.360352 -0.129883 -0.049805
v 0.360352 -0.129883 -0.049805
v 0.344727 -0.12793 -0.049805
v 0.344727 -0.12793 -0.049805
v 0.344727 -0.12793 -0.049805
v 0.334961 -0.12793 -0.036133
v 0.334961 -0.12793 -0.036133
v 0.34082 -0.131836 -0.043945
v 0.34082 -0.131836 -0.043945
v 0.34082 -0.131836 -0.043945
v 0.313477 -0.12793 -0.053711
v 0.313477 -0.12793 -0.053711
v 0.313477 -0.12793 -0.053711
v 0.282227 -0.241211 -0.026367
v 0.282227 -0.241211 -0.026367
v 0.282227 -0.241211 -0.026367
v 0.282227 -0.241211 -0.026367
v 0.266602 -0.243164 -0.004883
v 0.264648 -0.235352 -0.018555
v 0.264648 -0.235352 -0.018555
v 0.311523 -0.245117 -0.032227
v 0.311523 -0.245117 -0.032227
v 0.305664 -0.227539 -0.032227
v 0.258789 -0.211914 -0.032227
v 0.258789 -0.211914 -0.032227
v 0.258789 -0.192383 -0.032227
v 0.258789 -0.192383 -0.032227
v 0.27832 -0.182617 -0.022461
v 0.27832 -0.182617 -0.022461
v 0.27832 -0.182617 -0.022461
v 0.256836 -0.139648 -0.022461
v 0.256836 -0.139648 -0.022461
v 0.256836 -0.139648 -0.022461
v 0.256836 -0.139648 -0.022461
v 0.256836 -0.139648 -0.022461
v 0.358398 -0.129883 -0.071289
v 0.358398 -0.129883 -0.071289
v 0.358398 -0.129883 -0.071289
v 0.34668 -0.129883 -0.071289
v 0.34668 -0.129883 -0.071289
v 0.34668 -0.129883 -0.071289
v 0.313477 -0.12793 -0.069336
v 0.313477 -0.12793 -0.069336
v 0.313477 -0.12793 -0.069336
v 0.313477 -0.12793 -0.069336
v 0.370117 -0.112305 -0.03418
v 0.370117 -0.112305 -0.03418
v 0.370117 -0.112305 -0.03418
v 0.366211 -0.116211 -0.043945
v 0.366211 -0.116211 -0.043945
v 0.358398 -0.100586 -0.03418
v 0.358398 -0.100586 -0.03418
v 0.358398 -0.100586 -0.03418
v 0.358398 -0.106445 -0.043945
v 0.358398 -0.106445 -0.043945
v 0.358398 -0.106445 -0.043945
v 0.34668 -0.104492 -0.043945
v 0.364258 -0.118164 -0.049805
v 0.364258 -0.118164 -0.049805
v 0.364258 -0.118164 -0.049805
v 0.360352 -0.094727 -0.057617
v 0.360352 -0.094727 -0.057617
v 0.360352 -0.094727 -0.057617
v 0.354492 -0.108398 -0.049805
v 0.354492 -0.108398 -0.049805
v 0.354492 -0.108398 -0.049805
v 0.354492 -0.108398 -0.049805
v 0.364258 -0.09082 -0.055664
v 0.364258 -0.09082 -0.055664
v 0.364258 -0.09082 -0.055664
v 0.333008 -0.112305 -0.036133
v 0.333008 -0.112305 -0.036133
v 0.333008 -0.112305 -0.036133
v 0.336914 -0.114258 -0.043945
v 0.336914 -0.114258 -0.043945
v 0.342773 -0.102539 -0.036133
v 0.342773 -0.102539 -0.036133
v 0.342773 -0.102539 -0.036133
v 0.342773 -0.114258 -0.049805
v 0.342773 -0.114258 -0.049805
v 0.342773 -0.114258 -0.049805
v 0.336914 -0.106445 -0.053711
v 0.336914 -0.106445 -0.053711
v 0.336914 -0.106445 -0.053711
v 0.333008 -0.108398 -0.05957
v 0.333008 -0.108398 -0.05957
v 0.333008 -0.108398 -0.05957
v 0.333008 -0.108398 -0.05957
v 0.362305 -0.012695 -0.022461
v 0.362305 -0.012695 -0.022461
v 0.362305 -0.012695 -0.022461
v 0.362305 -0.012695 -0.022461
v 0.31543 -0.018555 -0.022461
v 0.31543 -0.018555 -0.022461
v 0.31543 -0.018555 -0.022461
v 0.34082 -0.010742 -0.051758
v 0.34082 -0.010742 -0.051758
v 0.34082 -0.010742 -0.051758
v 0.34082 -0.010742 -0.051758
v 0.327148 -0.014648 -0.055664
v 0.327148 -0.014648 -0.055664
v 0.327148 -0.014648 -0.055664
v 0.327148 -0.014648 -0.055664
v 0.254883 -0.09082 -0.022461
v 0.254883 -0.09082 -0.022461
v 0.254883 -0.09082 -0.022461
v 0.254883 -0.09082 -0.022461
v 0.254883 -0.09082 -0.022461
v 0.311523 -0.079102 -0.053711
v 0.311523 -0.079102 -0.053711
v 0.311523 -0.079102 -0.053711
v 0.311523 -0.079102 -0.053711
v 0.288086 -0.086914 -0.049805
v 0.288086 -0.086914 -0.049805
v 0.290039 -0.077148 -0.049805
v 0.290039 -0.077148 -0.049805
v 0.27832 -0.079102 -0.049805
v 0.27832 -0.079102 -0.049805
v 0.270508 -0.067383 -0.053711
v 0.270508 -0.067383 -0.053711
v 0.270508 -0.067383 -0.053711
v 0.264648 -0.079102 -0.053711
v 0.264648 -0.079102 -0.053711
v 0.264648 -0.079102 -0.053711
v 0.276367 -0.047852 -0.022461
v 0.276367 -0.047852 -0.022461
v 0.288086 -0.008789 -0.032227
v 0.293945 -0.02832 -0.053711
v 0.293945 -0.02832 -0.053711
v 0.293945 -0.02832 -0.053711
v 0.293945 -0.02832 -0.053711
v 0.286133 -0.030273 -0.049805
v 0.286133 -0.030273 -0.049805
v 0.286133 -0.030273 -0.049805
v 0.286133 -0.030273 -0.049805
v 0.286133 -0.030273 -0.049805
v 0.282227 -0.000977 -0.055664
v 0.282227 -0.000977 -0.055664
v 0.282227 -0.000977 -0.055664
v 0.282227 -0.000977 -0.055664
v 0.254883 -0.041992 -0.032227
v 0.268555 -0.016602 -0.045898
v 0.268555 -0.016602 -0.045898
v 0.268555 -0.016602 -0.045898
v 0.268555 -0.016602 -0.045898
v 0.268555 -0.016602 -0.045898
v 0.268555 -0.016602 -0.045898
v 0.276367 -0.000977 -0.051758
v 0.276367 -0.000977 -0.051758
v 0.276367 -0.000977 -0.051758
v 0.276367 -0.000977 -0.051758
v 0.364258 -0.120117 -0.071289
v 0.364258 -0.120117 -0.071289
v 0.364258 -0.120117 -0.071289
v 0.356445 -0.108398 -0.071289
v 0.356445 -0.108398 -0.071289
v 0.356445 -0.108398 -0.071289
v 0.352539 -0.083008 -0.071289
v 0.352539 -0.083008 -0.071289
v 0.352539 -0.083008 -0.071289
v 0.342773 -0.114258 -0.071289
v 0.342773 -0.114258 -0.071289
v 0.342773 -0.114258 -0.071289
v 0.329102 -0.09668 -0.069336
v 0.329102 -0.09668 -0.069336
v 0.329102 -0.09668 -0.069336
v 0.329102 -0.09668 -0.069336
v 0.329102 -0.09668 -0.069336
v 0.317383 -0.094727 -0.069336
v 0.317383 -0.094727 -0.069336
v 0.317383 -0.094727 -0.069336
v 0.317383 -0.094727 -0.069336
v 0.317383 -0.094727 -0.069336
v 0.336914 -0.083008 -0.077148
v 0.336914 -0.083008 -0.077148
v 0.336914 -0.083008 -0.077148
v 0.319336 -0.012695 -0.069336
v 0.319336 -0.012695 -0.069336
v 0.319336 -0.012695 -0.069336
v 0.319336 -0.010742 -0.075195
v 0.319336 -0.010742 -0.075195
v 0.319336 -0.010742 -0.075195
v 0.288086 -0.086914 -0.069336
v 0.288086 -0.086914 -0.069336
v 0.288086 -0.086914 -0.069336
v 0.290039 -0.077148 -0.069336
v 0.290039 -0.077148 -0.069336
v 0.290039 -0.077148 -0.069336
v 0.290039 -0.077148 -0.069336
v 0.290039 -0.077148 -0.069336
v 0.290039 -0.077148 -0.069336
v 0.290039 -0.081055 -0.079102
v 0.290039 -0.081055 -0.079102
v 0.290039 -0.081055 -0.079102
v 0.286133 -0.086914 -0.079102
v 0.286133 -0.086914 -0.079102
v 0.286133 -0.086914 -0.079102
v 0.286133 -0.075195 -0.079102
v 0.286133 -0.075195 -0.079102
v 0.286133 -0.075195 -0.079102
v 0.286133 -0.075195 -0.079102
v 0.276367 -0.081055 -0.069336
v 0.276367 -0.081055 -0.069336
v 0.276367 -0.081055 -0.069336
v 0.276367 -0.081055 -0.069336
v 0.27832 -0.081055 -0.075195
v 0.27832 -0.081055 -0.075195
v 0.27832 -0.081055 -0.075195
v 0.270508 -0.067383 -0.069336
v 0.270508 -0.067383 -0.069336
v 0.270508 -0.067383 -0.069336
v 0.280273 -0.077148 -0.071289
v 0.280273 -0.077148 -0.071289
v 0.280273 -0.077148 -0.071289
v 0.280273 -0.077148 -0.071289
v 0.264648 -0.079102 -0.069336
v 0.264648 -0.079102 -0.069336
v 0.264648 -0.079102 -0.069336
v 0.264648 -0.073242 -0.073242
v 0.264648 -0.073242 -0.073242
v 0.264648 -0.073242 -0.073242
v 0.264648 -0.073242 -0.073242
v 0.262695 -0.067383 -0.071289
v 0.262695 -0.067383 -0.071289
v 0.262695 -0.067383 -0.071289
v 0.262695 -0.067383 -0.071289
v 0.262695 -0.067383 -0.071289
v 0.260742 -0.067383 -0.075195
v 0.260742 -0.067383 -0.075195
v 0.260742 -0.067383 -0.075195
v 0.260742 -0.067383 -0.075195
v 0.27832 -0.079102 -0.079102
v 0.27832 -0.079102 -0.079102
v 0.27832 -0.079102 -0.079102
v 0.305664 -0.018555 -0.075195
v 0.305664 -0.018555 -0.075195
v 0.305664 -0.018555 -0.075195
v 0.305664 -0.018555 -0.075195
v 0.295898 -0.022461 -0.069336
v 0.295898 -0.022461 -0.069336
v 0.295898 -0.022461 -0.069336
v 0.291992 -0.022461 -0.071289
v 0.291992 -0.022461 -0.071289
v 0.291992 -0.022461 -0.071289
v 0.288086 -0.000977 -0.071289
v 0.288086 -0.000977 -0.071289
v 0.288086 -0.000977 -0.071289
v 0.288086 -0.000977 -0.071289
v 0.28418 -0.004883 -0.071289
v 0.28418 -0.004883 -0.071289
v 0.28418 -0.004883 -0.071289
v 0.28418 -0.004883 -0.071289
v 0.28418 -0.004883 -0.071289
v 0.303711 -0.016602 -0.079102
v 0.303711 -0.016602 -0.079102
v 0.239258 -0.21582 -0.008789
v 0.239258 -0.21582 -0.008789
v 0.237305 -0.204102 -0.022461
v 0.217773 -0.178711 -0.012695
v 0.217773 -0.165039 -0.022461
v 0.206055 -0.135742 -0.012695
v 0.209961 -0.12793 -0.022461
v 0.229492 -0.168945 -0.032227
v 0.229492 -0.168945 -0.032227
v 0.235352 -0.139648 -0.032227
v 0.235352 -0.139648 -0.032227
v 0.141602 -0.204102 -0.004883
v 0.174805 -0.194336 -0.040039
v 0.174805 -0.194336 -0.040039
v 0.166992 -0.202148 -0.032227
v 0.166992 -0.202148 -0.032227
v 0.166992 -0.202148 -0.032227
v 0.137695 -0.202148 -0.041992
v 0.137695 -0.202148 -0.041992
v 0.174805 -0.163086 -0.05957
v 0.174805 -0.163086 -0.05957
v 0.174805 -0.163086 -0.05957
v 0.170898 -0.161133 -0.073242
v 0.170898 -0.161133 -0.073242
v 0.170898 -0.161133 -0.073242
v 0.170898 -0.161133 -0.073242
v 0.141602 -0.178711 -0.069336
v 0.141602 -0.178711 -0.069336
v 0.141602 -0.178711 -0.069336
v 0.155273 -0.172852 -0.073242
v 0.155273 -0.172852 -0.073242
v 0.155273 -0.172852 -0.073242
v 0.155273 -0.172852 -0.073242
v 0.135742 -0.166992 -0.06543
v 0.135742 -0.166992 -0.06543
v 0.135742 -0.166992 -0.06543
v 0.143555 -0.155273 -0.071289
v 0.143555 -0.155273 -0.071289
v 0.133789 -0.125977 -0.086914
v 0.133789 -0.125977 -0.086914
v 0.133789 -0.125977 -0.086914
v 0.133789 -0.125977 -0.086914
v 0.133789 -0.125977 -0.086914
v 0.204102 -0.09668 -0.012695
v 0.204102 -0.09668 -0.012695
v 0.211914 -0.09082 -0.024414
v 0.219727 -0.124023 -0.032227
v 0.219727 -0.124023 -0.032227
v 0.237305 -0.083008 -0.032227
v 0.237305 -0.083008 -0.032227
v 0.223633 -0.079102 -0.032227
v 0.223633 -0.079102 -0.032227
v 0.219727 -0.05957 -0.024414
v 0.219727 -0.05957 -0.024414
v 0.219727 -0.05957 -0.024414
v 0.219727 -0.05957 -0.024414
v 0.229492 -0.026367 -0.010742
v 0.235352 -0.026367 -0.022461
v 0.235352 -0.026367 -0.022461
v 0.223633 -0.020508 -0.022461
v 0.223633 -0.020508 -0.022461
v 0.223633 -0.020508 -0.022461
v 0.213867 -0.057617 -0.012695
v 0.213867 -0.057617 -0.012695
v 0.217773 -0.022461 -0.006836
v 0.217773 -0.022461 -0.006836
v 0.245117 -0.032227 -0.032227
v 0.245117 -0.032227 -0.032227
v 0.235352 -0.018555 -0.03418
v 0.235352 -0.018555 -0.03418
v 0.235352 -0.018555 -0.03418
v 0.235352 -0.018555 -0.03418
v 0.145508 -0.092773 -0.030273
v 0.145508 -0.092773 -0.030273
v 0.145508 -0.092773 -0.030273
v 0.15332 -0.05957 -0.032227
v 0.15332 -0.05957 -0.032227
v 0.24707 -0.055664 -0.071289
v 0.24707 -0.055664 -0.071289
v 0.24707 -0.055664 -0.071289
v 0.24707 -0.055664 -0.071289
v 0.243164 -0.041992 -0.075195
v 0.243164 -0.041992 -0.075195
v 0.235352 -0.016602 -0.069336
v 0.235352 -0.016602 -0.069336
v 0.235352 -0.016602 -0.069336
v 0.235352 -0.016602 -0.069336
v 0.233398 -0.022461 -0.071289
v 0.233398 -0.022461 -0.071289
v 0.229492 -0.00293 -0.071289
v 0.229492 -0.00293 -0.071289
v 0.229492 -0.00293 -0.071289
v 0.229492 -0.00293 -0.071289
v 0.229492 -0.00293 -0.071289
v 0.15918 -0.098633 -0.088867
v 0.15918 -0.098633 -0.088867
v 0.15918 -0.098633 -0.088867
v 0.15918 -0.098633 -0.088867
v 0.15918 -0.098633 -0.088867
v 0.157227 -0.108398 -0.09668
v 0.157227 -0.108398 -0.09668
v 0.165039 -0.063477 -0.094727
v 0.165039 -0.063477 -0.094727
v 0.165039 -0.063477 -0.094727
v 0.165039 -0.063477 -0.094727
v 0.141602 -0.124023 -0.09668
v 0.141602 -0.124023 -0.09668
v 0.141602 -0.124023 -0.09668
v 0.149414 -0.063477 -0.100586
v 0.149414 -0.063477 -0.100586
v 0.178711 -0.061523 -0.092773
v 0.178711 -0.061523 -0.092773
v 0.178711 -0.061523 -0.092773
v 0.174805 -0.051758 -0.116211
v 0.174805 -0.051758 -0.116211
v 0.174805 -0.051758 -0.116211
v 0.137695 -0.03418 -0.110352
v 0.137695 -0.03418 -0.110352
v 0.133789 -0.038086 -0.12207
v 0.133789 -0.038086 -0.12207
v 0.133789 -0.038086 -0.12207
v 0.092773 -0.194336 -0.053711
v 0.09668 -0.15918 -0.075195
v 0.09668 -0.15918 -0.075195
v 0.09668 -0.15918 -0.075195
v 0.09082 -0.166992 -0.081055
v 0.09082 -0.166992 -0.081055
v 0.086914 -0.143555 -0.083008
v 0.086914 -0.143555 -0.083008
v 0.086914 -0.143555 -0.083008
v 0.081055 -0.145508 -0.094727
v 0.081055 -0.145508 -0.094727
v 0.081055 -0.145508 -0.094727
v 0.081055 -0.145508 -0.094727
v 0.043945 -0.12793 -0.092773
v 0.043945 -0.12793 -0.092773
v 0.055664 -0.135742 -0.100586
v 0.055664 -0.135742 -0.100586
v 0.055664 -0.135742 -0.100586
v 0.055664 -0.135742 -0.100586
v 0.104492 -0.114258 -0.094727
v 0.104492 -0.114258 -0.094727
v 0.104492 -0.114258 -0.094727
v 0.104492 -0.108398 -0.108398
v 0.104492 -0.108398 -0.108398
v 0.104492 -0.108398 -0.108398
v 0.088867 -0.079102 -0.104492
v 0.088867 -0.079102 -0.104492
v 0.088867 -0.079102 -0.104492
v 0.088867 -0.079102 -0.104492
v 0.088867 -0.079102 -0.104492
v 0.086914 -0.069336 -0.106445
v 0.086914 -0.069336 -0.106445
v 0.092773 -0.088867 -0.114258
v 0.092773 -0.088867 -0.114258
v 0.092773 -0.088867 -0.114258
v 0.092773 -0.088867 -0.114258
v 0.092773 -0.088867 -0.114258
v 0.071289 -0.081055 -0.116211
v 0.071289 -0.081055 -0.116211
v 0.071289 -0.081055 -0.116211
v 0.069336 -0.063477 -0.118164
v 0.069336 -0.063477 -0.118164
v 0.110352 -0.055664 -0.104492
v 0.110352 -0.055664 -0.104492
v 0.110352 -0.055664 -0.104492
v 0.124023 -0.024414 -0.106445
v 0.124023 -0.024414 -0.106445
v 0.124023 -0.024414 -0.106445
v 0.06543 -0.032227 -0.104492
v 0.06543 -0.032227 -0.104492
v 0.06543 -0.032227 -0.104492
v 0.05957 -0.124023 -0.094727
v 0.05957 -0.124023 -0.094727
v 0.05957 -0.124023 -0.094727
v 0.05957 -0.124023 -0.094727
v 0.051758 -0.112305 -0.112305
v 0.051758 -0.112305 -0.112305
v 0.00293 -0.108398 -0.116211
v 0.00293 -0.108398 -0.116211
v 0.00293 -0.108398 -0.116211
v 0.118164 -0.014648 -0.12793
v 0.118164 -0.014648 -0.12793
v 0.118164 -0.014648 -0.12793
v 0.069336 -0.006836 -0.131836
v 0.069336 -0.006836 -0.131836
v 0.44043 0.008789 -0.012695
v 0.44043 0.008789 -0.012695
v 0.418945 0.026367 -0.000977
v 0.43457 0.004883 -0.024414
v 0.43457 0.004883 -0.024414
v 0.43457 0.004883 -0.024414
v 0.415039 0.024414 -0.018555
v 0.415039 0.024414 -0.018555
v 0.415039 0.02832 -0.02832
v 0.415039 0.02832 -0.02832
v 0.415039 0.02832 -0.02832
v 0.422852 0.03418 -0.004883
v 0.422852 0.03418 -0.004883
v 0.422852 0.03418 -0.004883
v 0.381836 0.030273 -0.024414
v 0.393555 0.043945 -0.008789
v 0.389648 0.036133 -0.012695
v 0.389648 0.036133 -0.012695
v 0.391602 0.00293 -0.032227
v 0.397461 0.020508 -0.045898
v 0.397461 0.020508 -0.045898
v 0.397461 0.020508 -0.045898
v 0.389648 0.016602 -0.032227
v 0.389648 0.016602 -0.032227
v 0.381836 0.038086 -0.036133
v 0.381836 0.038086 -0.036133
v 0.34668 0.024414 -0.030273
v 0.34668 0.024414 -0.030273
v 0.358398 0.041992 -0.008789
v 0.358398 0.041992 -0.008789
v 0.352539 0.049805 -0.000977
v 0.352539 0.049805 -0.000977
v 0.352539 0.049805 -0.000977
v 0.352539 0.049805 -0.000977
v 0.356445 0.045898 -0.022461
v 0.356445 0.045898 -0.022461
v 0.319336 0.040039 -0.010742
v 0.342773 0.03418 -0.024414
v 0.319336 0.045898 -0.016602
v 0.319336 0.045898 -0.016602
v 0.362305 0.02832 -0.051758
v 0.362305 0.02832 -0.051758
v 0.350586 0.00293 -0.049805
v 0.350586 0.00293 -0.049805
v 0.350586 0.00293 -0.049805
v 0.350586 0.00293 -0.049805
v 0.350586 0.00293 -0.049805
v 0.354492 0.02832 -0.047852
v 0.354492 0.02832 -0.047852
v 0.34082 0.010742 -0.032227
v 0.34082 0.010742 -0.032227
v 0.313477 0.010742 -0.053711
v 0.313477 0.010742 -0.053711
v 0.313477 0.010742 -0.053711
v 0.313477 0.010742 -0.053711
v 0.313477 0.010742 -0.053711
v 0.317383 0.012695 -0.057617
v 0.317383 0.012695 -0.057617
v 0.317383 0.012695 -0.057617
v 0.317383 0.012695 -0.057617
v 0.331055 0.038086 -0.038086
v 0.331055 0.038086 -0.038086
v 0.334961 0.118164 -0.012695
v 0.334961 0.118164 -0.012695
v 0.334961 0.120117 -0.014648
v 0.334961 0.120117 -0.014648
v 0.334961 0.120117 -0.014648
v 0.329102 0.098633 -0.026367
v 0.329102 0.098633 -0.026367
v 0.329102 0.098633 -0.026367
v 0.329102 0.098633 -0.026367
v 0.329102 0.098633 -0.026367
v 0.321289 0.102539 -0.043945
v 0.321289 0.102539 -0.043945
v 0.28418 0.02832 -0.000977
v 0.28418 0.02832 -0.000977
v 0.28418 0.02832 -0.000977
v 0.28418 0.024414 -0.014648
v 0.28418 0.024414 -0.014648
v 0.305664 0.026367 -0.024414
v 0.288086 0.030273 -0.024414
v 0.288086 0.030273 -0.024414
v 0.288086 0.030273 -0.024414
v 0.286133 0.030273 -0.02832
v 0.286133 0.030273 -0.02832
v 0.286133 0.030273 -0.02832
v 0.286133 0.036133 -0.00293
v 0.286133 0.036133 -0.00293
v 0.286133 0.036133 -0.00293
v 0.286133 0.036133 -0.00293
v 0.250977 0.014648 -0.006836
v 0.250977 0.014648 -0.006836
v 0.250977 0.00293 -0.008789
v 0.250977 0.00293 -0.008789
v 0.268555 0.00293 -0.02832
v 0.268555 0.00293 -0.02832
v 0.260742 0.012695 -0.030273
v 0.260742 0.012695 -0.030273
v 0.260742 0.012695 -0.030273
v 0.305664 0.014648 -0.032227
v 0.305664 0.014648 -0.032227
v 0.301758 0.016602 -0.045898
v 0.301758 0.016602 -0.045898
v 0.301758 0.016602 -0.045898
v 0.288086 0.010742 -0.043945
v 0.288086 0.010742 -0.043945
v 0.288086 0.010742 -0.043945
v 0.288086 0.010742 -0.043945
v 0.288086 0.010742 -0.043945
v 0.291992 0.020508 -0.040039
v 0.291992 0.020508 -0.040039
v 0.30957 0.016602 -0.053711
v 0.30957 0.016602 -0.053711
v 0.27832 0.004883 -0.047852
v 0.27832 0.004883 -0.047852
v 0.27832 0.004883 -0.047852
v 0.27832 0.004883 -0.047852
v 0.27832 0.004883 -0.047852
v 0.25293 0.061523 -0.05957
v 0.25293 0.061523 -0.05957
v 0.25293 0.061523 -0.05957
v 0.25293 0.061523 -0.05957
v 0.311523 0.104492 -0.018555
v 0.311523 0.104492 -0.018555
v 0.280273 0.102539 -0.020508
v 0.280273 0.102539 -0.020508
v 0.280273 0.102539 -0.020508
v 0.303711 0.100586 -0.049805
v 0.303711 0.100586 -0.049805
v 0.307617 0.118164 -0.057617
v 0.307617 0.118164 -0.057617
v 0.307617 0.118164 -0.057617
v 0.282227 0.104492 -0.057617
v 0.282227 0.104492 -0.057617
v 0.282227 0.104492 -0.057617
v 0.282227 0.104492 -0.057617
v 0.276367 0.077148 -0.041992
v 0.276367 0.077148 -0.041992
v 0.276367 0.077148 -0.041992
v 0.274414 0.071289 -0.043945
v 0.274414 0.071289 -0.043945
v 0.274414 0.071289 -0.043945
v 0.274414 0.071289 -0.043945
v 0.274414 0.071289 -0.043945
v 0.260742 0.06543 -0.043945
v 0.260742 0.06543 -0.043945
v 0.260742 0.06543 -0.043945
v 0.260742 0.06543 -0.043945
v 0.254883 0.067383 -0.040039
v 0.254883 0.067383 -0.040039
v 0.254883 0.067383 -0.040039
v 0.254883 0.067383 -0.040039
v 0.280273 0.075195 -0.057617
v 0.280273 0.075195 -0.057617
v 0.280273 0.075195 -0.057617
v 0.280273 0.075195 -0.057617
v 0.280273 0.075195 -0.057617
v 0.264648 0.09668 -0.040039
v 0.264648 0.09668 -0.040039
v 0.264648 0.09668 -0.040039
v 0.256836 0.09668 -0.041992
v 0.256836 0.09668 -0.041992
v 0.256836 0.09668 -0.041992
v 0.272461 0.100586 -0.051758
v 0.272461 0.100586 -0.051758
v 0.272461 0.100586 -0.051758
v 0.268555 0.102539 -0.055664
v 0.268555 0.102539 -0.055664
v 0.268555 0.102539 -0.055664
v 0.268555 0.102539 -0.055664
v 0.268555 0.102539 -0.055664
v 0.30957 0.006836 -0.073242
v 0.30957 0.006836 -0.073242
v 0.30957 0.006836 -0.073242
v 0.30957 0.006836 -0.073242
v 0.303711 0.006836 -0.075195
v 0.303711 0.006836 -0.075195
v 0.303711 0.006836 -0.075195
v 0.303711 0.006836 -0.075195
v 0.303711 0.006836 -0.075195
v 0.295898 0.000977 -0.079102
v 0.295898 0.000977 -0.079102
v 0.282227 0.081055 -0.063477
v 0.282227 0.081055 -0.063477
v 0.282227 0.081055 -0.063477
v 0.282227 0.081055 -0.063477
v 0.272461 0.071289 -0.073242
v 0.272461 0.071289 -0.073242
v 0.272461 0.071289 -0.073242
v 0.272461 0.071289 -0.073242
v 0.272461 0.071289 -0.073242
v 0.270508 0.075195 -0.077148
v 0.270508 0.075195 -0.077148
v 0.270508 0.075195 -0.077148
v 0.260742 0.06543 -0.071289
v 0.260742 0.06543 -0.071289
v 0.260742 0.06543 -0.071289
v 0.254883 0.067383 -0.073242
v 0.254883 0.067383 -0.073242
v 0.254883 0.067383 -0.073242
v 0.254883 0.067383 -0.073242
v 0.258789 0.092773 -0.079102
v 0.258789 0.092773 -0.079102
v 0.258789 0.092773 -0.079102
v 0.272461 0.100586 -0.06543
v 0.272461 0.100586 -0.06543
v 0.272461 0.100586 -0.06543
v 0.280273 0.110352 -0.063477
v 0.280273 0.110352 -0.063477
v 0.280273 0.110352 -0.063477
v 0.262695 0.098633 -0.071289
v 0.262695 0.098633 -0.071289
v 0.262695 0.098633 -0.071289
v 0.250977 0.094727 -0.073242
v 0.250977 0.094727 -0.073242
v 0.250977 0.094727 -0.073242
v 0.250977 0.094727 -0.073242
v 0.250977 0.094727 -0.073242
v 0.34082 0.145508 -0.014648
v 0.34082 0.145508 -0.014648
v 0.34082 0.145508 -0.014648
v 0.34082 0.145508 -0.014648
v 0.325195 0.133789 -0.030273
v 0.325195 0.133789 -0.030273
v 0.325195 0.133789 -0.030273
v 0.317383 0.170898 -0.024414
v 0.325195 0.155273 -0.038086
v 0.325195 0.155273 -0.038086
v 0.303711 0.178711 -0.004883
v 0.303711 0.178711 -0.004883
v 0.303711 0.178711 -0.004883
v 0.303711 0.178711 -0.004883
v 0.297852 0.174805 -0.006836
v 0.297852 0.174805 -0.006836
v 0.297852 0.174805 -0.006836
v 0.297852 0.174805 -0.006836
v 0.297852 0.174805 -0.006836
v 0.299805 0.180664 -0.010742
v 0.299805 0.180664 -0.010742
v 0.299805 0.180664 -0.010742
v 0.250977 0.202148 -0.010742
v 0.250977 0.202148 -0.010742
v 0.250977 0.202148 -0.010742
v 0.254883 0.206055 -0.014648
v 0.254883 0.206055 -0.014648
v 0.254883 0.206055 -0.014648
v 0.254883 0.206055 -0.014648
v 0.272461 0.200195 -0.03418
v 0.272461 0.200195 -0.03418
v 0.272461 0.200195 -0.03418
v 0.290039 0.15332 -0.071289
v 0.290039 0.15332 -0.071289
v 0.301758 0.161133 -0.063477
v 0.301758 0.161133 -0.063477
v 0.270508 0.139648 -0.06543
v 0.270508 0.139648 -0.06543
v 0.270508 0.139648 -0.06543
v 0.270508 0.139648 -0.06543
v 0.256836 0.166992 -0.075195
v 0.256836 0.166992 -0.075195
v 0.256836 0.166992 -0.075195
v 0.256836 0.166992 -0.075195
v 0.254883 0.186523 -0.063477
v 0.254883 0.186523 -0.063477
v 0.254883 0.186523 -0.063477
v 0.254883 0.186523 -0.063477
v 0.209961 0.053711 -0.030273
v 0.209961 0.053711 -0.030273
v 0.209961 0.053711 -0.030273
v 0.209961 0.053711 -0.030273
v 0.231445 0.061523 -0.049805
v 0.231445 0.061523 -0.049805
v 0.231445 0.061523 -0.049805
v 0.231445 0.061523 -0.049805
v 0.231445 0.061523 -0.049805
v 0.225586 0.055664 -0.053711
v 0.225586 0.055664 -0.053711
v 0.225586 0.055664 -0.053711
v 0.225586 0.055664 -0.053711
v 0.225586 0.055664 -0.057617
v 0.225586 0.055664 -0.057617
v 0.225586 0.055664 -0.057617
v 0.237305 0.079102 -0.022461
v 0.237305 0.079102 -0.022461
v 0.237305 0.079102 -0.022461
v 0.237305 0.079102 -0.022461
v 0.237305 0.079102 -0.022461
v 0.233398 0.081055 -0.022461
v 0.233398 0.081055 -0.022461
v 0.233398 0.081055 -0.022461
v 0.233398 0.081055 -0.022461
v 0.225586 0.104492 -0.030273
v 0.225586 0.104492 -0.030273
v 0.225586 0.104492 -0.030273
v 0.227539 0.12207 -0.022461
v 0.227539 0.12207 -0.022461
v 0.227539 0.12207 -0.022461
v 0.223633 0.12207 -0.022461
v 0.223633 0.12207 -0.022461
v 0.223633 0.12207 -0.022461
v 0.223633 0.12207 -0.022461
v 0.223633 0.124023 -0.026367
v 0.223633 0.124023 -0.026367
v 0.223633 0.124023 -0.026367
v 0.204102 0.075195 -0.024414
v 0.204102 0.075195 -0.024414
v 0.204102 0.075195 -0.024414
v 0.204102 0.075195 -0.024414
v 0.204102 0.075195 -0.024414
v 0.204102 0.075195 -0.024414
v 0.249023 0.088867 -0.040039
v 0.249023 0.088867 -0.040039
v 0.249023 0.088867 -0.040039
v 0.231445 0.073242 -0.032227
v 0.231445 0.073242 -0.032227
v 0.231445 0.073242 -0.032227
v 0.231445 0.073242 -0.032227
v 0.231445 0.073242 -0.032227
v 0.229492 0.071289 -0.041992
v 0.229492 0.071289 -0.041992
v 0.229492 0.071289 -0.041992
v 0.229492 0.071289 -0.041992
v 0.229492 0.071289 -0.041992
v 0.225586 0.09082 -0.041992
v 0.225586 0.09082 -0.041992
v 0.225586 0.09082 -0.041992
v 0.225586 0.09082 -0.041992
v 0.225586 0.09082 -0.041992
v 0.24707 0.063477 -0.057617
v 0.24707 0.063477 -0.057617
v 0.24707 0.063477 -0.057617
v 0.243164 0.09082 -0.047852
v 0.243164 0.09082 -0.047852
v 0.243164 0.09082 -0.047852
v 0.243164 0.09082 -0.047852
v 0.243164 0.09082 -0.047852
v 0.239258 0.084961 -0.051758
v 0.239258 0.084961 -0.051758
v 0.239258 0.084961 -0.051758
v 0.241211 0.088867 -0.061523
v 0.241211 0.088867 -0.061523
v 0.241211 0.088867 -0.061523
v 0.219727 0.077148 -0.049805
v 0.219727 0.077148 -0.049805
v 0.219727 0.077148 -0.049805
v 0.219727 0.077148 -0.049805
v 0.219727 0.077148 -0.049805
v 0.22168 0.100586 -0.03418
v 0.22168 0.100586 -0.03418
v 0.22168 0.100586 -0.03418
v 0.194336 0.120117 -0.043945
v 0.194336 0.120117 -0.043945
v 0.194336 0.120117 -0.043945
v 0.225586 0.004883 -0.069336
v 0.225586 0.004883 -0.069336
v 0.225586 0.004883 -0.069336
v 0.225586 0.004883 -0.069336
v 0.225586 0.004883 -0.069336
v 0.225586 0.02832 -0.06543
v 0.225586 0.02832 -0.06543
v 0.225586 0.02832 -0.06543
v 0.225586 0.02832 -0.06543
v 0.225586 0.02832 -0.06543
v 0.225586 0.02832 -0.069336
v 0.225586 0.02832 -0.069336
v 0.225586 0.02832 -0.069336
v 0.227539 0.03418 -0.06543
v 0.227539 0.03418 -0.06543
v 0.227539 0.03418 -0.06543
v 0.227539 0.03418 -0.06543
v 0.227539 0.038086 -0.092773
v 0.227539 0.038086 -0.092773
v 0.227539 0.038086 -0.092773
v 0.223633 0.049805 -0.088867
v 0.223633 0.049805 -0.088867
v 0.217773 0.061523 -0.083008
v 0.217773 0.061523 -0.083008
v 0.217773 0.061523 -0.083008
v 0.217773 0.061523 -0.083008
v 0.217773 0.061523 -0.083008
v 0.217773 0.061523 -0.083008
v 0.217773 0.061523 -0.083008
v 0.211914 0.026367 -0.114258
v 0.211914 0.026367 -0.114258
v 0.211914 0.026367 -0.114258
v 0.211914 0.05957 -0.100586
v 0.211914 0.05957 -0.100586
v 0.188477 0.05957 -0.09668
v 0.188477 0.05957 -0.09668
v 0.188477 0.05957 -0.09668
v 0.188477 0.05957 -0.09668
v 0.188477 0.05957 -0.09668
v 0.241211 0.084961 -0.069336
v 0.241211 0.084961 -0.069336
v 0.241211 0.084961 -0.069336
v 0.219727 0.079102 -0.079102
v 0.219727 0.079102 -0.079102
v 0.219727 0.079102 -0.079102
v 0.219727 0.079102 -0.079102
v 0.219727 0.079102 -0.079102
v 0.219727 0.079102 -0.079102
v 0.211914 0.063477 -0.088867
v 0.211914 0.063477 -0.088867
v 0.211914 0.063477 -0.088867
v 0.233398 0.069336 -0.094727
v 0.233398 0.069336 -0.094727
v 0.233398 0.069336 -0.094727
v 0.233398 0.069336 -0.094727
v 0.231445 0.06543 -0.100586
v 0.231445 0.06543 -0.100586
v 0.231445 0.06543 -0.100586
v 0.231445 0.06543 -0.100586
v 0.217773 0.092773 -0.106445
v 0.217773 0.092773 -0.106445
v 0.217773 0.092773 -0.106445
v 0.217773 0.092773 -0.106445
v 0.202148 0.071289 -0.112305
v 0.202148 0.071289 -0.112305
v 0.200195 0.124023 -0.102539
v 0.200195 0.124023 -0.102539
v 0.200195 0.124023 -0.102539
v 0.200195 0.124023 -0.102539
v 0.200195 0.124023 -0.102539
v 0.196289 0.120117 -0.112305
v 0.196289 0.120117 -0.112305
v 0.196289 0.120117 -0.112305
v 0.196289 0.120117 -0.112305
v 0.168945 0.041992 -0.108398
v 0.168945 0.041992 -0.108398
v 0.168945 0.041992 -0.108398
v 0.168945 0.041992 -0.12207
v 0.168945 0.041992 -0.12207
v 0.168945 0.041992 -0.12207
v 0.155273 0.047852 -0.104492
v 0.155273 0.047852 -0.104492
v 0.155273 0.047852 -0.104492
v 0.155273 0.047852 -0.104492
v 0.155273 0.047852 -0.104492
v 0.155273 0.047852 -0.104492
v 0.155273 0.084961 -0.12207
v 0.155273 0.084961 -0.12207
v 0.131836 0.084961 -0.120117
v 0.131836 0.084961 -0.120117
v 0.213867 0.135742 -0.030273
v 0.213867 0.135742 -0.030273
v 0.213867 0.135742 -0.030273
v 0.202148 0.125977 -0.018555
v 0.202148 0.125977 -0.018555
v 0.202148 0.125977 -0.018555
v 0.202148 0.125977 -0.018555
v 0.188477 0.172852 -0.024414
v 0.188477 0.172852 -0.024414
v 0.188477 0.172852 -0.024414
v 0.22168 0.18457 -0.045898
v 0.22168 0.18457 -0.045898
v 0.22168 0.18457 -0.045898
v 0.22168 0.18457 -0.045898
v 0.22168 0.18457 -0.045898
v 0.245117 0.186523 -0.055664
v 0.245117 0.186523 -0.055664
v 0.204102 0.129883 -0.040039
v 0.204102 0.129883 -0.040039
v 0.204102 0.129883 -0.040039
v 0.204102 0.129883 -0.040039
v 0.213867 0.18457 -0.038086
v 0.213867 0.18457 -0.038086
v 0.213867 0.18457 -0.038086
v 0.213867 0.18457 -0.038086
v 0.208008 0.178711 -0.043945
v 0.208008 0.178711 -0.043945
v 0.208008 0.178711 -0.043945
v 0.194336 0.172852 -0.032227
v 0.194336 0.172852 -0.032227
v 0.194336 0.172852 -0.032227
v 0.194336 0.172852 -0.032227
v 0.194336 0.172852 -0.032227
v 0.198242 0.178711 -0.045898
v 0.198242 0.178711 -0.045898
v 0.198242 0.178711 -0.045898
v 0.200195 0.174805 -0.053711
v 0.200195 0.174805 -0.053711
v 0.200195 0.174805 -0.053711
v 0.200195 0.174805 -0.053711
v 0.249023 0.209961 -0.010742
v 0.249023 0.209961 -0.010742
v 0.21582 0.217773 -0.018555
v 0.21582 0.217773 -0.018555
v 0.21582 0.217773 -0.018555
v 0.21582 0.217773 -0.026367
v 0.21582 0.217773 -0.026367
v 0.21582 0.217773 -0.026367
v 0.21582 0.217773 -0.026367
v 0.198242 0.206055 -0.018555
v 0.198242 0.206055 -0.018555
v 0.198242 0.206055 -0.018555
v 0.198242 0.206055 -0.018555
v 0.198242 0.206055 -0.026367
v 0.198242 0.206055 -0.026367
v 0.198242 0.206055 -0.026367
v 0.198242 0.206055 -0.026367
v 0.198242 0.206055 -0.026367
v 0.198242 0.213867 -0.030273
v 0.198242 0.213867 -0.030273
v 0.198242 0.213867 -0.030273
v 0.198242 0.213867 -0.030273
v 0.192383 0.211914 -0.024414
v 0.192383 0.211914 -0.024414
v 0.192383 0.211914 -0.024414
v 0.192383 0.227539 -0.010742
v 0.192383 0.227539 -0.010742
v 0.192383 0.227539 -0.010742
v 0.213867 0.225586 -0.020508
v 0.213867 0.225586 -0.020508
v 0.213867 0.225586 -0.020508
v 0.204102 0.239258 -0.020508
v 0.204102 0.239258 -0.020508
v 0.204102 0.239258 -0.020508
v 0.202148 0.231445 -0.030273
v 0.202148 0.231445 -0.030273
v 0.202148 0.231445 -0.030273
v 0.202148 0.231445 -0.030273
v 0.19043 0.219727 -0.030273
v 0.19043 0.219727 -0.030273
v 0.19043 0.219727 -0.030273
v 0.19043 0.227539 -0.030273
v 0.19043 0.227539 -0.030273
v 0.19043 0.227539 -0.030273
v 0.19043 0.227539 -0.030273
v 0.19043 0.227539 -0.030273
v 0.19043 0.227539 -0.030273
v 0.202148 0.239258 -0.018555
v 0.202148 0.239258 -0.018555
v 0.202148 0.239258 -0.018555
v 0.202148 0.239258 -0.018555
v 0.202148 0.239258 -0.02832
v 0.202148 0.239258 -0.02832
v 0.202148 0.239258 -0.02832
v 0.202148 0.239258 -0.02832
v 0.202148 0.239258 -0.02832
v 0.235352 0.217773 -0.040039
v 0.235352 0.217773 -0.040039
v 0.235352 0.217773 -0.040039
v 0.235352 0.217773 -0.040039
v 0.225586 0.209961 -0.043945
v 0.225586 0.209961 -0.043945
v 0.225586 0.209961 -0.043945
v 0.225586 0.209961 -0.043945
v 0.227539 0.192383 -0.047852
v 0.227539 0.192383 -0.047852
v 0.227539 0.188477 -0.061523
v 0.227539 0.188477 -0.061523
v 0.227539 0.188477 -0.061523
v 0.233398 0.209961 -0.049805
v 0.233398 0.209961 -0.049805
v 0.227539 0.209961 -0.051758
v 0.227539 0.209961 -0.051758
v 0.227539 0.209961 -0.051758
v 0.227539 0.209961 -0.051758
v 0.208008 0.202148 -0.038086
v 0.208008 0.202148 -0.038086
v 0.208008 0.202148 -0.038086
v 0.208008 0.217773 -0.032227
v 0.208008 0.217773 -0.032227
v 0.208008 0.217773 -0.032227
v 0.208008 0.217773 -0.032227
v 0.19043 0.194336 -0.045898
v 0.19043 0.194336 -0.045898
v 0.19043 0.194336 -0.045898
v 0.19043 0.194336 -0.045898
v 0.194336 0.21582 -0.045898
v 0.194336 0.21582 -0.045898
v 0.213867 0.206055 -0.055664
v 0.213867 0.206055 -0.055664
v 0.213867 0.206055 -0.055664
v 0.213867 0.206055 -0.055664
v 0.213867 0.206055 -0.055664
v 0.211914 0.211914 -0.055664
v 0.211914 0.211914 -0.055664
v 0.211914 0.211914 -0.055664
v 0.211914 0.211914 -0.055664
v 0.194336 0.196289 -0.053711
v 0.194336 0.196289 -0.053711
v 0.194336 0.196289 -0.053711
v 0.19043 0.202148 -0.061523
v 0.19043 0.202148 -0.061523
v 0.19043 0.202148 -0.061523
v 0.19043 0.202148 -0.061523
v 0.19043 0.202148 -0.061523
v 0.202148 0.204102 -0.047852
v 0.202148 0.204102 -0.047852
v 0.202148 0.204102 -0.047852
v 0.202148 0.204102 -0.047852
v 0.202148 0.204102 -0.047852
v 0.196289 0.231445 -0.043945
v 0.196289 0.231445 -0.043945
v 0.188477 0.229492 -0.043945
v 0.188477 0.229492 -0.043945
v 0.188477 0.229492 -0.043945
v 0.200195 0.229492 -0.051758
v 0.200195 0.229492 -0.051758
v 0.198242 0.22168 -0.055664
v 0.198242 0.22168 -0.055664
v 0.182617 0.168945 -0.032227
v 0.182617 0.168945 -0.032227
v 0.182617 0.168945 -0.032227
v 0.18457 0.166992 -0.043945
v 0.18457 0.166992 -0.043945
v 0.18457 0.166992 -0.043945
v 0.18457 0.166992 -0.043945
v 0.163086 0.157227 -0.03418
v 0.163086 0.157227 -0.03418
v 0.163086 0.157227 -0.03418
v 0.163086 0.157227 -0.03418
v 0.15332 0.151367 -0.051758
v 0.15332 0.151367 -0.051758
v 0.15332 0.151367 -0.051758
v 0.15332 0.151367 -0.051758
v 0.143555 0.166992 -0.057617
v 0.143555 0.166992 -0.057617
v 0.143555 0.18457 -0.051758
v 0.143555 0.18457 -0.051758
v 0.18457 0.227539 -0.018555
v 0.18457 0.227539 -0.018555
v 0.18457 0.227539 -0.018555
v 0.18457 0.227539 -0.018555
v 0.18457 0.227539 -0.026367
v 0.18457 0.227539 -0.026367
v 0.18457 0.227539 -0.026367
v 0.180664 0.229492 -0.026367
v 0.180664 0.229492 -0.026367
v 0.180664 0.229492 -0.026367
v 0.166992 0.239258 -0.024414
v 0.166992 0.239258 -0.024414
v 0.166992 0.239258 -0.024414
v 0.166992 0.239258 -0.024414
v 0.166992 0.245117 -0.02832
v 0.166992 0.245117 -0.02832
v 0.166992 0.245117 -0.02832
v 0.155273 0.206055 -0.026367
v 0.155273 0.206055 -0.026367
v 0.155273 0.206055 -0.026367
v 0.186523 0.237305 -0.03418
v 0.186523 0.237305 -0.03418
v 0.186523 0.237305 -0.03418
v 0.186523 0.237305 -0.03418
v 0.172852 0.24707 -0.032227
v 0.172852 0.24707 -0.032227
v 0.172852 0.24707 -0.032227
v 0.172852 0.24707 -0.032227
v 0.186523 0.22168 -0.047852
v 0.186523 0.22168 -0.047852
v 0.186523 0.22168 -0.047852
v 0.186523 0.22168 -0.047852
v 0.178711 0.237305 -0.061523
v 0.178711 0.237305 -0.061523
v 0.155273 0.202148 -0.032227
v 0.155273 0.202148 -0.032227
v 0.155273 0.202148 -0.032227
v 0.147461 0.198242 -0.03418
v 0.147461 0.198242 -0.03418
v 0.147461 0.198242 -0.03418
v 0.219727 0.18457 -0.071289
v 0.219727 0.18457 -0.071289
v 0.219727 0.18457 -0.071289
v 0.219727 0.18457 -0.071289
v 0.209961 0.178711 -0.073242
v 0.209961 0.178711 -0.073242
v 0.209961 0.178711 -0.073242
v 0.206055 0.180664 -0.077148
v 0.206055 0.180664 -0.077148
v 0.206055 0.180664 -0.077148
v 0.202148 0.174805 -0.06543
v 0.202148 0.174805 -0.06543
v 0.202148 0.174805 -0.06543
v 0.196289 0.176758 -0.063477
v 0.196289 0.176758 -0.063477
v 0.196289 0.176758 -0.063477
v 0.196289 0.176758 -0.063477
v 0.229492 0.192383 -0.063477
v 0.229492 0.192383 -0.063477
v 0.229492 0.192383 -0.063477
v 0.219727 0.188477 -0.077148
v 0.219727 0.188477 -0.077148
v 0.219727 0.188477 -0.077148
v 0.219727 0.188477 -0.077148
v 0.209961 0.204102 -0.067383
v 0.209961 0.204102 -0.067383
v 0.209961 0.204102 -0.067383
v 0.209961 0.204102 -0.067383
v 0.204102 0.208008 -0.069336
v 0.204102 0.208008 -0.069336
v 0.204102 0.208008 -0.069336
v 0.204102 0.208008 -0.069336
v 0.217773 0.206055 -0.073242
v 0.217773 0.206055 -0.073242
v 0.217773 0.206055 -0.073242
v 0.198242 0.198242 -0.067383
v 0.198242 0.198242 -0.067383
v 0.198242 0.198242 -0.067383
v 0.188477 0.192383 -0.067383
v 0.188477 0.192383 -0.067383
v 0.188477 0.192383 -0.067383
v 0.202148 0.200195 -0.079102
v 0.202148 0.200195 -0.079102
v 0.202148 0.200195 -0.079102
v 0.202148 0.200195 -0.079102
v 0.206055 0.245117 -0.073242
v 0.206055 0.245117 -0.073242
v 0.206055 0.245117 -0.073242
v 0.188477 0.231445 -0.073242
v 0.188477 0.231445 -0.073242
v 0.188477 0.231445 -0.073242
v 0.198242 0.24707 -0.073242
v 0.198242 0.24707 -0.073242
v 0.198242 0.24707 -0.073242
v 0.19043 0.239258 -0.071289
v 0.19043 0.239258 -0.071289
v 0.19043 0.239258 -0.071289
v 0.19043 0.239258 -0.071289
v 0.211914 0.241211 -0.079102
v 0.211914 0.241211 -0.079102
v 0.211914 0.241211 -0.079102
v 0.209961 0.241211 -0.088867
v 0.209961 0.241211 -0.088867
v 0.209961 0.241211 -0.088867
v 0.209961 0.241211 -0.088867
v 0.204102 0.249023 -0.092773
v 0.204102 0.249023 -0.092773
v 0.204102 0.249023 -0.092773
v 0.192383 0.249023 -0.083008
v 0.192383 0.249023 -0.083008
v 0.192383 0.249023 -0.083008
v 0.188477 0.237305 -0.09082
v 0.188477 0.237305 -0.09082
v 0.188477 0.237305 -0.09082
v 0.188477 0.237305 -0.09082
v 0.188477 0.237305 -0.09082
v 0.194336 0.24707 -0.092773
v 0.194336 0.24707 -0.092773
v 0.194336 0.24707 -0.092773
v 0.194336 0.24707 -0.092773
v 0.204102 0.231445 -0.108398
v 0.204102 0.231445 -0.108398
v 0.204102 0.231445 -0.108398
v 0.204102 0.231445 -0.108398
v 0.204102 0.231445 -0.108398
v 0.204102 0.239258 -0.09668
v 0.204102 0.239258 -0.09668
v 0.204102 0.239258 -0.09668
v 0.204102 0.237305 -0.098633
v 0.204102 0.237305 -0.098633
v 0.204102 0.237305 -0.098633
v 0.206055 0.243164 -0.100586
v 0.206055 0.243164 -0.100586
v 0.206055 0.243164 -0.100586
v 0.204102 0.245117 -0.100586
v 0.204102 0.245117 -0.100586
v 0.204102 0.245117 -0.100586
v 0.208008 0.237305 -0.108398
v 0.209961 0.245117 -0.102539
v 0.209961 0.245117 -0.102539
v 0.209961 0.245117 -0.102539
v 0.209961 0.245117 -0.102539
v 0.209961 0.245117 -0.102539
v 0.209961 0.245117 -0.102539
v 0.208008 0.24707 -0.104492
v 0.208008 0.24707 -0.104492
v 0.208008 0.24707 -0.104492
v 0.208008 0.24707 -0.104492
v 0.208008 0.24707 -0.104492
v 0.206055 0.243164 -0.102539
v 0.206055 0.243164 -0.102539
v 0.206055 0.243164 -0.102539
v 0.206055 0.243164 -0.102539
v 0.204102 0.243164 -0.102539
v 0.204102 0.243164 -0.102539
v 0.204102 0.243164 -0.102539
v 0.204102 0.245117 -0.102539
v 0.204102 0.245117 -0.102539
v 0.204102 0.245117 -0.102539
v 0.206055 0.249023 -0.104492
v 0.206055 0.249023 -0.104492
v 0.206055 0.249023 -0.104492
v 0.206055 0.249023 -0.106445
v 0.206055 0.249023 -0.106445
v 0.206055 0.249023 -0.106445
v 0.206055 0.249023 -0.106445
v 0.206055 0.249023 -0.106445
v 0.188477 0.231445 -0.106445
v 0.188477 0.231445 -0.106445
v 0.188477 0.231445 -0.106445
v 0.202148 0.239258 -0.098633
v 0.202148 0.239258 -0.098633
v 0.202148 0.239258 -0.098633
v 0.202148 0.239258 -0.098633
v 0.202148 0.245117 -0.094727
v 0.202148 0.245117 -0.094727
v 0.202148 0.245117 -0.094727
v 0.202148 0.237305 -0.106445
v 0.202148 0.237305 -0.106445
v 0.202148 0.237305 -0.106445
v 0.200195 0.235352 -0.108398
v 0.200195 0.235352 -0.108398
v 0.200195 0.235352 -0.108398
v 0.200195 0.235352 -0.108398
v 0.200195 0.239258 -0.108398
v 0.200195 0.239258 -0.108398
v 0.200195 0.239258 -0.108398
v 0.202148 0.24707 -0.102539
v 0.202148 0.24707 -0.102539
v 0.202148 0.24707 -0.102539
v 0.202148 0.24707 -0.102539
v 0.206055 0.233398 -0.114258
v 0.206055 0.233398 -0.114258
v 0.206055 0.233398 -0.114258
v 0.206055 0.233398 -0.114258
v 0.208008 0.241211 -0.110352
v 0.208008 0.241211 -0.110352
v 0.208008 0.241211 -0.110352
v 0.208008 0.241211 -0.110352
v 0.208008 0.241211 -0.110352
v 0.204102 0.241211 -0.110352
v 0.204102 0.241211 -0.110352
v 0.204102 0.241211 -0.110352
v 0.204102 0.241211 -0.110352
v 0.204102 0.241211 -0.110352
v 0.204102 0.239258 -0.116211
v 0.204102 0.239258 -0.116211
v 0.204102 0.239258 -0.116211
v 0.204102 0.239258 -0.116211
v 0.202148 0.231445 -0.112305
v 0.202148 0.231445 -0.112305
v 0.202148 0.231445 -0.112305
v 0.202148 0.231445 -0.112305
v 0.202148 0.231445 -0.112305
v 0.202148 0.231445 -0.112305
v 0.202148 0.231445 -0.112305
v 0.194336 0.229492 -0.114258
v 0.194336 0.229492 -0.114258
v 0.194336 0.229492 -0.114258
v 0.192383 0.227539 -0.116211
v 0.192383 0.227539 -0.116211
v 0.192383 0.227539 -0.116211
v 0.192383 0.227539 -0.116211
v 0.192383 0.233398 -0.116211
v 0.192383 0.233398 -0.116211
v 0.192383 0.233398 -0.116211
v 0.19043 0.229492 -0.114258
v 0.19043 0.229492 -0.114258
v 0.19043 0.229492 -0.114258
v 0.19043 0.229492 -0.114258
v 0.19043 0.229492 -0.114258
v 0.19043 0.229492 -0.116211
v 0.19043 0.229492 -0.116211
v 0.19043 0.229492 -0.116211
v 0.19043 0.229492 -0.116211
v 0.19043 0.231445 -0.116211
v 0.19043 0.231445 -0.116211
v 0.19043 0.231445 -0.116211
v 0.196289 0.227539 -0.118164
v 0.196289 0.227539 -0.118164
v 0.196289 0.227539 -0.118164
v 0.196289 0.227539 -0.118164
v 0.194336 0.225586 -0.118164
v 0.194336 0.225586 -0.118164
v 0.194336 0.225586 -0.118164
v 0.194336 0.225586 -0.118164
v 0.19043 0.225586 -0.124023
v 0.19043 0.225586 -0.124023
v 0.19043 0.225586 -0.124023
v 0.19043 0.225586 -0.124023
v 0.192383 0.227539 -0.118164
v 0.192383 0.227539 -0.118164
v 0.192383 0.227539 -0.118164
v 0.194336 0.227539 -0.120117
v 0.194336 0.227539 -0.120117
v 0.194336 0.227539 -0.120117
v 0.194336 0.227539 -0.120117
v 0.194336 0.227539 -0.120117
v 0.194336 0.231445 -0.118164
v 0.194336 0.231445 -0.118164
v 0.194336 0.231445 -0.118164
v 0.194336 0.231445 -0.118164
v 0.194336 0.231445 -0.118164
v 0.200195 0.235352 -0.112305
v 0.200195 0.235352 -0.112305
v 0.200195 0.235352 -0.112305
v 0.200195 0.235352 -0.112305
v 0.200195 0.235352 -0.112305
v 0.200195 0.235352 -0.112305
v 0.200195 0.239258 -0.112305
v 0.200195 0.239258 -0.112305
v 0.200195 0.239258 -0.112305
v 0.202148 0.235352 -0.116211
v 0.202148 0.235352 -0.116211
v 0.202148 0.235352 -0.116211
v 0.202148 0.235352 -0.116211
v 0.202148 0.235352 -0.116211
v 0.202148 0.235352 -0.116211
v 0.180664 0.139648 -0.092773
v 0.180664 0.139648 -0.092773
v 0.180664 0.139648 -0.092773
v 0.168945 0.157227 -0.079102
v 0.168945 0.157227 -0.079102
v 0.168945 0.157227 -0.079102
v 0.143555 0.161133 -0.081055
v 0.143555 0.161133 -0.081055
v 0.143555 0.161133 -0.081055
v 0.143555 0.161133 -0.081055
v 0.137695 0.174805 -0.081055
v 0.137695 0.174805 -0.081055
v 0.137695 0.174805 -0.081055
v 0.133789 0.174805 -0.09082
v 0.133789 0.174805 -0.09082
v 0.172852 0.145508 -0.098633
v 0.172852 0.145508 -0.098633
v 0.174805 0.231445 -0.069336
v 0.174805 0.231445 -0.069336
v 0.182617 0.227539 -0.071289
v 0.182617 0.227539 -0.071289
v 0.182617 0.227539 -0.071289
v 0.182617 0.227539 -0.071289
v 0.186523 0.243164 -0.063477
v 0.186523 0.243164 -0.063477
v 0.172852 0.223633 -0.084961
v 0.172852 0.223633 -0.084961
v 0.180664 0.223633 -0.088867
v 0.180664 0.223633 -0.088867
v 0.180664 0.223633 -0.088867
v 0.180664 0.223633 -0.088867
v 0.180664 0.223633 -0.088867
v 0.18457 0.229492 -0.088867
v 0.18457 0.229492 -0.088867
v 0.18457 0.229492 -0.088867
v 0.18457 0.229492 -0.088867
v 0.18457 0.229492 -0.088867
v 0.18457 0.229492 -0.088867
v 0.18457 0.229492 -0.088867
v 0.186523 0.229492 -0.09082
v 0.186523 0.229492 -0.09082
v 0.186523 0.229492 -0.09082
v 0.18457 0.239258 -0.088867
v 0.18457 0.239258 -0.088867
v 0.18457 0.239258 -0.088867
v 0.18457 0.239258 -0.088867
v 0.18457 0.245117 -0.09082
v 0.18457 0.245117 -0.09082
v 0.18457 0.245117 -0.09082
v 0.18457 0.245117 -0.09082
v 0.176758 0.245117 -0.086914
v 0.176758 0.245117 -0.086914
v 0.176758 0.245117 -0.086914
v 0.176758 0.245117 -0.086914
v 0.178711 0.249023 -0.088867
v 0.178711 0.249023 -0.088867
v 0.170898 0.227539 -0.083008
v 0.170898 0.227539 -0.083008
v 0.170898 0.227539 -0.083008
v 0.170898 0.227539 -0.083008
v 0.166992 0.227539 -0.083008
v 0.166992 0.227539 -0.083008
v 0.166992 0.227539 -0.083008
v 0.168945 0.241211 -0.083008
v 0.168945 0.241211 -0.083008
v 0.168945 0.241211 -0.083008
v 0.170898 0.249023 -0.084961
v 0.170898 0.249023 -0.084961
v 0.170898 0.249023 -0.084961
v 0.170898 0.249023 -0.084961
v 0.165039 0.243164 -0.083008
v 0.165039 0.243164 -0.083008
v 0.163086 0.235352 -0.081055
v 0.163086 0.235352 -0.081055
v 0.163086 0.235352 -0.081055
v 0.176758 0.217773 -0.100586
v 0.176758 0.217773 -0.100586
v 0.176758 0.217773 -0.100586
v 0.166992 0.217773 -0.098633
v 0.166992 0.217773 -0.098633
v 0.166992 0.217773 -0.098633
v 0.182617 0.217773 -0.12207
v 0.182617 0.217773 -0.12207
v 0.182617 0.217773 -0.12207
v 0.182617 0.217773 -0.12207
v 0.161133 0.21582 -0.110352
v 0.161133 0.21582 -0.110352
v 0.161133 0.21582 -0.110352
v 0.157227 0.21582 -0.124023
v 0.157227 0.21582 -0.124023
v 0.157227 0.21582 -0.124023
v 0.157227 0.21582 -0.124023
v 0.182617 0.223633 -0.104492
v 0.182617 0.223633 -0.104492
v 0.182617 0.233398 -0.104492
v 0.182617 0.233398 -0.104492
v 0.182617 0.233398 -0.104492
v 0.178711 0.225586 -0.102539
v 0.178711 0.225586 -0.102539
v 0.178711 0.225586 -0.102539
v 0.174805 0.249023 -0.100586
v 0.174805 0.249023 -0.100586
v 0.174805 0.249023 -0.100586
v 0.174805 0.249023 -0.100586
v 0.180664 0.241211 -0.104492
v 0.180664 0.241211 -0.104492
v 0.180664 0.241211 -0.104492
v 0.180664 0.241211 -0.104492
v 0.18457 0.245117 -0.106445
v 0.18457 0.245117 -0.106445
v 0.18457 0.245117 -0.106445
v 0.168945 0.223633 -0.098633
v 0.168945 0.223633 -0.098633
v 0.168945 0.223633 -0.098633
v 0.15918 0.223633 -0.094727
v 0.15918 0.223633 -0.094727
v 0.15918 0.223633 -0.094727
v 0.163086 0.227539 -0.09668
v 0.163086 0.227539 -0.09668
v 0.163086 0.227539 -0.09668
v 0.15918 0.235352 -0.094727
v 0.15918 0.235352 -0.094727
v 0.15918 0.235352 -0.094727
v 0.163086 0.245117 -0.09668
v 0.163086 0.245117 -0.09668
v 0.163086 0.245117 -0.09668
v 0.15918 0.249023 -0.09668
v 0.15918 0.249023 -0.09668
v 0.182617 0.223633 -0.116211
v 0.182617 0.223633 -0.116211
v 0.182617 0.223633 -0.116211
v 0.182617 0.223633 -0.116211
v 0.182617 0.223633 -0.116211
v 0.182617 0.231445 -0.116211
v 0.182617 0.231445 -0.116211
v 0.182617 0.231445 -0.116211
v 0.174805 0.219727 -0.112305
v 0.174805 0.219727 -0.112305
v 0.176758 0.225586 -0.116211
v 0.176758 0.225586 -0.116211
v 0.186523 0.219727 -0.120117
v 0.186523 0.219727 -0.120117
v 0.186523 0.219727 -0.120117
v 0.186523 0.227539 -0.118164
v 0.186523 0.227539 -0.118164
v 0.186523 0.227539 -0.118164
v 0.18457 0.229492 -0.120117
v 0.18457 0.229492 -0.120117
v 0.18457 0.229492 -0.120117
v 0.18457 0.229492 -0.120117
v 0.18457 0.229492 -0.120117
v 0.180664 0.231445 -0.118164
v 0.180664 0.231445 -0.118164
v 0.180664 0.231445 -0.118164
v 0.182617 0.229492 -0.124023
v 0.182617 0.229492 -0.124023
v 0.182617 0.229492 -0.124023
v 0.182617 0.229492 -0.124023
v 0.178711 0.22168 -0.120117
v 0.178711 0.22168 -0.120117
v 0.176758 0.249023 -0.114258
v 0.176758 0.249023 -0.114258
v 0.176758 0.249023 -0.114258
v 0.176758 0.249023 -0.114258
v 0.176758 0.249023 -0.114258
v 0.176758 0.249023 -0.114258
v 0.180664 0.243164 -0.118164
v 0.180664 0.243164 -0.118164
v 0.180664 0.243164 -0.118164
v 0.180664 0.243164 -0.118164
v 0.170898 0.219727 -0.112305
v 0.170898 0.219727 -0.112305
v 0.170898 0.219727 -0.112305
v 0.163086 0.219727 -0.110352
v 0.163086 0.219727 -0.110352
v 0.163086 0.219727 -0.110352
v 0.163086 0.219727 -0.110352
v 0.163086 0.219727 -0.110352
v 0.155273 0.231445 -0.094727
v 0.155273 0.231445 -0.094727
v 0.155273 0.223633 -0.104492
v 0.155273 0.223633 -0.104492
v 0.155273 0.223633 -0.104492
v 0.155273 0.225586 -0.108398
v 0.155273 0.225586 -0.108398
v 0.155273 0.225586 -0.108398
v 0.149414 0.223633 -0.106445
v 0.149414 0.223633 -0.106445
v 0.149414 0.223633 -0.106445
v 0.15332 0.229492 -0.106445
v 0.15332 0.229492 -0.106445
v 0.15332 0.229492 -0.106445
v 0.15332 0.231445 -0.106445
v 0.15332 0.231445 -0.106445
v 0.155273 0.241211 -0.094727
v 0.155273 0.241211 -0.094727
v 0.155273 0.241211 -0.094727
v 0.151367 0.237305 -0.104492
v 0.151367 0.237305 -0.104492
v 0.151367 0.237305 -0.104492
v 0.15332 0.243164 -0.108398
v 0.15332 0.243164 -0.108398
v 0.15332 0.243164 -0.108398
v 0.149414 0.225586 -0.124023
v 0.149414 0.225586 -0.124023
v 0.149414 0.225586 -0.124023
v 0.143555 0.223633 -0.120117
v 0.143555 0.223633 -0.120117
v 0.143555 0.223633 -0.120117
v 0.147461 0.229492 -0.120117
v 0.147461 0.229492 -0.120117
v 0.147461 0.229492 -0.120117
v 0.147461 0.229492 -0.120117
v 0.145508 0.239258 -0.124023
v 0.145508 0.239258 -0.124023
v 0.145508 0.239258 -0.124023
v 0.108398 0.086914 -0.102539
v 0.108398 0.086914 -0.102539
v 0.108398 0.086914 -0.102539
v 0.108398 0.086914 -0.102539
v 0.098633 0.094727 -0.104492
v 0.098633 0.094727 -0.104492
v 0.098633 0.094727 -0.104492
v 0.083008 0.083008 -0.104492
v 0.083008 0.083008 -0.104492
v 0.083008 0.083008 -0.104492
v 0.086914 0.118164 -0.106445
v 0.086914 0.118164 -0.106445
v 0.000977 0.020508 -0.098633
v 0.000977 0.020508 -0.098633
v 0.000977 0.020508 -0.098633
v 0.000977 0.020508 -0.098633
v 0.014648 0.000977 -0.118164
v 0.014648 0.000977 -0.118164
v 0.014648 0.000977 -0.118164
v 0.014648 0.000977 -0.118164
v 0.014648 0.000977 -0.118164
v 0.014648 0.000977 -0.118164
v 0.006836 0.032227 -0.100586
v 0.006836 0.032227 -0.100586
v 0.006836 0.032227 -0.100586
v 0.026367 0.110352 -0.086914
v 0.00293 0.098633 -0.09082
v 0.00293 0.098633 -0.09082
v 0.00293 0.098633 -0.09082
v 0.12207 0.21582 -0.030273
v 0.12207 0.21582 -0.030273
v 0.114258 0.209961 -0.038086
v 0.114258 0.209961 -0.038086
v 0.114258 0.209961 -0.038086
v 0.069336 0.227539 -0.036133
v 0.069336 0.227539 -0.036133
v 0.069336 0.227539 -0.036133
v 0.069336 0.227539 -0.036133
v 0.055664 0.223633 -0.045898
v 0.055664 0.223633 -0.045898
v 0.03418 0.231445 -0.040039
v 0.03418 0.231445 -0.040039
v 0.016602 0.231445 -0.040039
v 0.016602 0.231445 -0.040039
v 0.016602 0.231445 -0.040039
v 0.006836 0.225586 -0.045898
v 0.006836 0.225586 -0.045898
v 0.006836 0.225586 -0.045898
v 0.006836 0.225586 -0.045898
v 0.071289 0.135742 -0.094727
v 0.071289 0.135742 -0.094727
v 0.079102 0.131836 -0.118164
v 0.079102 0.131836 -0.118164
v 0.079102 0.180664 -0.116211
v 0.063477 0.166992 -0.124023
v 0.063477 0.166992 -0.124023
v 0.063477 0.166992 -0.124023
v 0.094727 0.198242 -0.077148
v 0.094727 0.198242 -0.077148
v 0.094727 0.198242 -0.077148
v 0.094727 0.198242 -0.077148
v 0.09082 0.198242 -0.086914
v 0.09082 0.198242 -0.086914
v 0.061523 0.133789 -0.086914
v 0.061523 0.133789 -0.086914
v 0.047852 0.147461 -0.083008
v 0.047852 0.147461 -0.083008
v 0.047852 0.147461 -0.083008
v 0.051758 0.15332 -0.09082
v 0.051758 0.15332 -0.09082
v 0.051758 0.15332 -0.09082
v 0.051758 0.15332 -0.09082
v 0.051758 0.15332 -0.09082
v 0.000977 0.125977 -0.084961
v 0.000977 0.125977 -0.084961
v 0.008789 0.137695 -0.086914
v 0.008789 0.137695 -0.086914
v 0.045898 0.186523 -0.114258
v 0.045898 0.186523 -0.114258
v 0.045898 0.186523 -0.114258
v 0.038086 0.174805 -0.112305
v 0.038086 0.174805 -0.112305
v 0.038086 0.174805 -0.112305
v 0.05957 0.213867 -0.073242
v 0.051758 0.213867 -0.081055
v 0.051758 0.213867 -0.081055
v 0.020508 0.223633 -0.06543
v 0.000977 0.22168 -0.063477
v 0.000977 0.22168 -0.063477
v 0.012695 0.223633 -0.071289
v 0.012695 0.223633 -0.071289
v 0.032227 0.202148 -0.100586
v 0.032227 0.202148 -0.100586
v 0.00293 0.194336 -0.100586
v 0.00293 0.194336 -0.100586
v 0.141602 0.040039 -0.12793
v 0.141602 0.040039 -0.12793
v 0.141602 0.040039 -0.12793
v 0.125977 0.102539 -0.129883
v 0.125977 0.102539 -0.129883
v 0.125977 0.143555 -0.131836
v 0.125977 0.143555 -0.131836
v 0.178711 0.21582 -0.137695
v 0.178711 0.21582 -0.137695
v 0.178711 0.21582 -0.137695
v 0.178711 0.21582 -0.137695
v 0.178711 0.21582 -0.137695
v 0.178711 0.21582 -0.137695
v 0.178711 0.21582 -0.137695
v 0.186523 0.225586 -0.125977
v 0.186523 0.225586 -0.125977
v 0.186523 0.225586 -0.125977
v 0.186523 0.225586 -0.125977
v 0.172852 0.225586 -0.131836
v 0.172852 0.225586 -0.131836
v 0.172852 0.225586 -0.131836
v 0.172852 0.225586 -0.131836
v 0.180664 0.22168 -0.139648
v 0.180664 0.22168 -0.139648
v 0.180664 0.22168 -0.139648
v 0.180664 0.22168 -0.139648
v 0.180664 0.22168 -0.139648
v 0.172852 0.219727 -0.133789
v 0.172852 0.219727 -0.133789
v 0.172852 0.219727 -0.133789
v 0.172852 0.219727 -0.133789
v 0.174805 0.225586 -0.135742
v 0.174805 0.225586 -0.135742
v 0.174805 0.225586 -0.135742
v 0.172852 0.223633 -0.135742
v 0.172852 0.223633 -0.135742
v 0.172852 0.223633 -0.135742
v 0.172852 0.223633 -0.135742
v 0.172852 0.223633 -0.135742
v 0.172852 0.223633 -0.135742
v 0.172852 0.231445 -0.135742
v 0.172852 0.231445 -0.135742
v 0.172852 0.231445 -0.135742
v 0.172852 0.231445 -0.135742
v 0.174805 0.243164 -0.133789
v 0.174805 0.243164 -0.133789
v 0.174805 0.243164 -0.133789
v 0.174805 0.243164 -0.133789
v 0.174805 0.243164 -0.133789
v 0.166992 0.219727 -0.131836
v 0.166992 0.219727 -0.131836
v 0.166992 0.219727 -0.131836
v 0.166992 0.219727 -0.131836
v 0.15918 0.219727 -0.125977
v 0.15918 0.219727 -0.125977
v 0.15918 0.219727 -0.125977
v 0.157227 0.227539 -0.129883
v 0.157227 0.227539 -0.129883
v 0.157227 0.227539 -0.129883
v 0.157227 0.227539 -0.129883
v 0.168945 0.225586 -0.135742
v 0.168945 0.225586 -0.135742
v 0.168945 0.225586 -0.135742
v 0.168945 0.225586 -0.135742
v 0.166992 0.231445 -0.135742
v 0.166992 0.231445 -0.135742
v 0.166992 0.231445 -0.135742
v 0.163086 0.227539 -0.133789
v 0.163086 0.227539 -0.133789
v 0.163086 0.227539 -0.133789
v 0.163086 0.227539 -0.133789
v 0.163086 0.227539 -0.133789
v 0.161133 0.249023 -0.131836
v 0.161133 0.249023 -0.131836
v 0.157227 0.243164 -0.131836
v 0.157227 0.243164 -0.131836
v 0.157227 0.243164 -0.131836
v 0.166992 0.239258 -0.135742
v 0.166992 0.239258 -0.135742
v 0.166992 0.239258 -0.135742
v 0.170898 0.243164 -0.135742
v 0.170898 0.243164 -0.135742
v 0.170898 0.243164 -0.135742
v 0.163086 0.243164 -0.133789
v 0.163086 0.243164 -0.133789
v 0.161133 0.219727 -0.147461
v 0.161133 0.219727 -0.147461
v 0.161133 0.219727 -0.147461
v 0.161133 0.219727 -0.147461
v 0.157227 0.225586 -0.151367
v 0.157227 0.225586 -0.151367
v 0.157227 0.225586 -0.151367
v 0.151367 0.217773 -0.12793
v 0.151367 0.217773 -0.12793
v 0.151367 0.217773 -0.12793
v 0.147461 0.21582 -0.12793
v 0.147461 0.21582 -0.12793
v 0.147461 0.21582 -0.12793
v 0.139648 0.217773 -0.145508
v 0.139648 0.217773 -0.145508
v 0.139648 0.217773 -0.145508
v 0.155273 0.22168 -0.12793
v 0.155273 0.22168 -0.12793
v 0.155273 0.22168 -0.12793
v 0.155273 0.22168 -0.12793
v 0.155273 0.22168 -0.12793
v 0.155273 0.22168 -0.12793
v 0.155273 0.22168 -0.12793
v 0.151367 0.231445 -0.129883
v 0.151367 0.231445 -0.129883
v 0.151367 0.231445 -0.129883
v 0.151367 0.231445 -0.129883
v 0.147461 0.22168 -0.12793
v 0.147461 0.22168 -0.12793
v 0.147461 0.22168 -0.12793
v 0.147461 0.22168 -0.12793
v 0.145508 0.219727 -0.12793
v 0.145508 0.219727 -0.12793
v 0.145508 0.219727 -0.12793
v 0.145508 0.219727 -0.12793
v 0.147461 0.233398 -0.125977
v 0.147461 0.233398 -0.125977
v 0.147461 0.233398 -0.125977
v 0.151367 0.239258 -0.129883
v 0.151367 0.239258 -0.129883
v 0.151367 0.239258 -0.129883
v 0.151367 0.239258 -0.129883
v 0.15332 0.249023 -0.125977
v 0.15332 0.249023 -0.125977
v 0.151367 0.24707 -0.12793
v 0.151367 0.24707 -0.12793
v 0.151367 0.24707 -0.12793
v 0.151367 0.24707 -0.12793
v 0.141602 0.219727 -0.147461
v 0.141602 0.219727 -0.147461
v 0.141602 0.219727 -0.147461
v 0.141602 0.219727 -0.147461
v 0.155273 0.223633 -0.149414
v 0.155273 0.223633 -0.149414
v 0.155273 0.223633 -0.149414
v 0.155273 0.223633 -0.149414
v 0.137695 0.22168 -0.145508
v 0.137695 0.22168 -0.145508
v 0.137695 0.22168 -0.145508
v 0.137695 0.22168 -0.145508
v 0.139648 0.223633 -0.147461
v 0.139648 0.223633 -0.147461
v 0.139648 0.223633 -0.147461
v 0.139648 0.223633 -0.147461
v 0.139648 0.223633 -0.147461
v 0.15918 0.22168 -0.157227
v 0.15918 0.22168 -0.157227
v 0.15918 0.22168 -0.157227
v 0.15918 0.22168 -0.157227
v 0.15918 0.22168 -0.157227
v 0.149414 0.217773 -0.170898
v 0.149414 0.217773 -0.170898
v 0.133789 0.217773 -0.168945
v 0.133789 0.217773 -0.168945
v 0.133789 0.217773 -0.168945
v 0.133789 0.217773 -0.168945
v 0.131836 0.21582 -0.166992
v 0.131836 0.21582 -0.166992
v 0.131836 0.21582 -0.166992
v 0.131836 0.21582 -0.166992
v 0.12793 0.217773 -0.166992
v 0.12793 0.217773 -0.166992
v 0.15332 0.21582 -0.172852
v 0.15332 0.21582 -0.172852
v 0.15332 0.21582 -0.172852
v 0.15332 0.21582 -0.172852
v 0.131836 0.219727 -0.168945
v 0.131836 0.219727 -0.168945
v 0.131836 0.219727 -0.168945
v 0.151367 0.22168 -0.172852
v 0.151367 0.22168 -0.172852
v 0.151367 0.22168 -0.172852
v 0.151367 0.22168 -0.172852
v 0.149414 0.233398 -0.186523
v 0.149414 0.233398 -0.186523
v 0.149414 0.233398 -0.186523
v 0.149414 0.233398 -0.186523
v 0.149414 0.233398 -0.186523
v 0.149414 0.233398 -0.186523
v 0.145508 0.223633 -0.18457
v 0.145508 0.223633 -0.18457
v 0.145508 0.223633 -0.18457
v 0.145508 0.223633 -0.18457
v 0.145508 0.223633 -0.18457
v 0.147461 0.227539 -0.182617
v 0.147461 0.227539 -0.182617
v 0.147461 0.227539 -0.182617
v 0.147461 0.227539 -0.182617
v 0.147461 0.227539 -0.182617
v 0.147461 0.227539 -0.182617
v 0.147461 0.237305 -0.182617
v 0.147461 0.237305 -0.182617
v 0.147461 0.237305 -0.182617
v 0.147461 0.237305 -0.182617
v 0.147461 0.237305 -0.182617
v 0.141602 0.241211 -0.18457
v 0.141602 0.241211 -0.18457
v 0.141602 0.241211 -0.18457
v 0.141602 0.241211 -0.18457
v 0.139648 0.223633 -0.178711
v 0.139648 0.223633 -0.178711
v 0.139648 0.223633 -0.178711
v 0.139648 0.223633 -0.178711
v 0.139648 0.223633 -0.178711
v 0.139648 0.223633 -0.178711
v 0.131836 0.229492 -0.178711
v 0.131836 0.229492 -0.178711
v 0.131836 0.229492 -0.178711
v 0.131836 0.229492 -0.178711
v 0.131836 0.229492 -0.178711
v 0.131836 0.229492 -0.178711
v 0.135742 0.223633 -0.180664
v 0.135742 0.223633 -0.180664
v 0.135742 0.223633 -0.180664
v 0.137695 0.223633 -0.186523
v 0.137695 0.223633 -0.186523
v 0.137695 0.223633 -0.186523
v 0.137695 0.223633 -0.186523
v 0.137695 0.223633 -0.186523
v 0.131836 0.231445 -0.18457
v 0.131836 0.231445 -0.18457
v 0.131836 0.231445 -0.18457
v 0.131836 0.231445 -0.18457
v 0.131836 0.231445 -0.18457
v 0.131836 0.231445 -0.18457
v 0.133789 0.235352 -0.176758
v 0.133789 0.235352 -0.176758
v 0.133789 0.235352 -0.176758
v 0.133789 0.235352 -0.176758
v 0.133789 0.235352 -0.176758
v 0.139648 0.239258 -0.180664
v 0.139648 0.239258 -0.180664
v 0.139648 0.239258 -0.180664
v 0.137695 0.237305 -0.186523
v 0.137695 0.237305 -0.186523
v 0.137695 0.237305 -0.186523
v 0.131836 0.239258 -0.180664
v 0.131836 0.239258 -0.180664
v 0.131836 0.239258 -0.180664
v 0.131836 0.239258 -0.180664
v 0.149414 0.208008 -0.198242
v 0.149414 0.208008 -0.198242
v 0.149414 0.208008 -0.198242
v 0.149414 0.211914 -0.200195
v 0.149414 0.211914 -0.200195
v 0.149414 0.211914 -0.200195
v 0.149414 0.211914 -0.200195
v 0.145508 0.209961 -0.198242
v 0.145508 0.209961 -0.198242
v 0.145508 0.209961 -0.198242
v 0.145508 0.209961 -0.198242
v 0.143555 0.227539 -0.188477
v 0.143555 0.227539 -0.188477
v 0.143555 0.227539 -0.188477
v 0.143555 0.227539 -0.188477
v 0.143555 0.235352 -0.188477
v 0.143555 0.235352 -0.188477
v 0.143555 0.235352 -0.188477
v 0.143555 0.235352 -0.188477
v 0.143555 0.235352 -0.188477
v 0.133789 0.223633 -0.200195
v 0.133789 0.223633 -0.200195
v 0.133789 0.223633 -0.200195
v 0.133789 0.223633 -0.200195
v 0.133789 0.225586 -0.202148
v 0.133789 0.225586 -0.202148
v 0.133789 0.225586 -0.202148
v 0.137695 0.227539 -0.202148
v 0.137695 0.227539 -0.202148
v 0.137695 0.227539 -0.202148
v 0.137695 0.227539 -0.202148
v 0.137695 0.227539 -0.202148
v 0.12793 0.227539 -0.198242
v 0.12793 0.227539 -0.198242
v 0.12793 0.227539 -0.198242
v 0.12793 0.233398 -0.198242
v 0.12793 0.233398 -0.198242
v 0.12793 0.233398 -0.198242
v 0.12793 0.233398 -0.198242
v 0.137695 0.235352 -0.202148
v 0.137695 0.235352 -0.202148
v 0.137695 0.235352 -0.202148
v 0.131836 0.237305 -0.200195
v 0.131836 0.237305 -0.200195
v 0.131836 0.237305 -0.200195
v 0.116211 0.055664 -0.129883
v 0.116211 0.055664 -0.129883
v 0.106445 0.100586 -0.12793
v 0.106445 0.100586 -0.12793
v 0.106445 0.100586 -0.12793
v 0.094727 0.112305 -0.129883
v 0.094727 0.112305 -0.129883
v 0.094727 0.112305 -0.129883
v 0.094727 0.112305 -0.129883
v 0.104492 0.110352 -0.133789
v 0.104492 0.110352 -0.133789
v 0.104492 0.110352 -0.133789
v 0.09082 0.069336 -0.12793
v 0.09082 0.069336 -0.12793
v 0.09082 0.069336 -0.12793
v 0.073242 0.063477 -0.129883
v 0.073242 0.063477 -0.129883
v 0.024414 0.02832 -0.129883
v 0.024414 0.02832 -0.129883
v 0.024414 0.02832 -0.129883
v 0.118164 0.15332 -0.129883
v 0.118164 0.15332 -0.129883
v 0.118164 0.15332 -0.129883
v 0.118164 0.15332 -0.129883
v 0.092773 0.139648 -0.133789
v 0.073242 0.145508 -0.125977
v 0.073242 0.145508 -0.125977
v 0.073242 0.145508 -0.125977
v 0.12207 0.206055 -0.192383
v 0.12207 0.206055 -0.192383
v 0.12207 0.206055 -0.192383
v 0.124023 0.209961 -0.194336
v 0.124023 0.209961 -0.194336
v 0.124023 0.209961 -0.194336
v 0.124023 0.209961 -0.194336
v 0.120117 0.209961 -0.192383
v 0.120117 0.209961 -0.192383
v 0.120117 0.209961 -0.192383
v 0.120117 0.209961 -0.192383
v 0.120117 0.209961 -0.192383
v 0.12207 0.211914 -0.194336
v 0.12207 0.211914 -0.194336
v 0.12207 0.211914 -0.194336
v 0.209961 0.25293 -0.010742
v 0.209961 0.25293 -0.010742
v 0.209961 0.25293 -0.010742
v 0.204102 0.262695 -0.026367
v 0.204102 0.262695 -0.026367
v 0.204102 0.262695 -0.026367
v 0.19043 0.272461 -0.024414
v 0.19043 0.272461 -0.024414
v 0.19043 0.272461 -0.024414
v 0.19043 0.272461 -0.024414
v 0.198242 0.254883 -0.03418
v 0.198242 0.254883 -0.03418
v 0.198242 0.254883 -0.03418
v 0.198242 0.254883 -0.03418
v 0.186523 0.270508 -0.02832
v 0.186523 0.270508 -0.02832
v 0.18457 0.264648 -0.03418
v 0.18457 0.264648 -0.03418
v 0.18457 0.264648 -0.03418
v 0.18457 0.264648 -0.03418
v 0.213867 0.260742 -0.075195
v 0.213867 0.260742 -0.075195
v 0.213867 0.260742 -0.075195
v 0.206055 0.264648 -0.073242
v 0.206055 0.264648 -0.073242
v 0.206055 0.264648 -0.073242
v 0.217773 0.258789 -0.081055
v 0.217773 0.258789 -0.081055
v 0.217773 0.258789 -0.081055
v 0.21582 0.258789 -0.09082
v 0.21582 0.258789 -0.09082
v 0.21582 0.258789 -0.09082
v 0.209961 0.25293 -0.092773
v 0.209961 0.25293 -0.092773
v 0.209961 0.25293 -0.092773
v 0.198242 0.266602 -0.079102
v 0.198242 0.266602 -0.079102
v 0.198242 0.266602 -0.079102
v 0.198242 0.266602 -0.088867
v 0.198242 0.266602 -0.088867
v 0.198242 0.266602 -0.088867
v 0.206055 0.254883 -0.094727
v 0.206055 0.254883 -0.094727
v 0.206055 0.254883 -0.094727
v 0.209961 0.262695 -0.094727
v 0.209961 0.262695 -0.094727
v 0.209961 0.262695 -0.094727
v 0.209961 0.262695 -0.094727
v 0.204102 0.264648 -0.094727
v 0.204102 0.264648 -0.094727
v 0.204102 0.264648 -0.094727
v 0.178711 0.250977 -0.104492
v 0.178711 0.250977 -0.104492
v 0.178711 0.250977 -0.104492
v 0.178711 0.250977 -0.104492
v 0.172852 0.25293 -0.102539
v 0.178711 0.254883 -0.106445
v 0.178711 0.254883 -0.106445
v 0.178711 0.254883 -0.106445
v 0.165039 0.25293 -0.098633
v 0.165039 0.25293 -0.098633
v 0.165039 0.25293 -0.098633
v 0.166992 0.256836 -0.102539
v 0.166992 0.256836 -0.102539
v 0.166992 0.256836 -0.102539
v 0.166992 0.256836 -0.102539
v 0.163086 0.25293 -0.108398
v 0.163086 0.25293 -0.108398
v 0.163086 0.25293 -0.108398
v 0.163086 0.25293 -0.108398
v 0.176758 0.25293 -0.114258
v 0.176758 0.25293 -0.114258
v 0.176758 0.25293 -0.114258
v 0.170898 0.256836 -0.112305
v 0.170898 0.256836 -0.112305
v 0.170898 0.256836 -0.112305
v 0.168945 0.250977 -0.114258
v 0.168945 0.250977 -0.114258
v 0.168945 0.250977 -0.114258
v 0.161133 0.250977 -0.110352
v 0.161133 0.250977 -0.110352
v 0.161133 0.250977 -0.110352
v 0.161133 0.250977 -0.110352
v 0.161133 0.250977 -0.110352
v 0.163086 0.250977 -0.129883
v 0.163086 0.250977 -0.129883
v -0.014648 -0.18457 -0.024414
v -0.014648 -0.18457 -0.024414
v -0.008789 -0.186523 -0.055664
v -0.008789 -0.186523 -0.055664
v -0.040039 -0.161133 -0.057617
v -0.040039 -0.161133 -0.057617
v -0.040039 -0.161133 -0.057617
v -0.03418 -0.161133 -0.083008
v -0.03418 -0.161133 -0.083008
v -0.03418 -0.161133 -0.083008
v -0.041992 -0.149414 -0.069336
v -0.041992 -0.149414 -0.069336
v -0.055664 -0.145508 -0.069336
v -0.055664 -0.145508 -0.069336
v -0.055664 -0.145508 -0.069336
v -0.03418 -0.135742 -0.084961
v -0.03418 -0.135742 -0.084961
v -0.03418 -0.135742 -0.084961
v -0.03418 -0.135742 -0.084961
v -0.057617 -0.141602 -0.086914
v -0.057617 -0.141602 -0.086914
v -0.057617 -0.141602 -0.086914
v -0.008789 -0.133789 -0.100586
v -0.008789 -0.133789 -0.100586
v -0.008789 -0.133789 -0.100586
v -0.008789 -0.133789 -0.100586
v -0.008789 -0.133789 -0.100586
v -0.092773 -0.137695 -0.092773
v -0.092773 -0.137695 -0.092773
v -0.092773 -0.137695 -0.092773
v -0.06543 -0.139648 -0.094727
v -0.06543 -0.139648 -0.094727
v -0.06543 -0.139648 -0.094727
v -0.09668 -0.137695 -0.100586
v -0.09668 -0.137695 -0.100586
v -0.09668 -0.137695 -0.100586
v -0.094727 -0.12793 -0.100586
v -0.094727 -0.12793 -0.100586
v -0.094727 -0.12793 -0.100586
v -0.098633 -0.137695 -0.106445
v -0.098633 -0.137695 -0.106445
v -0.098633 -0.137695 -0.106445
v -0.094727 -0.125977 -0.116211
v -0.094727 -0.125977 -0.116211
v -0.014648 -0.12207 -0.086914
v -0.014648 -0.12207 -0.086914
v -0.014648 -0.12207 -0.086914
v -0.014648 -0.12207 -0.086914
v -0.02832 -0.104492 -0.086914
v -0.02832 -0.104492 -0.086914
v -0.02832 -0.104492 -0.086914
v -0.024414 -0.081055 -0.088867
v -0.024414 -0.081055 -0.088867
v -0.024414 -0.081055 -0.088867
v -0.024414 -0.081055 -0.088867
v -0.053711 -0.09668 -0.088867
v -0.053711 -0.09668 -0.088867
v -0.053711 -0.09668 -0.088867
v -0.053711 -0.09668 -0.088867
v -0.010742 -0.094727 -0.116211
v -0.010742 -0.094727 -0.116211
v -0.055664 -0.081055 -0.102539
v -0.055664 -0.081055 -0.102539
v -0.055664 -0.081055 -0.102539
v -0.055664 -0.081055 -0.102539
v -0.020508 -0.036133 -0.088867
v -0.020508 -0.036133 -0.088867
v -0.020508 -0.036133 -0.088867
v -0.030273 -0.020508 -0.092773
v -0.030273 -0.020508 -0.092773
v -0.043945 -0.000977 -0.09082
v -0.043945 -0.000977 -0.09082
v -0.012695 -0.055664 -0.100586
v -0.012695 -0.055664 -0.100586
v -0.012695 -0.055664 -0.100586
v -0.00293 -0.045898 -0.120117
v -0.00293 -0.045898 -0.120117
v -0.016602 -0.014648 -0.120117
v -0.016602 -0.014648 -0.120117
v -0.016602 -0.014648 -0.120117
v -0.053711 -0.049805 -0.102539
v -0.053711 -0.049805 -0.102539
v -0.053711 -0.049805 -0.102539
v -0.053711 -0.049805 -0.102539
v -0.05957 -0.057617 -0.116211
v -0.049805 -0.020508 -0.094727
v -0.049805 -0.020508 -0.094727
v -0.049805 -0.020508 -0.094727
v -0.051758 -0.000977 -0.110352
v -0.051758 -0.000977 -0.110352
v -0.051758 -0.000977 -0.110352
v -0.057617 -0.012695 -0.112305
v -0.057617 -0.012695 -0.112305
v -0.061523 -0.000977 -0.116211
v -0.061523 -0.000977 -0.116211
v -0.114258 -0.108398 -0.084961
v -0.114258 -0.108398 -0.084961
v -0.114258 -0.108398 -0.084961
v -0.114258 -0.108398 -0.084961
v -0.114258 -0.108398 -0.084961
v -0.114258 -0.09668 -0.079102
v -0.114258 -0.09668 -0.079102
v -0.112305 -0.084961 -0.071289
v -0.112305 -0.084961 -0.071289
v -0.112305 -0.084961 -0.071289
v -0.112305 -0.084961 -0.071289
v -0.112305 -0.084961 -0.092773
v -0.112305 -0.084961 -0.092773
v -0.112305 -0.084961 -0.092773
v -0.112305 -0.084961 -0.092773
v -0.112305 -0.084961 -0.092773
v -0.092773 -0.116211 -0.098633
v -0.092773 -0.116211 -0.098633
v -0.092773 -0.116211 -0.098633
v -0.092773 -0.116211 -0.098633
v -0.09082 -0.120117 -0.108398
v -0.09082 -0.120117 -0.108398
v -0.09082 -0.120117 -0.108398
v -0.09082 -0.12207 -0.116211
v -0.09082 -0.12207 -0.116211
v -0.09082 -0.12207 -0.116211
v -0.09082 -0.12207 -0.116211
v -0.092773 -0.114258 -0.114258
v -0.092773 -0.114258 -0.114258
v -0.092773 -0.114258 -0.114258
v -0.06543 -0.06543 -0.120117
v -0.06543 -0.06543 -0.120117
v -0.094727 -0.110352 -0.100586
v -0.094727 -0.110352 -0.100586
v -0.094727 -0.110352 -0.100586
v -0.094727 -0.110352 -0.100586
v -0.094727 -0.110352 -0.100586
v -0.102539 -0.118164 -0.09668
v -0.102539 -0.118164 -0.09668
v -0.102539 -0.118164 -0.09668
v -0.102539 -0.118164 -0.09668
v -0.102539 -0.118164 -0.09668
v -0.104492 -0.112305 -0.100586
v -0.104492 -0.112305 -0.100586
v -0.104492 -0.112305 -0.100586
v -0.104492 -0.112305 -0.114258
v -0.104492 -0.112305 -0.114258
v -0.104492 -0.112305 -0.114258
v -0.104492 -0.112305 -0.114258
v -0.100586 -0.081055 -0.108398
v -0.100586 -0.081055 -0.108398
v -0.100586 -0.081055 -0.108398
v -0.108398 -0.083008 -0.106445
v -0.108398 -0.083008 -0.106445
v -0.108398 -0.083008 -0.106445
v -0.108398 -0.06543 -0.106445
v -0.108398 -0.06543 -0.106445
v -0.108398 -0.06543 -0.106445
v -0.108398 -0.06543 -0.106445
v -0.114258 -0.075195 -0.104492
v -0.114258 -0.075195 -0.104492
v -0.114258 -0.075195 -0.104492
v -0.116211 -0.063477 -0.104492
v -0.116211 -0.063477 -0.104492
v -0.116211 -0.063477 -0.104492
v -0.09668 -0.071289 -0.112305
v -0.09668 -0.071289 -0.112305
v -0.09668 -0.071289 -0.112305
v -0.09668 -0.071289 -0.112305
v -0.104492 -0.071289 -0.112305
v -0.104492 -0.071289 -0.112305
v -0.104492 -0.077148 -0.114258
v -0.104492 -0.077148 -0.114258
v -0.094727 -0.069336 -0.118164
v -0.094727 -0.069336 -0.118164
v -0.094727 -0.069336 -0.118164
v -0.094727 -0.069336 -0.118164
v -0.110352 -0.077148 -0.112305
v -0.110352 -0.077148 -0.112305
v -0.110352 -0.077148 -0.112305
v -0.112305 -0.069336 -0.110352
v -0.112305 -0.069336 -0.110352
v -0.112305 -0.069336 -0.110352
v -0.112305 -0.069336 -0.110352
v -0.114258 -0.038086 -0.067383
v -0.114258 -0.038086 -0.067383
v -0.114258 -0.038086 -0.067383
v -0.114258 -0.038086 -0.067383
v -0.114258 -0.016602 -0.073242
v -0.114258 -0.016602 -0.073242
v -0.114258 -0.016602 -0.073242
v -0.114258 -0.016602 -0.073242
v -0.114258 -0.016602 -0.073242
v -0.114258 -0.016602 -0.083008
v -0.114258 -0.016602 -0.083008
v -0.114258 -0.016602 -0.083008
v -0.114258 -0.016602 -0.083008
v -0.108398 -0.061523 -0.106445
v -0.108398 -0.061523 -0.106445
v -0.108398 -0.061523 -0.106445
v -0.106445 -0.051758 -0.108398
v -0.106445 -0.051758 -0.108398
v -0.106445 -0.051758 -0.108398
v -0.12207 -0.057617 -0.102539
v -0.12207 -0.057617 -0.102539
v -0.12207 -0.057617 -0.102539
v -0.120117 -0.053711 -0.108398
v -0.120117 -0.053711 -0.108398
v -0.120117 -0.053711 -0.108398
v -0.120117 -0.053711 -0.108398
v -0.114258 -0.036133 -0.09668
v -0.114258 -0.036133 -0.09668
v -0.114258 -0.036133 -0.09668
v -0.114258 -0.036133 -0.09668
v -0.114258 -0.045898 -0.104492
v -0.114258 -0.045898 -0.104492
v -0.114258 -0.045898 -0.104492
v -0.108398 -0.045898 -0.110352
v -0.108398 -0.045898 -0.110352
v -0.108398 -0.045898 -0.110352
v -0.108398 -0.045898 -0.110352
v -0.108398 -0.045898 -0.110352
v -0.108398 -0.045898 -0.110352
v -0.112305 -0.055664 -0.110352
v -0.112305 -0.055664 -0.110352
v -0.116211 -0.051758 -0.110352
v -0.116211 -0.051758 -0.110352
v -0.118164 -0.057617 -0.110352
v -0.118164 -0.057617 -0.110352
v -0.118164 -0.057617 -0.110352
v -0.114258 -0.00293 -0.104492
v -0.114258 -0.00293 -0.104492
v -0.114258 -0.00293 -0.104492
v -0.114258 -0.00293 -0.104492
v -0.106445 -0.00293 -0.112305
v -0.106445 -0.00293 -0.112305
v -0.15918 -0.163086 -0.02832
v -0.15918 -0.163086 -0.02832
v -0.186523 -0.135742 -0.010742
v -0.174805 -0.143555 -0.049805
v -0.174805 -0.143555 -0.049805
v -0.174805 -0.143555 -0.049805
v -0.174805 -0.143555 -0.049805
v -0.174805 -0.143555 -0.049805
v -0.174805 -0.143555 -0.049805
v -0.174805 -0.135742 -0.047852
v -0.174805 -0.135742 -0.047852
v -0.174805 -0.135742 -0.047852
v -0.21582 -0.204102 -0.026367
v -0.21582 -0.204102 -0.026367
v -0.233398 -0.227539 -0.014648
v -0.243164 -0.227539 -0.03418
v -0.243164 -0.227539 -0.03418
v -0.225586 -0.188477 -0.047852
v -0.225586 -0.188477 -0.047852
v -0.225586 -0.188477 -0.047852
v -0.225586 -0.188477 -0.047852
v -0.196289 -0.168945 -0.020508
v -0.208008 -0.172852 -0.040039
v -0.208008 -0.172852 -0.040039
v -0.192383 -0.131836 -0.03418
v -0.192383 -0.131836 -0.03418
v -0.208008 -0.143555 -0.047852
v -0.208008 -0.143555 -0.047852
v -0.233398 -0.172852 -0.049805
v -0.18457 -0.102539 -0.014648
v -0.18457 -0.102539 -0.014648
v -0.204102 -0.09668 -0.047852
v -0.204102 -0.09668 -0.047852
v -0.192383 -0.088867 -0.03418
v -0.237305 -0.112305 -0.041992
v -0.237305 -0.112305 -0.041992
v -0.235352 -0.100586 -0.043945
v -0.235352 -0.100586 -0.043945
v -0.235352 -0.100586 -0.043945
v -0.219727 -0.124023 -0.049805
v -0.245117 -0.06543 -0.041992
v -0.245117 -0.06543 -0.041992
v -0.245117 -0.06543 -0.041992
v -0.19043 -0.061523 -0.010742
v -0.19043 -0.061523 -0.010742
v -0.204102 -0.026367 -0.004883
v -0.204102 -0.026367 -0.004883
v -0.204102 -0.026367 -0.004883
v -0.21582 -0.016602 -0.030273
v -0.21582 -0.016602 -0.030273
v -0.200195 -0.053711 -0.03418
v -0.21582 -0.047852 -0.047852
v -0.21582 -0.047852 -0.047852
v -0.200195 -0.000977 -0.038086
v -0.200195 -0.000977 -0.038086
v -0.200195 -0.000977 -0.038086
v -0.200195 -0.000977 -0.038086
v -0.194336 -0.010742 -0.053711
v -0.194336 -0.010742 -0.053711
v -0.194336 -0.010742 -0.053711
v -0.194336 -0.010742 -0.053711
v -0.202148 -0.010742 -0.057617
v -0.202148 -0.010742 -0.057617
v -0.202148 -0.010742 -0.057617
v -0.213867 -0.012695 -0.053711
v -0.213867 -0.012695 -0.053711
v -0.213867 -0.012695 -0.053711
v -0.213867 -0.012695 -0.053711
v -0.213867 -0.012695 -0.053711
v -0.213867 -0.012695 -0.053711
v -0.213867 -0.004883 -0.05957
v -0.213867 -0.004883 -0.05957
v -0.225586 -0.061523 -0.049805
v -0.22168 -0.006836 -0.041992
v -0.22168 -0.006836 -0.041992
v -0.22168 -0.006836 -0.041992
v -0.22168 -0.006836 -0.041992
v -0.241211 -0.008789 -0.045898
v -0.241211 -0.008789 -0.045898
v -0.233398 -0.014648 -0.05957
v -0.233398 -0.014648 -0.05957
v -0.233398 -0.014648 -0.05957
v -0.239258 -0.016602 -0.055664
v -0.239258 -0.016602 -0.055664
v -0.239258 -0.016602 -0.055664
v -0.141602 -0.112305 -0.067383
v -0.141602 -0.112305 -0.067383
v -0.141602 -0.120117 -0.073242
v -0.141602 -0.120117 -0.073242
v -0.141602 -0.120117 -0.073242
v -0.12793 -0.084961 -0.079102
v -0.12793 -0.084961 -0.079102
v -0.12793 -0.084961 -0.079102
v -0.12793 -0.084961 -0.079102
v -0.143555 -0.110352 -0.104492
v -0.143555 -0.110352 -0.104492
v -0.143555 -0.110352 -0.104492
v -0.143555 -0.110352 -0.104492
v -0.143555 -0.110352 -0.104492
v -0.143555 -0.110352 -0.104492
v -0.145508 -0.104492 -0.098633
v -0.145508 -0.104492 -0.098633
v -0.145508 -0.104492 -0.098633
v -0.145508 -0.104492 -0.098633
v -0.145508 -0.104492 -0.098633
v -0.143555 -0.104492 -0.106445
v -0.143555 -0.104492 -0.106445
v -0.143555 -0.104492 -0.106445
v -0.143555 -0.104492 -0.106445
v -0.155273 -0.09668 -0.118164
v -0.155273 -0.09668 -0.118164
v -0.155273 -0.09668 -0.118164
v -0.139648 -0.081055 -0.106445
v -0.139648 -0.081055 -0.106445
v -0.139648 -0.081055 -0.106445
v -0.139648 -0.081055 -0.106445
v -0.129883 -0.075195 -0.09668
v -0.129883 -0.075195 -0.09668
v -0.129883 -0.075195 -0.09668
v -0.129883 -0.075195 -0.09668
v -0.145508 -0.088867 -0.106445
v -0.145508 -0.088867 -0.106445
v -0.145508 -0.088867 -0.106445
v -0.145508 -0.088867 -0.106445
v -0.145508 -0.088867 -0.106445
v -0.15332 -0.09082 -0.104492
v -0.15332 -0.09082 -0.104492
v -0.15332 -0.09082 -0.104492
v -0.15332 -0.09082 -0.104492
v -0.15332 -0.09082 -0.104492
v -0.151367 -0.084961 -0.108398
v -0.151367 -0.084961 -0.108398
v -0.151367 -0.084961 -0.108398
v -0.137695 -0.083008 -0.110352
v -0.137695 -0.083008 -0.110352
v -0.137695 -0.083008 -0.110352
v -0.137695 -0.083008 -0.110352
v -0.139648 -0.077148 -0.110352
v -0.139648 -0.077148 -0.110352
v -0.139648 -0.077148 -0.110352
v -0.147461 -0.086914 -0.110352
v -0.147461 -0.086914 -0.110352
v -0.147461 -0.086914 -0.110352
v -0.147461 -0.086914 -0.110352
v -0.141602 -0.086914 -0.116211
v -0.141602 -0.086914 -0.116211
v -0.141602 -0.086914 -0.116211
v -0.145508 -0.079102 -0.116211
v -0.145508 -0.079102 -0.116211
v -0.145508 -0.079102 -0.116211
v -0.149414 -0.092773 -0.110352
v -0.149414 -0.092773 -0.110352
v -0.149414 -0.092773 -0.110352
v -0.15332 -0.092773 -0.110352
v -0.15332 -0.092773 -0.110352
v -0.15332 -0.092773 -0.110352
v -0.155273 -0.086914 -0.110352
v -0.155273 -0.086914 -0.110352
v -0.155273 -0.086914 -0.110352
v -0.155273 -0.086914 -0.110352
v -0.141602 -0.09082 -0.118164
v -0.141602 -0.09082 -0.118164
v -0.141602 -0.09082 -0.118164
v -0.145508 -0.083008 -0.12207
v -0.145508 -0.083008 -0.12207
v -0.147461 -0.084961 -0.124023
v -0.147461 -0.084961 -0.124023
v -0.151367 -0.079102 -0.12207
v -0.151367 -0.079102 -0.12207
v -0.151367 -0.079102 -0.12207
v -0.151367 -0.079102 -0.12207
v -0.151367 -0.079102 -0.12207
v -0.163086 -0.094727 -0.094727
v -0.163086 -0.094727 -0.094727
v -0.15918 -0.098633 -0.106445
v -0.15918 -0.098633 -0.106445
v -0.15918 -0.098633 -0.106445
v -0.15918 -0.098633 -0.106445
v -0.15918 -0.098633 -0.106445
v -0.166992 -0.09668 -0.108398
v -0.166992 -0.09668 -0.108398
v -0.166992 -0.09668 -0.108398
v -0.166992 -0.09668 -0.108398
v -0.163086 -0.100586 -0.112305
v -0.163086 -0.100586 -0.112305
v -0.163086 -0.100586 -0.112305
v -0.166992 -0.09668 -0.114258
v -0.166992 -0.09668 -0.114258
v -0.166992 -0.09668 -0.114258
v -0.166992 -0.09668 -0.114258
v -0.157227 -0.094727 -0.12207
v -0.157227 -0.094727 -0.12207
v -0.157227 -0.094727 -0.12207
v -0.18457 -0.071289 -0.09668
v -0.18457 -0.071289 -0.09668
v -0.18457 -0.071289 -0.09668
v -0.157227 -0.083008 -0.114258
v -0.157227 -0.083008 -0.114258
v -0.157227 -0.083008 -0.114258
v -0.157227 -0.083008 -0.114258
v -0.157227 -0.083008 -0.114258
v -0.157227 -0.083008 -0.114258
v -0.161133 -0.086914 -0.120117
v -0.161133 -0.086914 -0.120117
v -0.161133 -0.086914 -0.120117
v -0.131836 -0.040039 -0.075195
v -0.131836 -0.040039 -0.075195
v -0.131836 -0.040039 -0.075195
v -0.131836 -0.040039 -0.075195
v -0.131836 -0.038086 -0.088867
v -0.131836 -0.038086 -0.088867
v -0.131836 -0.038086 -0.088867
v -0.131836 -0.038086 -0.088867
v -0.129883 -0.020508 -0.075195
v -0.129883 -0.020508 -0.075195
v -0.129883 -0.020508 -0.075195
v -0.135742 -0.00293 -0.075195
v -0.135742 -0.00293 -0.075195
v -0.135742 -0.00293 -0.075195
v -0.135742 -0.00293 -0.075195
v -0.133789 -0.020508 -0.081055
v -0.133789 -0.020508 -0.081055
v -0.133789 -0.020508 -0.081055
v -0.133789 -0.020508 -0.081055
v -0.133789 -0.020508 -0.081055
v -0.135742 -0.00293 -0.083008
v -0.135742 -0.00293 -0.083008
v -0.135742 -0.00293 -0.083008
v -0.143555 -0.000977 -0.079102
v -0.143555 -0.000977 -0.079102
v -0.143555 -0.000977 -0.079102
v -0.186523 -0.053711 -0.081055
v -0.186523 -0.053711 -0.081055
v -0.186523 -0.053711 -0.081055
v -0.186523 -0.053711 -0.081055
v -0.129883 -0.047852 -0.09668
v -0.129883 -0.047852 -0.09668
v -0.129883 -0.047852 -0.09668
v -0.129883 -0.047852 -0.09668
v -0.174805 -0.053711 -0.09668
v -0.174805 -0.053711 -0.09668
v -0.174805 -0.053711 -0.09668
v -0.186523 -0.014648 -0.094727
v -0.186523 -0.014648 -0.094727
v -0.186523 -0.014648 -0.094727
v -0.186523 -0.014648 -0.094727
v -0.194336 -0.06543 -0.081055
v -0.194336 -0.06543 -0.081055
v -0.22168 -0.116211 -0.081055
v -0.22168 -0.116211 -0.081055
v -0.227539 -0.114258 -0.09082
v -0.227539 -0.114258 -0.09082
v -0.223633 -0.071289 -0.081055
v -0.223633 -0.071289 -0.081055
v -0.235352 -0.06543 -0.081055
v -0.235352 -0.06543 -0.081055
v -0.235352 -0.06543 -0.081055
v -0.225586 -0.079102 -0.09668
v -0.225586 -0.079102 -0.09668
v -0.243164 -0.075195 -0.09668
v -0.243164 -0.075195 -0.09668
v -0.243164 -0.075195 -0.09668
v -0.198242 -0.036133 -0.081055
v -0.198242 -0.036133 -0.081055
v -0.198242 -0.036133 -0.081055
v -0.19043 -0.016602 -0.069336
v -0.19043 -0.016602 -0.069336
v -0.19043 -0.016602 -0.069336
v -0.19043 -0.016602 -0.069336
v -0.19043 -0.016602 -0.069336
v -0.19043 -0.016602 -0.069336
v -0.194336 -0.012695 -0.071289
v -0.194336 -0.012695 -0.071289
v -0.194336 -0.012695 -0.071289
v -0.194336 -0.012695 -0.071289
v -0.194336 -0.012695 -0.071289
v -0.19043 -0.014648 -0.077148
v -0.19043 -0.014648 -0.077148
v -0.19043 -0.014648 -0.077148
v -0.192383 -0.008789 -0.077148
v -0.192383 -0.008789 -0.077148
v -0.192383 -0.008789 -0.077148
v -0.192383 -0.008789 -0.077148
v -0.188477 -0.006836 -0.084961
v -0.188477 -0.006836 -0.084961
v -0.217773 -0.000977 -0.084961
v -0.217773 -0.000977 -0.084961
v -0.217773 -0.000977 -0.084961
v -0.233398 -0.045898 -0.081055
v -0.233398 -0.045898 -0.081055
v -0.233398 -0.045898 -0.081055
v -0.233398 -0.045898 -0.081055
v -0.233398 -0.004883 -0.075195
v -0.233398 -0.004883 -0.075195
v -0.233398 -0.004883 -0.075195
v -0.233398 -0.004883 -0.075195
v -0.233398 -0.004883 -0.075195
v -0.233398 -0.006836 -0.077148
v -0.233398 -0.006836 -0.077148
v -0.233398 -0.006836 -0.077148
v -0.233398 -0.006836 -0.077148
v -0.233398 -0.006836 -0.077148
v -0.233398 -0.006836 -0.077148
v -0.233398 -0.006836 -0.077148
v -0.233398 -0.006836 -0.077148
v -0.241211 -0.018555 -0.069336
v -0.241211 -0.018555 -0.069336
v -0.241211 -0.018555 -0.069336
v -0.241211 -0.018555 -0.069336
v -0.241211 -0.018555 -0.069336
v -0.241211 -0.018555 -0.069336
v -0.243164 -0.018555 -0.077148
v -0.243164 -0.018555 -0.077148
v -0.243164 -0.018555 -0.077148
v -0.243164 -0.018555 -0.077148
v -0.239258 -0.010742 -0.069336
v -0.239258 -0.010742 -0.069336
v -0.239258 -0.010742 -0.069336
v -0.239258 -0.010742 -0.069336
v -0.239258 -0.010742 -0.069336
v -0.239258 -0.010742 -0.069336
v -0.239258 -0.010742 -0.069336
v -0.239258 -0.010742 -0.069336
v -0.237305 -0.010742 -0.071289
v -0.237305 -0.010742 -0.071289
v -0.237305 -0.010742 -0.071289
v -0.237305 -0.010742 -0.071289
v -0.237305 -0.010742 -0.071289
v -0.192383 -0.026367 -0.098633
v -0.192383 -0.026367 -0.098633
v -0.192383 -0.026367 -0.098633
v -0.233398 -0.03418 -0.09668
v -0.233398 -0.03418 -0.09668
v -0.233398 -0.03418 -0.09668
v -0.249023 -0.055664 -0.09668
v -0.249023 -0.055664 -0.09668
v -0.249023 -0.055664 -0.09668
v -0.223633 -0.008789 -0.094727
v -0.223633 -0.008789 -0.094727
v -0.092773 -0.114258 -0.133789
v -0.092773 -0.114258 -0.133789
v -0.092773 -0.114258 -0.133789
v -0.09668 -0.120117 -0.133789
v -0.09668 -0.120117 -0.133789
v -0.09668 -0.120117 -0.133789
v -0.09668 -0.120117 -0.133789
v -0.100586 -0.110352 -0.133789
v -0.100586 -0.110352 -0.133789
v -0.100586 -0.110352 -0.133789
v -0.104492 -0.118164 -0.133789
v -0.104492 -0.118164 -0.133789
v -0.104492 -0.118164 -0.133789
v -0.104492 -0.118164 -0.133789
v -0.139648 -0.088867 -0.139648
v -0.139648 -0.088867 -0.139648
v -0.139648 -0.088867 -0.139648
v -0.143555 -0.081055 -0.129883
v -0.143555 -0.081055 -0.129883
v -0.143555 -0.081055 -0.129883
v -0.149414 -0.092773 -0.125977
v -0.149414 -0.092773 -0.125977
v -0.149414 -0.092773 -0.125977
v -0.149414 -0.092773 -0.125977
v -0.149414 -0.092773 -0.125977
v -0.12793 -0.092773 -0.157227
v -0.12793 -0.092773 -0.157227
v -0.12793 -0.092773 -0.157227
v -0.129883 -0.09082 -0.163086
v -0.129883 -0.09082 -0.163086
v -0.129883 -0.09082 -0.163086
v -0.151367 -0.084961 -0.15918
v -0.151367 -0.084961 -0.15918
v -0.151367 -0.084961 -0.15918
v -0.149414 -0.081055 -0.15918
v -0.149414 -0.081055 -0.15918
v -0.149414 -0.081055 -0.15918
v -0.15918 -0.086914 -0.15918
v -0.15918 -0.086914 -0.15918
v -0.15918 -0.086914 -0.15918
v -0.15918 -0.086914 -0.15918
v -0.15918 -0.083008 -0.15918
v -0.15918 -0.083008 -0.15918
v -0.15918 -0.083008 -0.15918
v -0.15918 -0.083008 -0.15918
v -0.268555 -0.250977 -0.026367
v -0.268555 -0.250977 -0.026367
v -0.297852 -0.266602 -0.014648
v -0.297852 -0.266602 -0.014648
v -0.305664 -0.260742 -0.032227
v -0.338867 -0.270508 -0.022461
v -0.338867 -0.270508 -0.022461
v -0.370117 -0.266602 -0.016602
v -0.370117 -0.266602 -0.016602
v -0.333008 -0.258789 -0.041992
v -0.333008 -0.258789 -0.041992
v -0.368164 -0.260742 -0.036133
v -0.368164 -0.260742 -0.036133
v -0.397461 -0.256836 -0.016602
v -0.397461 -0.256836 -0.016602
v -0.260742 -0.225586 -0.047852
v -0.260742 -0.225586 -0.047852
v -0.280273 -0.198242 -0.043945
v -0.280273 -0.198242 -0.043945
v -0.280273 -0.198242 -0.043945
v -0.274414 -0.19043 -0.043945
v -0.274414 -0.19043 -0.043945
v -0.272461 -0.21582 -0.049805
v -0.288086 -0.249023 -0.041992
v -0.288086 -0.249023 -0.041992
v -0.250977 -0.163086 -0.041992
v -0.250977 -0.163086 -0.041992
v -0.313477 -0.24707 -0.047852
v -0.313477 -0.24707 -0.047852
v -0.325195 -0.235352 -0.049805
v -0.327148 -0.211914 -0.041992
v -0.327148 -0.211914 -0.041992
v -0.327148 -0.211914 -0.041992
v -0.366211 -0.24707 -0.047852
v -0.366211 -0.24707 -0.047852
v -0.374023 -0.206055 -0.041992
v -0.374023 -0.206055 -0.041992
v -0.34082 -0.129883 -0.055664
v -0.34082 -0.129883 -0.055664
v -0.34082 -0.129883 -0.055664
v -0.305664 -0.131836 -0.077148
v -0.305664 -0.131836 -0.077148
v -0.305664 -0.131836 -0.077148
v -0.34082 -0.12793 -0.069336
v -0.34082 -0.12793 -0.069336
v -0.34082 -0.12793 -0.069336
v -0.317383 -0.131836 -0.088867
v -0.317383 -0.131836 -0.088867
v -0.317383 -0.131836 -0.088867
v -0.317383 -0.131836 -0.088867
v -0.317383 -0.131836 -0.088867
v -0.370117 -0.129883 -0.075195
v -0.370117 -0.129883 -0.075195
v -0.370117 -0.129883 -0.075195
v -0.370117 -0.129883 -0.075195
v -0.370117 -0.129883 -0.086914
v -0.370117 -0.129883 -0.086914
v -0.370117 -0.129883 -0.086914
v -0.370117 -0.129883 -0.086914
v -0.317383 -0.125977 -0.094727
v -0.317383 -0.125977 -0.094727
v -0.317383 -0.125977 -0.094727
v -0.317383 -0.125977 -0.094727
v -0.317383 -0.125977 -0.094727
v -0.317383 -0.125977 -0.094727
v -0.276367 -0.026367 -0.040039
v -0.276367 -0.026367 -0.040039
v -0.256836 -0.014648 -0.047852
v -0.323242 -0.124023 -0.057617
v -0.323242 -0.124023 -0.057617
v -0.323242 -0.124023 -0.057617
v -0.313477 -0.104492 -0.057617
v -0.313477 -0.104492 -0.057617
v -0.313477 -0.104492 -0.057617
v -0.323242 -0.088867 -0.055664
v -0.323242 -0.088867 -0.055664
v -0.323242 -0.088867 -0.055664
v -0.323242 -0.088867 -0.055664
v -0.34082 -0.086914 -0.055664
v -0.34082 -0.086914 -0.055664
v -0.34082 -0.086914 -0.055664
v -0.358398 -0.118164 -0.057617
v -0.358398 -0.118164 -0.057617
v -0.358398 -0.118164 -0.057617
v -0.358398 -0.09668 -0.057617
v -0.358398 -0.09668 -0.057617
v -0.358398 -0.09668 -0.057617
v -0.31543 -0.004883 -0.040039
v -0.31543 -0.004883 -0.040039
v -0.368164 -0.008789 -0.040039
v -0.368164 -0.008789 -0.040039
v -0.368164 -0.008789 -0.040039
v -0.301758 -0.12207 -0.094727
v -0.301758 -0.12207 -0.094727
v -0.301758 -0.12207 -0.094727
v -0.311523 -0.118164 -0.100586
v -0.311523 -0.118164 -0.100586
v -0.311523 -0.118164 -0.100586
v -0.305664 -0.110352 -0.09668
v -0.305664 -0.110352 -0.09668
v -0.305664 -0.110352 -0.09668
v -0.305664 -0.110352 -0.09668
v -0.30957 -0.094727 -0.09668
v -0.30957 -0.094727 -0.09668
v -0.30957 -0.094727 -0.09668
v -0.293945 -0.053711 -0.075195
v -0.293945 -0.053711 -0.075195
v -0.319336 -0.112305 -0.069336
v -0.319336 -0.112305 -0.069336
v -0.319336 -0.112305 -0.069336
v -0.327148 -0.124023 -0.069336
v -0.327148 -0.124023 -0.069336
v -0.327148 -0.124023 -0.069336
v -0.323242 -0.094727 -0.069336
v -0.323242 -0.094727 -0.069336
v -0.323242 -0.094727 -0.069336
v -0.313477 -0.108398 -0.092773
v -0.313477 -0.108398 -0.092773
v -0.313477 -0.108398 -0.092773
v -0.31543 -0.098633 -0.092773
v -0.31543 -0.098633 -0.092773
v -0.31543 -0.098633 -0.092773
v -0.31543 -0.098633 -0.092773
v -0.31543 -0.098633 -0.092773
v -0.31543 -0.098633 -0.092773
v -0.323242 -0.100586 -0.092773
v -0.323242 -0.100586 -0.092773
v -0.342773 -0.09082 -0.069336
v -0.342773 -0.09082 -0.069336
v -0.342773 -0.09082 -0.069336
v -0.342773 -0.09082 -0.069336
v -0.317383 -0.081055 -0.092773
v -0.317383 -0.081055 -0.092773
v -0.317383 -0.081055 -0.092773
v -0.317383 -0.081055 -0.092773
v -0.325195 -0.083008 -0.092773
v -0.325195 -0.083008 -0.092773
v -0.325195 -0.083008 -0.092773
v -0.325195 -0.083008 -0.092773
v -0.329102 -0.086914 -0.092773
v -0.329102 -0.086914 -0.092773
v -0.354492 -0.116211 -0.069336
v -0.354492 -0.116211 -0.069336
v -0.354492 -0.116211 -0.069336
v -0.356445 -0.098633 -0.069336
v -0.356445 -0.098633 -0.069336
v -0.356445 -0.098633 -0.069336
v -0.368164 -0.114258 -0.092773
v -0.368164 -0.114258 -0.092773
v -0.368164 -0.114258 -0.092773
v -0.368164 -0.114258 -0.092773
v -0.370117 -0.100586 -0.092773
v -0.370117 -0.100586 -0.092773
v -0.370117 -0.100586 -0.092773
v -0.370117 -0.100586 -0.092773
v -0.370117 -0.092773 -0.075195
v -0.370117 -0.092773 -0.075195
v -0.370117 -0.092773 -0.075195
v -0.370117 -0.092773 -0.075195
v -0.370117 -0.092773 -0.075195
v -0.370117 -0.092773 -0.075195
v -0.370117 -0.092773 -0.075195
v -0.370117 -0.092773 -0.075195
v -0.370117 -0.092773 -0.075195
v -0.350586 -0.073242 -0.081055
v -0.350586 -0.073242 -0.081055
v -0.350586 -0.073242 -0.081055
v -0.350586 -0.073242 -0.081055
v -0.350586 -0.073242 -0.088867
v -0.350586 -0.073242 -0.088867
v -0.350586 -0.073242 -0.088867
v -0.370117 -0.086914 -0.083008
v -0.370117 -0.086914 -0.083008
v -0.370117 -0.086914 -0.083008
v -0.370117 -0.086914 -0.083008
v -0.317383 -0.120117 -0.100586
v -0.317383 -0.120117 -0.100586
v -0.317383 -0.120117 -0.100586
v -0.319336 -0.110352 -0.094727
v -0.319336 -0.110352 -0.094727
v -0.313477 -0.114258 -0.100586
v -0.313477 -0.114258 -0.100586
v -0.319336 -0.114258 -0.100586
v -0.319336 -0.114258 -0.100586
v -0.323242 -0.12207 -0.094727
v -0.323242 -0.12207 -0.094727
v -0.323242 -0.12207 -0.094727
v -0.323242 -0.112305 -0.094727
v -0.323242 -0.112305 -0.094727
v -0.325195 -0.116211 -0.098633
v -0.325195 -0.116211 -0.098633
v -0.325195 -0.116211 -0.098633
v -0.325195 -0.116211 -0.098633
v -0.323242 -0.094727 -0.100586
v -0.323242 -0.094727 -0.100586
v -0.323242 -0.094727 -0.100586
v -0.329102 -0.09668 -0.094727
v -0.329102 -0.09668 -0.094727
v -0.329102 -0.09668 -0.094727
v -0.329102 -0.09668 -0.094727
v -0.317383 -0.092773 -0.100586
v -0.317383 -0.092773 -0.100586
v -0.317383 -0.092773 -0.100586
v -0.319336 -0.086914 -0.100586
v -0.319336 -0.086914 -0.100586
v -0.319336 -0.086914 -0.100586
v -0.325195 -0.088867 -0.100586
v -0.325195 -0.088867 -0.100586
v -0.313477 -0.067383 -0.094727
v -0.329102 -0.09082 -0.098633
v -0.329102 -0.09082 -0.098633
v -0.329102 -0.09082 -0.098633
v -0.329102 -0.09082 -0.098633
v -0.368164 -0.124023 -0.094727
v -0.368164 -0.124023 -0.094727
v -0.368164 -0.124023 -0.094727
v -0.368164 -0.124023 -0.094727
v -0.368164 -0.118164 -0.098633
v -0.368164 -0.118164 -0.098633
v -0.368164 -0.118164 -0.098633
v -0.368164 -0.118164 -0.098633
v -0.370117 -0.094727 -0.098633
v -0.370117 -0.094727 -0.098633
v -0.370117 -0.094727 -0.098633
v -0.370117 -0.09082 -0.094727
v -0.370117 -0.09082 -0.094727
v -0.370117 -0.09082 -0.094727
v -0.370117 -0.09082 -0.094727
v -0.416992 -0.241211 -0.030273
v -0.416992 -0.241211 -0.030273
v -0.416992 -0.241211 -0.030273
v -0.432617 -0.235352 -0.016602
v -0.432617 -0.235352 -0.016602
v -0.393555 -0.24707 -0.040039
v -0.393555 -0.24707 -0.040039
v -0.393555 -0.24707 -0.040039
v -0.393555 -0.24707 -0.040039
v -0.381836 -0.227539 -0.049805
v -0.415039 -0.225586 -0.047852
v -0.415039 -0.225586 -0.047852
v -0.415039 -0.225586 -0.047852
v -0.428711 -0.188477 -0.049805
v -0.428711 -0.188477 -0.049805
v -0.405273 -0.186523 -0.043945
v -0.405273 -0.186523 -0.043945
v -0.415039 -0.178711 -0.041992
v -0.415039 -0.178711 -0.041992
v -0.415039 -0.178711 -0.041992
v -0.415039 -0.178711 -0.041992
v -0.43457 -0.133789 -0.041992
v -0.43457 -0.133789 -0.041992
v -0.43457 -0.133789 -0.041992
v -0.43457 -0.133789 -0.041992
v -0.458008 -0.208008 -0.018555
v -0.458008 -0.208008 -0.018555
v -0.438477 -0.219727 -0.036133
v -0.448242 -0.188477 -0.047852
v -0.448242 -0.188477 -0.047852
v -0.477539 -0.170898 -0.020508
v -0.489258 -0.139648 -0.004883
v -0.485352 -0.139648 -0.026367
v -0.463867 -0.18457 -0.036133
v -0.452148 -0.139648 -0.049805
v -0.46582 -0.143555 -0.047852
v -0.46582 -0.143555 -0.047852
v -0.473633 -0.147461 -0.041992
v -0.436523 -0.079102 -0.043945
v -0.436523 -0.079102 -0.043945
v -0.430664 -0.067383 -0.043945
v -0.430664 -0.067383 -0.043945
v -0.40918 -0.036133 -0.041992
v -0.40918 -0.036133 -0.041992
v -0.422852 -0.020508 -0.049805
v -0.436523 -0.012695 -0.047852
v -0.436523 -0.012695 -0.047852
v -0.489258 -0.110352 -0.020508
v -0.495117 -0.06543 -0.022461
v -0.495117 -0.06543 -0.022461
v -0.495117 -0.06543 -0.022461
v -0.485352 -0.06543 -0.024414
v -0.485352 -0.06543 -0.024414
v -0.485352 -0.06543 -0.024414
v -0.485352 -0.06543 -0.024414
v -0.452148 -0.077148 -0.049805
v -0.481445 -0.112305 -0.038086
v -0.469727 -0.09668 -0.047852
v -0.469727 -0.09668 -0.047852
v -0.483398 -0.079102 -0.032227
v -0.483398 -0.079102 -0.032227
v -0.461914 -0.016602 -0.026367
v -0.461914 -0.016602 -0.026367
v -0.481445 -0.051758 -0.014648
v -0.458008 -0.051758 -0.047852
v -0.458008 -0.051758 -0.047852
v -0.458008 -0.051758 -0.047852
v -0.458008 -0.008789 -0.036133
v -0.458008 -0.008789 -0.036133
v -0.458008 -0.008789 -0.036133
v -0.463867 -0.018555 -0.049805
v -0.463867 -0.018555 -0.049805
v -0.463867 -0.018555 -0.049805
v -0.463867 -0.018555 -0.049805
v -0.463867 -0.018555 -0.049805
v -0.47168 -0.047852 -0.036133
v -0.47168 -0.047852 -0.036133
v -0.47168 -0.047852 -0.036133
v -0.469727 -0.020508 -0.036133
v -0.469727 -0.020508 -0.036133
v -0.469727 -0.020508 -0.036133
v -0.479492 -0.018555 -0.03418
v -0.479492 -0.018555 -0.03418
v -0.479492 -0.018555 -0.03418
v -0.479492 -0.018555 -0.03418
v -0.479492 -0.018555 -0.03418
v -0.483398 -0.014648 -0.03418
v -0.483398 -0.014648 -0.03418
v -0.483398 -0.014648 -0.03418
v -0.483398 -0.014648 -0.03418
v -0.495117 -0.02832 -0.032227
v -0.495117 -0.02832 -0.032227
v -0.495117 -0.02832 -0.032227
v -0.499023 -0.026367 -0.032227
v -0.499023 -0.026367 -0.032227
v -0.499023 -0.026367 -0.032227
v -0.444336 -0.016602 -0.067383
v -0.444336 -0.016602 -0.067383
v -0.444336 -0.016602 -0.067383
v -0.444336 -0.016602 -0.067383
v -0.444336 -0.016602 -0.067383
v -0.448242 -0.012695 -0.075195
v -0.448242 -0.012695 -0.075195
v -0.448242 -0.012695 -0.075195
v -0.448242 -0.012695 -0.075195
v -0.448242 -0.012695 -0.075195
v -0.06543 0.12207 -0.055664
v -0.06543 0.12207 -0.055664
v -0.010742 0.020508 -0.086914
v -0.010742 0.020508 -0.086914
v -0.010742 0.020508 -0.086914
v -0.010742 0.020508 -0.086914
v -0.030273 0.000977 -0.088867
v -0.030273 0.000977 -0.088867
v -0.030273 0.000977 -0.088867
v -0.020508 0.018555 -0.088867
v -0.020508 0.018555 -0.088867
v -0.020508 0.018555 -0.088867
v -0.012695 0.026367 -0.098633
v -0.012695 0.026367 -0.098633
v -0.012695 0.026367 -0.098633
v -0.012695 0.026367 -0.098633
v -0.008789 0.02832 -0.102539
v -0.008789 0.02832 -0.102539
v -0.008789 0.02832 -0.102539
v -0.008789 0.02832 -0.102539
v -0.014648 0.024414 -0.102539
v -0.014648 0.024414 -0.102539
v -0.014648 0.024414 -0.102539
v -0.026367 0.049805 -0.102539
v -0.026367 0.049805 -0.102539
v -0.026367 0.049805 -0.102539
v -0.026367 0.049805 -0.102539
v -0.026367 0.049805 -0.102539
v -0.030273 0.049805 -0.104492
v -0.030273 0.049805 -0.104492
v -0.030273 0.049805 -0.104492
v -0.030273 0.049805 -0.104492
v -0.030273 0.049805 -0.104492
v -0.030273 0.049805 -0.104492
v -0.030273 0.049805 -0.104492
v -0.024414 0.055664 -0.104492
v -0.024414 0.055664 -0.104492
v -0.024414 0.055664 -0.104492
v -0.030273 0.112305 -0.081055
v -0.030273 0.112305 -0.081055
v -0.040039 0.073242 -0.073242
v -0.040039 0.073242 -0.073242
v -0.040039 0.073242 -0.073242
v -0.040039 0.073242 -0.073242
v -0.040039 0.073242 -0.073242
v -0.047852 0.06543 -0.075195
v -0.047852 0.06543 -0.075195
v -0.047852 0.06543 -0.075195
v -0.047852 0.06543 -0.075195
v -0.061523 0.086914 -0.071289
v -0.061523 0.086914 -0.071289
v -0.061523 0.086914 -0.071289
v -0.03418 0.075195 -0.083008
v -0.03418 0.075195 -0.083008
v -0.03418 0.075195 -0.083008
v -0.036133 0.06543 -0.088867
v -0.036133 0.06543 -0.088867
v -0.036133 0.06543 -0.088867
v -0.036133 0.06543 -0.088867
v -0.036133 0.071289 -0.092773
v -0.036133 0.071289 -0.092773
v -0.036133 0.071289 -0.092773
v -0.040039 0.06543 -0.092773
v -0.040039 0.06543 -0.092773
v -0.045898 0.102539 -0.073242
v -0.045898 0.102539 -0.073242
v -0.045898 0.102539 -0.073242
v -0.03418 0.118164 -0.075195
v -0.03418 0.118164 -0.075195
v -0.03418 0.118164 -0.075195
v -0.051758 0.100586 -0.06543
v -0.051758 0.100586 -0.06543
v -0.051758 0.100586 -0.06543
v -0.051758 0.100586 -0.06543
v -0.051758 0.100586 -0.06543
v -0.049805 0.108398 -0.063477
v -0.049805 0.108398 -0.063477
v -0.049805 0.108398 -0.063477
v -0.049805 0.108398 -0.063477
v -0.049805 0.108398 -0.063477
v -0.061523 0.09668 -0.06543
v -0.061523 0.09668 -0.06543
v -0.118164 0.008789 -0.069336
v -0.118164 0.008789 -0.069336
v -0.118164 0.008789 -0.069336
v -0.118164 0.008789 -0.069336
v -0.118164 0.008789 -0.069336
v -0.118164 0.008789 -0.069336
v -0.118164 0.008789 -0.069336
v -0.118164 0.000977 -0.073242
v -0.118164 0.000977 -0.073242
v -0.118164 0.000977 -0.073242
v -0.120117 0.014648 -0.077148
v -0.120117 0.014648 -0.077148
v -0.120117 0.014648 -0.077148
v -0.120117 0.014648 -0.077148
v -0.118164 0.008789 -0.084961
v -0.118164 0.008789 -0.084961
v -0.118164 0.008789 -0.084961
v -0.120117 0.022461 -0.079102
v -0.120117 0.022461 -0.079102
v -0.120117 0.022461 -0.079102
v -0.120117 0.022461 -0.079102
v -0.120117 0.022461 -0.079102
v -0.120117 0.022461 -0.079102
v -0.118164 0.03418 -0.077148
v -0.104492 0.03418 -0.079102
v -0.104492 0.03418 -0.079102
v -0.104492 0.03418 -0.079102
v -0.104492 0.03418 -0.079102
v -0.104492 0.03418 -0.079102
v -0.110352 0.024414 -0.100586
v -0.110352 0.024414 -0.100586
v -0.110352 0.024414 -0.100586
v -0.110352 0.024414 -0.100586
v -0.118164 0.018555 -0.09668
v -0.118164 0.018555 -0.09668
v -0.061523 0.135742 -0.053711
v -0.012695 0.22168 -0.038086
v -0.012695 0.22168 -0.038086
v -0.012695 0.22168 -0.038086
v -0.012695 0.22168 -0.038086
v -0.038086 0.202148 -0.043945
v -0.038086 0.202148 -0.043945
v -0.038086 0.202148 -0.043945
v -0.049805 0.196289 -0.036133
v -0.049805 0.196289 -0.036133
v -0.077148 0.147461 -0.018555
v -0.077148 0.147461 -0.018555
v -0.077148 0.147461 -0.018555
v -0.079102 0.155273 -0.024414
v -0.079102 0.155273 -0.024414
v -0.069336 0.137695 -0.041992
v -0.069336 0.137695 -0.041992
v -0.069336 0.137695 -0.041992
v -0.077148 0.141602 -0.038086
v -0.077148 0.141602 -0.038086
v -0.077148 0.141602 -0.038086
v -0.075195 0.155273 -0.040039
v -0.075195 0.155273 -0.040039
v -0.075195 0.155273 -0.040039
v -0.075195 0.155273 -0.040039
v -0.075195 0.161133 -0.03418
v -0.06543 0.176758 -0.040039
v -0.06543 0.176758 -0.040039
v -0.063477 0.176758 -0.055664
v -0.063477 0.176758 -0.055664
v -0.049805 0.18457 -0.069336
v -0.012695 0.208008 -0.088867
v -0.012695 0.208008 -0.088867
v -0.022461 0.198242 -0.088867
v -0.022461 0.198242 -0.088867
v -0.022461 0.198242 -0.088867
v -0.02832 0.204102 -0.081055
v -0.02832 0.204102 -0.081055
v -0.02832 0.204102 -0.081055
v -0.043945 0.196289 -0.071289
v -0.043945 0.196289 -0.071289
v -0.135742 0.022461 -0.045898
v -0.135742 0.022461 -0.045898
v -0.135742 0.022461 -0.045898
v -0.145508 0.030273 -0.041992
v -0.145508 0.030273 -0.041992
v -0.145508 0.030273 -0.041992
v -0.145508 0.030273 -0.041992
v -0.15332 0.016602 -0.045898
v -0.15332 0.016602 -0.045898
v -0.15332 0.016602 -0.045898
v -0.15332 0.016602 -0.045898
v -0.129883 0.022461 -0.057617
v -0.129883 0.022461 -0.057617
v -0.129883 0.022461 -0.057617
v -0.129883 0.022461 -0.057617
v -0.129883 0.022461 -0.057617
v -0.135742 0.02832 -0.055664
v -0.135742 0.02832 -0.055664
v -0.135742 0.02832 -0.055664
v -0.135742 0.02832 -0.055664
v -0.135742 0.02832 -0.055664
v -0.135742 0.02832 -0.055664
v -0.145508 0.010742 -0.051758
v -0.145508 0.010742 -0.051758
v -0.145508 0.010742 -0.051758
v -0.151367 0.018555 -0.061523
v -0.151367 0.018555 -0.061523
v -0.151367 0.018555 -0.061523
v -0.151367 0.018555 -0.061523
v -0.151367 0.018555 -0.061523
v -0.155273 0.022461 -0.061523
v -0.155273 0.022461 -0.061523
v -0.155273 0.022461 -0.061523
v -0.131836 0.036133 -0.043945
v -0.131836 0.036133 -0.043945
v -0.131836 0.036133 -0.043945
v -0.131836 0.036133 -0.043945
v -0.12793 0.03418 -0.049805
v -0.12793 0.03418 -0.049805
v -0.12793 0.03418 -0.049805
v -0.12793 0.03418 -0.049805
v -0.135742 0.041992 -0.047852
v -0.135742 0.041992 -0.047852
v -0.135742 0.041992 -0.047852
v -0.135742 0.043945 -0.053711
v -0.135742 0.043945 -0.053711
v -0.135742 0.043945 -0.053711
v -0.135742 0.043945 -0.053711
v -0.125977 0.036133 -0.055664
v -0.125977 0.036133 -0.055664
v -0.125977 0.036133 -0.055664
v -0.129883 0.041992 -0.057617
v -0.129883 0.041992 -0.057617
v -0.129883 0.041992 -0.057617
v -0.143555 0.036133 -0.053711
v -0.143555 0.036133 -0.053711
v -0.143555 0.036133 -0.053711
v -0.143555 0.036133 -0.053711
v -0.143555 0.036133 -0.053711
v -0.143555 0.036133 -0.053711
v -0.143555 0.036133 -0.053711
v -0.149414 0.040039 -0.049805
v -0.149414 0.040039 -0.049805
v -0.149414 0.040039 -0.049805
v -0.149414 0.040039 -0.049805
v -0.149414 0.040039 -0.049805
v -0.145508 0.040039 -0.061523
v -0.145508 0.040039 -0.061523
v -0.15918 0.024414 -0.049805
v -0.15918 0.024414 -0.049805
v -0.15918 0.024414 -0.049805
v -0.15918 0.024414 -0.049805
v -0.15918 0.024414 -0.049805
v -0.157227 0.020508 -0.05957
v -0.157227 0.020508 -0.05957
v -0.157227 0.020508 -0.05957
v -0.157227 0.020508 -0.05957
v -0.182617 0.043945 -0.032227
v -0.182617 0.043945 -0.032227
v -0.182617 0.043945 -0.032227
v -0.174805 0.05957 -0.032227
v -0.174805 0.05957 -0.032227
v -0.174805 0.05957 -0.032227
v -0.174805 0.05957 -0.032227
v -0.161133 0.032227 -0.061523
v -0.161133 0.032227 -0.061523
v -0.161133 0.032227 -0.061523
v -0.129883 0.110352 -0.061523
v -0.129883 0.110352 -0.061523
v -0.129883 0.110352 -0.061523
v -0.129883 0.110352 -0.061523
v -0.145508 0.106445 -0.061523
v -0.145508 0.106445 -0.061523
v -0.168945 0.069336 -0.045898
v -0.168945 0.069336 -0.045898
v -0.168945 0.069336 -0.045898
v -0.168945 0.075195 -0.05957
v -0.168945 0.075195 -0.05957
v -0.172852 0.063477 -0.061523
v -0.172852 0.063477 -0.061523
v -0.172852 0.063477 -0.061523
v -0.172852 0.063477 -0.061523
v -0.231445 0.02832 -0.030273
v -0.231445 0.02832 -0.030273
v -0.235352 0.012695 -0.016602
v -0.235352 0.012695 -0.016602
v -0.198242 0.045898 -0.041992
v -0.198242 0.045898 -0.041992
v -0.198242 0.045898 -0.041992
v -0.198242 0.045898 -0.041992
v -0.204102 0.036133 -0.041992
v -0.204102 0.036133 -0.041992
v -0.204102 0.036133 -0.041992
v -0.217773 0.043945 -0.041992
v -0.217773 0.043945 -0.041992
v -0.217773 0.043945 -0.041992
v -0.208008 0.057617 -0.03418
v -0.208008 0.057617 -0.03418
v -0.208008 0.057617 -0.03418
v -0.208008 0.057617 -0.03418
v -0.211914 0.051758 -0.041992
v -0.211914 0.051758 -0.041992
v -0.211914 0.051758 -0.041992
v -0.211914 0.051758 -0.041992
v -0.211914 0.051758 -0.041992
v -0.188477 0.038086 -0.047852
v -0.188477 0.038086 -0.047852
v -0.188477 0.038086 -0.047852
v -0.200195 0.045898 -0.051758
v -0.200195 0.045898 -0.051758
v -0.200195 0.045898 -0.051758
v -0.200195 0.045898 -0.051758
v -0.204102 0.036133 -0.049805
v -0.204102 0.036133 -0.049805
v -0.204102 0.036133 -0.049805
v -0.217773 0.043945 -0.049805
v -0.217773 0.043945 -0.049805
v -0.217773 0.043945 -0.049805
v -0.211914 0.051758 -0.051758
v -0.211914 0.051758 -0.051758
v -0.211914 0.051758 -0.051758
v -0.211914 0.051758 -0.051758
v -0.211914 0.051758 -0.051758
v -0.209961 0.057617 -0.05957
v -0.209961 0.057617 -0.05957
v -0.209961 0.057617 -0.05957
v -0.200195 0.069336 -0.02832
v -0.200195 0.069336 -0.02832
v -0.200195 0.069336 -0.02832
v -0.249023 0.084961 -0.030273
v -0.249023 0.084961 -0.030273
v -0.249023 0.084961 -0.030273
v -0.241211 0.09668 -0.030273
v -0.241211 0.09668 -0.030273
v -0.194336 0.079102 -0.038086
v -0.194336 0.079102 -0.038086
v -0.194336 0.079102 -0.038086
v -0.194336 0.079102 -0.038086
v -0.194336 0.081055 -0.053711
v -0.194336 0.081055 -0.053711
v -0.194336 0.081055 -0.053711
v -0.192383 0.086914 -0.05957
v -0.192383 0.086914 -0.05957
v -0.192383 0.086914 -0.05957
v -0.245117 0.092773 -0.061523
v -0.245117 0.092773 -0.061523
v -0.225586 0.100586 -0.045898
v -0.239258 0.104492 -0.036133
v -0.239258 0.104492 -0.036133
v -0.239258 0.104492 -0.036133
v -0.239258 0.104492 -0.036133
v -0.237305 0.106445 -0.045898
v -0.237305 0.106445 -0.045898
v -0.241211 0.100586 -0.057617
v -0.241211 0.100586 -0.057617
v -0.241211 0.100586 -0.057617
v -0.241211 0.100586 -0.057617
v -0.137695 0.00293 -0.073242
v -0.137695 0.00293 -0.073242
v -0.137695 0.00293 -0.073242
v -0.137695 0.00293 -0.073242
v -0.137695 0.006836 -0.077148
v -0.137695 0.006836 -0.077148
v -0.137695 0.006836 -0.077148
v -0.143555 0.012695 -0.063477
v -0.143555 0.012695 -0.063477
v -0.143555 0.012695 -0.063477
v -0.151367 0.00293 -0.069336
v -0.151367 0.00293 -0.069336
v -0.151367 0.00293 -0.069336
v -0.151367 0.00293 -0.069336
v -0.151367 0.00293 -0.069336
v -0.151367 0.00293 -0.069336
v -0.151367 0.00293 -0.069336
v -0.151367 0.006836 -0.075195
v -0.151367 0.006836 -0.075195
v -0.151367 0.006836 -0.075195
v -0.151367 0.006836 -0.075195
v -0.151367 0.006836 -0.075195
v -0.143555 0.016602 -0.069336
v -0.143555 0.016602 -0.069336
v -0.143555 0.016602 -0.069336
v -0.143555 0.016602 -0.069336
v -0.151367 0.026367 -0.071289
v -0.151367 0.026367 -0.071289
v -0.151367 0.026367 -0.071289
v -0.137695 0.004883 -0.083008
v -0.137695 0.004883 -0.083008
v -0.137695 0.004883 -0.083008
v -0.137695 0.004883 -0.083008
v -0.137695 0.03418 -0.067383
v -0.137695 0.03418 -0.067383
v -0.137695 0.03418 -0.067383
v -0.137695 0.03418 -0.067383
v -0.139648 0.047852 -0.067383
v -0.139648 0.047852 -0.067383
v -0.157227 0.018555 -0.063477
v -0.157227 0.018555 -0.063477
v -0.157227 0.018555 -0.063477
v -0.157227 0.018555 -0.063477
v -0.157227 0.018555 -0.063477
v -0.182617 0.047852 -0.06543
v -0.182617 0.047852 -0.06543
v -0.182617 0.047852 -0.06543
v -0.135742 0.100586 -0.06543
v -0.180664 0.124023 -0.06543
v -0.180664 0.124023 -0.06543
v -0.180664 0.124023 -0.06543
v -0.180664 0.124023 -0.06543
v -0.200195 0.069336 -0.063477
v -0.200195 0.069336 -0.063477
v -0.200195 0.069336 -0.063477
v -0.213867 0.098633 -0.067383
v -0.213867 0.098633 -0.067383
v -0.131836 0.143555 -0.018555
v -0.131836 0.143555 -0.018555
v -0.129883 0.135742 -0.040039
v -0.129883 0.135742 -0.040039
v -0.194336 0.155273 -0.014648
v -0.209961 0.170898 -0.008789
v -0.209961 0.170898 -0.008789
v -0.188477 0.147461 -0.045898
v -0.188477 0.147461 -0.045898
v -0.188477 0.147461 -0.045898
v -0.202148 0.155273 -0.047852
v -0.202148 0.155273 -0.047852
v -0.231445 0.204102 -0.012695
v -0.231445 0.204102 -0.012695
v -0.231445 0.192383 -0.041992
v -0.231445 0.192383 -0.041992
v -0.231445 0.192383 -0.041992
v -0.231445 0.192383 -0.041992
v -0.237305 0.209961 -0.036133
v -0.237305 0.209961 -0.036133
v -0.237305 0.209961 -0.036133
v -0.243164 0.208008 -0.043945
v -0.243164 0.208008 -0.043945
v -0.243164 0.208008 -0.043945
v -0.239258 0.192383 -0.051758
v -0.239258 0.192383 -0.051758
v -0.239258 0.192383 -0.051758
v -0.192383 0.12793 -0.071289
v -0.192383 0.12793 -0.071289
v -0.192383 0.12793 -0.071289
v -0.206055 0.139648 -0.079102
v -0.206055 0.139648 -0.079102
v -0.206055 0.139648 -0.079102
v -0.206055 0.139648 -0.079102
v -0.233398 0.133789 -0.088867
v -0.233398 0.133789 -0.088867
v -0.219727 0.149414 -0.084961
v -0.219727 0.149414 -0.084961
v -0.239258 0.12793 -0.084961
v -0.239258 0.12793 -0.084961
v -0.239258 0.12793 -0.084961
v -0.239258 0.12793 -0.084961
v -0.235352 0.170898 -0.086914
v -0.235352 0.170898 -0.086914
v -0.235352 0.170898 -0.086914
v -0.249023 0.178711 -0.086914
v -0.249023 0.178711 -0.086914
v -0.249023 0.178711 -0.086914
v -0.256836 0.03418 -0.00293
v -0.274414 0.05957 -0.018555
v -0.288086 0.047852 -0.020508
v -0.288086 0.047852 -0.020508
v -0.256836 0.022461 -0.03418
v -0.256836 0.022461 -0.03418
v -0.256836 0.022461 -0.03418
v -0.27832 0.020508 -0.045898
v -0.27832 0.020508 -0.045898
v -0.27832 0.020508 -0.045898
v -0.272461 0.043945 -0.053711
v -0.272461 0.043945 -0.053711
v -0.272461 0.043945 -0.053711
v -0.276367 0.040039 -0.049805
v -0.276367 0.040039 -0.049805
v -0.311523 0.016602 -0.047852
v -0.305664 0.040039 -0.040039
v -0.299805 0.06543 -0.022461
v -0.299805 0.06543 -0.022461
v -0.299805 0.06543 -0.022461
v -0.297852 0.069336 -0.024414
v -0.297852 0.069336 -0.024414
v -0.297852 0.069336 -0.024414
v -0.25293 0.079102 -0.038086
v -0.25293 0.079102 -0.038086
v -0.25293 0.079102 -0.038086
v -0.254883 0.079102 -0.049805
v -0.254883 0.079102 -0.049805
v -0.254883 0.079102 -0.049805
v -0.250977 0.083008 -0.057617
v -0.250977 0.083008 -0.057617
v -0.250977 0.083008 -0.057617
v -0.317383 0.057617 -0.010742
v -0.317383 0.057617 -0.010742
v -0.352539 0.057617 -0.016602
v -0.352539 0.057617 -0.016602
v -0.329102 0.000977 -0.043945
v -0.329102 0.000977 -0.043945
v -0.329102 0.000977 -0.043945
v -0.331055 0.051758 -0.032227
v -0.331055 0.051758 -0.032227
v -0.331055 0.051758 -0.032227
v -0.321289 0.032227 -0.047852
v -0.321289 0.032227 -0.047852
v -0.374023 0.010742 -0.047852
v -0.362305 0.030273 -0.047852
v -0.362305 0.030273 -0.047852
v -0.37207 0.041992 -0.038086
v -0.334961 0.014648 -0.075195
v -0.334961 0.014648 -0.075195
v -0.334961 0.014648 -0.075195
v -0.334961 0.016602 -0.083008
v -0.334961 0.016602 -0.083008
v -0.334961 0.016602 -0.083008
v -0.334961 0.016602 -0.083008
v -0.334961 0.016602 -0.083008
v -0.334961 0.016602 -0.083008
v -0.276367 0.139648 -0.032227
v -0.25293 0.213867 -0.030273
v -0.25293 0.213867 -0.030273
v -0.25293 0.198242 -0.047852
v -0.25293 0.198242 -0.047852
v -0.25293 0.198242 -0.047852
v -0.25293 0.198242 -0.047852
v -0.25293 0.198242 -0.047852
v -0.333008 0.176758 -0.016602
v -0.333008 0.176758 -0.016602
v -0.317383 0.176758 -0.047852
v -0.317383 0.176758 -0.047852
v -0.34082 0.217773 -0.022461
v -0.34082 0.217773 -0.022461
v -0.34082 0.209961 -0.024414
v -0.34082 0.209961 -0.024414
v -0.34082 0.209961 -0.024414
v -0.344727 0.206055 -0.022461
v -0.344727 0.206055 -0.022461
v -0.344727 0.213867 -0.024414
v -0.344727 0.213867 -0.024414
v -0.344727 0.213867 -0.024414
v -0.34668 0.22168 -0.008789
v -0.34668 0.22168 -0.008789
v -0.34668 0.22168 -0.008789
v -0.34668 0.22168 -0.008789
v -0.321289 0.196289 -0.049805
v -0.321289 0.196289 -0.049805
v -0.321289 0.196289 -0.049805
v -0.250977 0.170898 -0.09082
v -0.250977 0.170898 -0.09082
v -0.250977 0.170898 -0.09082
v -0.250977 0.170898 -0.09082
v -0.288086 0.192383 -0.067383
v -0.288086 0.192383 -0.067383
v -0.379883 0.049805 -0.020508
v -0.411133 0.03418 -0.026367
v -0.411133 0.03418 -0.026367
v -0.40332 0.016602 -0.047852
v -0.40332 0.016602 -0.047852
v -0.432617 0.010742 -0.03418
v -0.432617 0.010742 -0.03418
v -0.446289 0.010742 -0.012695
v -0.446289 0.010742 -0.012695
v -0.44043 0.02832 -0.032227
v -0.44043 0.02832 -0.032227
v -0.44043 0.02832 -0.032227
v -0.454102 0.014648 -0.036133
v -0.454102 0.014648 -0.036133
v -0.454102 0.014648 -0.036133
v -0.454102 0.014648 -0.036133
v -0.46582 0.018555 -0.036133
v -0.46582 0.018555 -0.036133
v -0.46582 0.018555 -0.036133
v -0.46582 0.018555 -0.036133
v -0.46582 0.018555 -0.036133
v -0.46582 0.018555 -0.036133
v -0.450195 0.012695 -0.049805
v -0.444336 0.032227 -0.032227
v -0.444336 0.032227 -0.032227
v -0.444336 0.032227 -0.032227
v -0.444336 0.032227 -0.032227
v -0.479492 0.022461 -0.032227
v -0.479492 0.022461 -0.032227
v -0.479492 0.022461 -0.032227
v -0.432617 0.010742 -0.06543
v -0.432617 0.010742 -0.06543
v -0.432617 0.010742 -0.06543
v -0.432617 0.010742 -0.06543
v -0.436523 0.010742 -0.071289
v -0.436523 0.010742 -0.071289
v -0.436523 0.010742 -0.071289
vt 0.53244 0.636037
vt 0.524312 0.63843
vt 0.556283 0.467084
vt 0.712063 0.259239
vt 0.540821 0.651249
vt 0.53355 0.661587
vt 0.525286 0.657495
vt 0.557176 0.448154
vt 0.544709 0.677534
vt 0.474616 0.281001
vt 0.527395 0.675786
vt 0.559351 0.429812
vt 0.466632 0.270367
vt 0.538065 0.684813
vt 0.097269 0.935673
vt 0.475665 0.263637
vt 0.207148 0.483247
vt 0.346245 0.283752
vt 0.458525 0.249396
vt 0.55335 0.699898
vt 0.922259 0.158513
vt 0.467592 0.24701
vt 0.545417 0.706104
vt 0.476297 0.240126
vt 0.334012 0.384338
vt 0.554796 0.598233
vt 0.619643 0.508599
vt 0.548503 0.594711
vt 0.613051 0.511565
vt 0.68685 0.303658
vt 0.539894 0.612461
vt 0.693612 0.281808
vt 0.526897 0.618891
vt 0.706967 0.276134
vt 0.698168 0.294916
vt 0.312122 0.400322
vt 0.612777 0.486076
vt 0.241427 0.710829
vt 0.315382 0.389433
vt 0.524174 0.329636
vt 0.604845 0.500556
vt 0.686002 0.320064
vt 0.69563 0.313746
vt 0.305302 0.412495
vt 0.602785 0.478368
vt 0.594887 0.490662
vt 0.69074 0.333638
vt 0.298196 0.46098
vt 0.67443 0.20035
vt 0.695297 0.430092
vt 0.25145 0.87514
vt 0.254791 0.707911
vt 0.294401 0.461675
vt 0.513124 0.321523
vt 0.255496 0.69826
vt 0.299014 0.470136
vt 0.869426 0.904883
vt 0.350691 0.358533
vt 0.548334 0.625001
vt 0.115282 0.828592
vt 0.337883 0.362035
vt 0.354853 0.323654
vt 0.548952 0.660093
vt 0.115282 0.794758
vt 0.346179 0.328525
vt 0.540982 0.631409
vt 0.102437 0.810518
vt 0.251536 0.920458
vt 0.67671 0.389618
vt 0.693051 0.159808
vt 0.102709 0.7986
vt 0.667246 0.382322
vt 0.702502 0.152514
vt 0.734733 0.398026
vt 0.667559 0.386124
vt 0.025189 0.821387
vt 0.48099 0.814182
vt 0.10125 0.827924
vt 0.250202 0.902529
vt 0.299014 0.434497
vt 0.324539 0.359902
vt 0.524174 0.299767
vt 0.285982 0.40997
vt 0.609932 0.45962
vt 0.24482 0.677073
vt 0.282576 0.402154
vt 0.508607 0.914834
vt 0.591371 0.469962
vt 0.68857 0.353907
vt 0.952881 0.391453
vt 0.602077 0.452291
vt 0.59401 0.451254
vt 0.945616 0.406539
vt 0.508607 0.945675
vt 0.586224 0.439553
vt 0.647996 0.204294
vt 0.952881 0.417899
vt 0.258286 0.67727
vt 0.658746 0.379643
vt 0.888034 0.900661
vt 0.2576 0.411483
vt 0.611927 0.431311
vt 0.245607 0.399767
vt 0.258533 0.642739
vt 0.230149 0.402745
vt 0.619643 0.404407
vt 0.601031 0.430159
vt 0.592884 0.416911
vt 0.6465 0.227497
vt 0.723967 0.461129
vt 0.60258 0.408942
vt 0.72932 0.45014
vt 0.236475 0.412495
vt 0.610646 0.409979
vt 0.217799 0.403933
vt 0.616437 0.391706
vt 0.731322 0.427611
vt 0.600947 0.399232
vt 0.723083 0.442852
vt 0.217399 0.383738
vt 0.277398 0.619693
vt 0.285603 0.942505
vt 0.809265 0.452123
vt 0.672727 0.486691
vt 0.696997 0.256972
vt 0.993324 0.319656
vt 0.997133 0.558442
vt 0.270702 0.646833
vt 0.659271 0.412495
vt 0.811009 0.182032
vt 0.985905 0.91881
vt 0.989928 0.322499
vt 0.997133 0.5626
vt 0.274873 0.640813
vt 0.297212 0.960086
vt 0.669966 0.493553
vt 0.810753 0.174833
vt 0.979619 0.914306
vt 0.989928 0.561175
vt 0.667246 0.48913
vt 0.702502 0.259385
vt 0.977076 0.91881
vt 0.99793 0.322499
vt 0.297212 0.934582
vt 0.809785 0.149352
vt 0.818113 0.438595
vt 0.744098 0.667596
vt 0.830391 0.67602
vt 0.961461 0.023549
vt 0.162116 0.232076
vt 0.266518 0.566294
vt 0.821951 0.677227
vt 0.969399 0.023856
vt 0.225234 0.88465
vt 0.538585 0.336632
vt 0.911451 0.909544
vt 0.347488 0.296926
vt 0.554796 0.686358
vt 0.103692 0.761331
vt 0.335408 0.293981
vt 0.43411 0.480944
vt 0.50436 0.848406
vt 0.57151 0.988145
vt 0.594957 0.977076
vt 0.838712 0.255174
vt 0.500372 0.845342
vt 0.593493 0.981932
vt 0.842936 0.252407
vt 0.98242 0.881156
vt 0.09504 0.773143
vt 0.567066 0.985981
vt 0.735976 0.42017
vt 0.843002 0.257584
vt 0.986018 0.877669
vt 0.09082 0.764928
vt 0.425661 0.470494
vt 0.57151 0.977076
vt 0.594957 0.988265
vt 0.735976 0.429804
vt 0.977076 0.877669
vt 0.191788 0.73148
vt 0.961461 0.039461
vt 0.194388 0.730793
vt 0.745733 0.680886
vt 0.962037 0.03693
vt 0.155543 0.241418
vt 0.969527 0.037042
vt 0.977076 0.343755
vt 0.187347 0.724003
vt 0.809611 0.55421
vt 0.96983 0.320629
vt 0.042102 0.819902
vt 0.464012 0.812628
vt 0.186262 0.731731
vt 0.817784 0.554173
vt 0.854007 0.593797
vt 0.88263 0.5891
vt 0.059378 0.811389
vt 0.44668 0.804044
vt 0.19634 0.740329
vt 0.868 0.590965
vt 0.972695 0.039628
vt 0.980942 0.345356
vt 0.215644 0.88465
vt 0.343434 0.857413
vt 0.528943 0.336841
vt 0.189405 0.7403
vt 0.862845 0.595467
vt 0.028529 0.385796
vt 0.329003 0.270739
vt 0.91829 0.137236
vt 0.310781 0.268225
vt 0.365661 0.650247
vt 0.305413 0.281405
vt 0.43411 0.450814
vt 0.734733 0.453713
vt 0.200398 0.504456
vt 0.463898 0.224239
vt 0.037225 0.396356
vt 0.207148 0.513367
vt 0.458525 0.213145
vt 0.922259 0.122262
vt 0.471311 0.221098
vt 0.071653 0.799497
vt 0.434359 0.792093
vt 0.075654 0.784833
vt 0.43035 0.777403
vt 0.286416 0.271682
vt 0.362521 0.675818
vt 0.735896 0.473967
vt 0.989928 0.110768
vt 0.50436 0.789947
vt 0.998406 0.110013
vt 0.075654 0.767466
vt 0.43035 0.760019
vt 0.356684 0.68255
vt 0.426905 0.89969
vt 0.735875 0.482745
vt 0.859308 0.866797
vt 0.998406 0.1149
vt 0.525963 0.480944
vt 0.737065 0.667574
vt 0.833996 0.682056
vt 0.525976 0.474865
vt 0.830368 0.688092
vt 0.097615 0.977076
vt 0.275597 0.564678
vt 0.525961 0.46745
vt 0.82193 0.688092
vt 0.020788 0.224099
vt 0.870022 0.049463
vt 0.898842 0.73559
vt 0.036501 0.218752
vt 0.830393 0.229887
vt 0.882759 0.444131
vt 0.04143 0.214074
vt 0.270193 0.969092
vt 0.824921 0.234199
vt 0.895261 0.896714
vt 0.026627 0.215609
vt 0.889913 0.739792
vt 0.891637 0.45
vt 0.019814 0.548822
vt 0.464732 0.960688
vt 0.929985 0.723589
vt 0.868722 0.003018
vt 0.898842 0.782584
vt 0.92677 0.724463
vt 0.612456 0.333459
vt 0.959727 0.188036
vt 0.960086 0.292363
vt 0.995966 0.947523
vt 0.609293 0.252158
vt 0.963688 0.18948
vt 0.995728 0.943186
vt 0.596226 0.361925
vt 0.954913 0.294227
vt 0.989928 0.947523
vt 0.226962 0.910886
vt 0.617841 0.337788
vt 0.904634 0.880505
vt 0.961513 0.19452
vt 0.977076 0.062268
vt 0.270193 0.95217
vt 0.612456 0.34019
vt 0.899521 0.877083
vt 0.958285 0.802692
vt 0.959506 0.298985
vt 0.591234 0.361969
vt 0.614239 0.251994
vt 0.990657 0.942463
vt 0.658532 0.86657
vt 0.894732 0.954682
vt 0.954159 0.623245
vt 0.655139 0.870705
vt 0.892164 0.950456
vt 0.659271 0.87184
vt 0.954682 0.617274
vt 0.90293 0.865134
vt 0.958285 0.790258
vt 0.977076 0.209351
vt 0.226595 0.925861
vt 0.911451 0.866854
vt 0.977086 0.218057
vt 0.07025 0.929464
vt 0.89524 0.940058
vt 0.951676 0.60868
vt 0.956483 0.697681
vt 0.455306 0.9608
vt 0.567433 0.944779
vt 0.933067 0.732575
vt 0.891034 0.78356
vt 0.891637 0.493479
vt 0.930181 0.731924
vt 0.884709 0.493553
vt 0.927136 0.738578
vt 0.564384 0.95526
vt 0.927288 0.742393
vt 0.905708 0.155786
vt 0.990375 0.073663
vt 0.577221 0.956883
vt 0.650229 0.580171
vt 0.684513 0.977076
vt 0.904167 0.154043
vt 0.989928 0.076313
vt 0.069075 0.918532
vt 0.338642 0.876664
vt 0.656297 0.890181
vt 0.841201 0.431428
vt 0.892164 0.929096
vt 0.916893 0.15748
vt 0.19634 0.723766
vt 0.512678 0.480944
vt 0.737065 0.680834
vt 0.970569 0.312256
vt 0.192873 0.723752
vt 0.970894 0.315731
vt 0.02423 0.235389
vt 0.085022 0.955871
vt 0.414085 0.327834
vt 0.859272 0.25879
vt 0.962863 0.307566
vt 0.104065 0.988764
vt 0.416097 0.324989
vt 0.512693 0.473225
vt 0.965648 0.305398
vt 0.412056 0.31979
vt 0.851886 0.258133
vt 0.884432 0.207358
vt 0.9143 0.544992
vt 0.801592 0.554576
vt 0.866419 0.264297
vt 0.962863 0.316639
vt 0.013859 0.812277
vt 0.492345 0.805098
vt 0.020788 0.23777
vt 0.086462 0.960086
vt 0.38321 0.857412
vt 0.859009 0.057641
vt 0.006894 0.798842
vt 0.499337 0.791677
vt 0.094913 0.988764
vt 0.162116 0.246776
vt 0.275597 0.578213
vt 0.416097 0.315866
vt 0.981451 0.336455
vt 0.412926 0.314115
vt 0.878799 0.207358
vt 0.985056 0.336811
vt 0.039856 0.230601
vt 0.086462 0.940404
vt 0.362913 0.854893
vt 0.528944 0.31829
vt 0.040767 0.226788
vt 0.532511 0.320417
vt 0.894011 0.90965
vt 0.828964 0.778911
vt 0.870681 0.21083
vt 0.871823 0.595081
vt 0.986607 0.345356
vt 0.258459 0.96378
vt 0.360807 0.832726
vt 0.830393 0.246776
vt 0.872876 0.458496
vt 0.948645 0.815983
vt 0.001875 0.782449
vt 0.50436 0.77528
vt 0.001875 0.765082
vt 0.50436 0.757896
vt 0.390879 0.806678
vt 0.543028 0.388312
vt 0.859009 0.006885
vt 0.917739 0.719515
vt 0.002969 0.556598
vt 0.076988 0.879745
vt 0.54579 0.396283
vt 0.635854 0.850912
vt 0.915935 0.711617
vt 0.571792 0.853748
vt 0.852009 0.574551
vt 0.574899 0.855611
vt 0.810876 0.123758
vt 0.813434 0.415712
vt 0.848902 0.576412
vt 0.578213 0.84775
vt 0.59253 0.711508
vt 0.813759 0.40725
vt 0.845588 0.568561
vt 0.574479 0.846977
vt 0.849322 0.567817
vt 0.349082 0.824402
vt 0.946203 0.803272
vt 0.214847 0.910285
vt 0.344622 0.828644
vt 0.607645 0.270193
vt 0.959727 0.205347
vt 0.977076 0.970491
vt 0.986895 0.062268
vt 0.595586 0.380067
vt 0.617841 0.351251
vt 0.960086 0.311623
vt 0.985868 0.970491
vt 0.985888 0.071003
vt 0.591234 0.380072
vt 0.614239 0.269975
vt 0.983049 0.967177
vt 0.344266 0.8122
vt 0.948623 0.790258
vt 0.986731 0.209351
vt 0.217005 0.925861
vt 0.336151 0.815344
vt 0.986741 0.218057
vt 0.048394 0.747503
vt 0.457693 0.740132
vt 0.06567 0.756356
vt 0.44036 0.748932
vt 0.34471 0.712338
vt 0.850207 0.650265
vt 0.009222 0.74977
vt 0.497002 0.742548
vt 0.369013 0.800099
vt 0.543665 0.365642
vt 0.874864 0.491938
vt 0.917614 0.742461
vt 0.073468 0.844105
vt 0.1405 0.546874
vt 0.54579 0.360811
vt 0.56125 0.967291
vt 0.915935 0.747534
vt 0.593325 0.284603
vt 0.686165 0.985261
vt 0.692164 0.977076
vt 0.898004 0.158164
vt 0.989928 0.648124
vt 0.998579 0.076313
vt 0.027826 0.743608
vt 0.478338 0.736313
vt 0.082859 0.836599
vt 0.133255 0.556437
vt 0.403488 0.94842
vt 0.701094 0.002303
vt 0.85085 0.736859
vt 0.934868 0.543989
vt 0.1405 0.565604
vt 0.580014 0.967291
vt 0.684513 0.98808
vt 0.932028 0.532017
vt 0.992119 0.650727
vt 0.20619 0.293078
vt 0.653867 0.862062
vt 0.196759 0.290659
vt 0.231556 0.417184
vt 0.607034 0.694128
vt 0.64052 0.841738
vt 0.818048 0.385151
vt 0.850207 0.593923
vt 0.571792 0.797471
vt 0.977439 0.61699
vt 0.64213 0.861644
vt 0.849752 0.612545
vt 0.986413 0.621286
vt 0.342591 0.738528
vt 0.64052 0.870193
vt 0.848485 0.62179
vt 0.977076 0.621286
vt 0.364671 0.80123
vt 0.767305 0.845067
vt 0.881148 0.537384
vt 0.365661 0.770818
vt 0.763405 0.81654
vt 0.150051 0.57318
vt 0.180129 0.310589
vt 0.802504 0.72772
vt 0.823077 0.295214
vt 0.169475 0.581114
vt 0.693495 0.926357
vt 0.161562 0.572719
vt 0.690072 0.936669
vt 0.806976 0.717507
vt 0.9311 0.815983
vt 0.683274 0.933208
vt 0.93847 0.811883
vt 0.684943 0.924766
vt 0.108077 0.34945
vt 0.660474 0.934107
vt 0.930625 0.819203
vt 0.93847 0.787864
vt 0.054177 0.394826
vt 0.303445 0.255235
vt 0.475822 0.205816
vt 0.049235 0.409234
vt 0.466833 0.197417
vt 0.061602 0.403426
vt 0.064075 0.419956
vt 0.069667 0.351962
vt 0.474611 0.181983
vt 0.278032 0.258435
vt 0.346016 0.677163
vt 0.083341 0.397607
vt 0.274306 0.249457
vt 0.074913 0.412722
vt 0.090476 0.40642
vt 0.092294 0.421501
vt 0.097871 0.352147
vt 0.958285 0.380072
vt 0.00155 0.42697
vt 0.07138 0.668604
vt 0.145877 0.597133
vt 0.180129 0.333238
vt 0.644861 0.718414
vt 0.010168 0.429732
vt 0.149859 0.605232
vt 0.239162 0.049262
vt 0.167324 0.604125
vt 0.243656 0.063725
vt 0.173057 0.314069
vt 0.625255 0.728656
vt 0.815239 0.295411
vt 0.068173 0.690621
vt 0.639219 0.738563
vt 0.65834 0.88996
vt 0.929464 0.716912
vt 0.953778 0.708503
vt 0.954682 0.598442
vt 0.07025 0.90836
vt 0.336441 0.88683
vt 0.926679 0.706209
vt 0.956483 0.629125
vt 0.956483 0.718713
vt 0.06944 0.150049
vt 0.185994 0.034224
vt 0.407091 0.368641
vt 0.655139 0.90965
vt 0.920458 0.176616
vt 0.929464 0.697158
vt 0.953571 0.638499
vt 0.072051 0.163713
vt 0.338642 0.90965
vt 0.834918 0.463619
vt 0.956483 0.652066
vt 0.245361 0.358642
vt 0.77112 0.708232
vt 0.826791 0.256114
vt 0.318967 0.070027
vt 0.385938 0.94048
vt 0.445758 0.511636
vt 0.100168 0.34945
vt 0.782755 0.6991
vt 0.9311 0.783958
vt 0.319391 0.684425
vt 0.395864 0.924704
vt 0.819869 0.229312
vt 0.252202 0.359134
vt 0.324232 0.662049
vt 0.821652 0.252232
vt 0.410693 0.942073
vt 0.596033 0.759496
vt 0.815239 0.253279
vt 0.326033 0.076829
vt 0.39379 0.934955
vt 0.447459 0.506021
vt 0.577187 0.770729
vt 0.275142 0.818489
vt 0.378495 0.927448
vt 0.432865 0.515239
vt 0.247297 0.814796
vt 0.38978 0.903981
vt 0.563546 0.649836
vt 0.309145 0.700316
vt 0.556696 0.654338
vt 0.300352 0.705693
vt 0.78356 0.848406
vt 0.89524 0.532799
vt 0.245313 0.262385
vt 0.333447 0.707409
vt 0.114529 0.39365
vt 0.243072 0.25425
vt 0.223627 0.274564
vt 0.33003 0.729792
vt 0.650205 0.88263
vt 0.114 0.401492
vt 0.107124 0.411876
vt 0.95123 0.366155
vt 0.119264 0.414928
vt 0.124895 0.353529
vt 0.717075 0.738528
vt 0.958285 0.35708
vt 0.137064 0.399801
vt 0.70866 0.717478
vt 0.72058 0.721395
vt 0.142302 0.385796
vt 0.207174 0.409111
vt 0.215227 0.266941
vt 0.700683 0.704783
vt 0.024465 0.449257
vt 0.394201 0.939175
vt 0.40505 0.363591
vt 0.862848 0.741478
vt 0.71698 0.69994
vt 0.221001 0.423292
vt 0.7068 0.68278
vt 0.035291 0.457301
vt 0.118885 0.835296
vt 0.399522 0.35101
vt 0.716815 0.678143
vt 0.039628 0.466398
vt 0.108492 0.832772
vt 0.471593 0.48552
vt 0.608602 0.770712
vt 0.318967 0.093667
vt 0.467078 0.5059
vt 0.206992 0.562489
vt 0.232366 0.297212
vt 0.641258 0.659369
vt 0.806976 0.668837
vt 0.953581 0.845413
vt 0.635244 0.677284
vt 0.672154 0.906257
vt 0.199296 0.575554
vt 0.641258 0.67657
vt 0.674125 0.901281
vt 0.225233 0.295969
vt 0.634953 0.664301
vt 0.660474 0.902949
vt 0.946075 0.846605
vt 0.221448 0.557616
vt 0.607849 0.92406
vt 0.805627 0.65299
vt 0.845449 0.398372
vt 0.786745 0.282994
vt 0.851879 0.407266
vt 0.098251 0.128802
vt 0.195596 0.599196
vt 0.25218 0.089835
vt 0.100431 0.325724
vt 0.781251 0.675566
vt 0.954682 0.819203
vt 0.232366 0.273786
vt 0.947744 0.824574
vt 0.245361 0.394782
vt 0.544694 0.450985
vt 0.607849 0.887317
vt 0.772837 0.666386
vt 0.781722 0.23439
vt 0.810579 0.256181
vt 0.841201 0.121811
vt 0.775706 0.225295
vt 0.83896 0.111275
vt 0.253981 0.396283
vt 0.281699 0.670162
vt 0.552995 0.450985
vt 0.802863 0.245761
vt 0.829747 0.12609
vt 0.279969 0.676071
vt 0.828217 0.120141
vt 0.293639 0.685729
vt 0.409465 0.903981
vt 0.552475 0.634376
vt 0.262133 0.699979
vt 0.78356 0.810438
vt 0.826865 0.091071
vt 0.8016 0.273746
vt 0.803221 0.241372
vt 0.550258 0.480944
vt 0.614239 0.918623
vt 0.787667 0.272646
vt 0.85381 0.397196
vt 0.580707 0.884276
vt 0.810579 0.301579
vt 0.824794 0.219984
vt 0.031343 0.952343
vt 0.365661 0.737124
vt 0.738528 0.927032
vt 0.765968 0.785648
vt 0.775706 0.173034
vt 0.841201 0.062077
vt 0.715269 0.4337
vt 0.206279 0.384279
vt 0.402526 0.459363
vt 0.628996 0.891637
vt 0.700715 0.085597
vt 0.396877 0.449994
vt 0.201672 0.390848
vt 0.331437 0.409111
vt 0.727589 0.40732
vt 0.389548 0.471937
vt 0.710736 0.099071
vt 0.79797 0.927904
vt 0.870022 0.440233
vt 0.720233 0.420628
vt 0.329726 0.421043
vt 0.717891 0.401261
vt 0.188938 0.371759
vt 0.312865 0.417539
vt 0.380895 0.461252
vt 0.792691 0.914579
vt 0.707128 0.389525
vt 0.455306 0.972695
vt 0.579093 0.94654
vt 0.655668 0.58843
vt 0.018002 0.537139
vt 0.092333 0.977076
vt 0.173741 0.41273
vt 0.464732 0.972582
vt 0.653526 0.598027
vt 0.089655 0.979514
vt 0.650229 0.596525
vt 0.904942 0.206201
vt 0.906047 0.004744
vt 0.635981 0.861476
vt 0.653126 0.589175
vt 0.899121 0.002516
vt 0.900643 0.787337
vt 0.913252 0.154626
vt 0.163705 0.959495
vt 0.322396 0.953785
vt 0.891553 0.270694
vt 0.13425 0.980434
vt 0.163705 0.974088
vt 0.336841 0.954321
vt 0.574797 0.653266
vt 0.172364 0.960896
vt 0.51159 0.146178
vt 0.887645 0.26333
vt 0.961226 0.36106
vt 0.515168 0.14783
vt 0.639457 0.906047
vt 0.88482 0.266148
vt 0.893654 0.831433
vt 0.273351 0.245335
vt 0.512529 0.154356
vt 0.899121 0.048635
vt 0.900643 0.833996
vt 0.904942 0.250379
vt 0.630281 0.906047
vt 0.888896 0.274346
vt 0.913252 0.198853
vt 0.135096 0.792979
vt 0.322487 0.962354
vt 0.891637 0.279438
vt 0.174725 0.974496
vt 0.578213 0.664131
vt 0.957488 0.386551
vt 0.961679 0.374985
vt 0.560543 0.857114
vt 0.574008 0.666476
vt 0.955849 0.39138
vt 0.045761 0.188675
vt 0.652746 0.786324
vt 0.772076 0.399599
vt 0.13792 0.977076
vt 0.408892 0.792754
vt 0.569207 0.857413
vt 0.574008 0.658103
vt 0.701011 0.977076
vt 0.400361 0.439309
vt 0.617545 0.872348
vt 0.082859 0.886233
vt 0.630507 0.857858
vt 0.699428 0.05202
vt 0.200719 0.359557
vt 0.803243 0.427458
vt 0.396876 0.433276
vt 0.903554 0.859214
vt 0.190123 0.357456
vt 0.298491 0.415235
vt 0.007212 0.537139
vt 0.176526 0.423196
vt 0.407091 0.409134
vt 0.617545 0.841535
vt 0.906047 0.8341
vt 0.092333 0.989144
vt 0.173741 0.425104
vt 0.276874 0.201526
vt 0.405649 0.406427
vt 0.903554 0.831687
vt 0.915054 0.206643
vt 0.185087 0.330091
vt 0.271374 0.420711
vt 0.390267 0.425916
vt 0.689893 0.282802
vt 0.915254 0.26659
vt 0.381254 0.439852
vt 0.79797 0.892526
vt 0.295576 0.429782
vt 0.716113 0.365249
vt 0.312038 0.429457
vt 0.714082 0.380703
vt 0.179128 0.340701
vt 0.282249 0.426224
vt 0.373683 0.412506
vt 0.585486 0.192025
vt 0.631139 0.256842
vt 0.242459 0.046187
vt 0.294806 0.439381
vt 0.70602 0.363777
vt 0.25942 0.046833
vt 0.278015 0.442187
vt 0.044176 0.216839
vt 0.426444 0.89196
vt 0.674929 0.771923
vt 0.050436 0.226962
vt 0.36914 0.911327
vt 0.418479 0.900643
vt 0.723865 0.616538
vt 0.771142 0.933251
vt 0.355715 0.918748
vt 0.403967 0.895333
vt 0.493553 0.898522
vt 0.35678 0.921124
vt 0.736726 0.625046
vt 0.277204 0.205739
vt 0.914192 0.210775
vt 0.193761 0.32522
vt 0.589805 0.694128
vt 0.651501 0.829081
vt 0.803243 0.392998
vt 0.284603 0.207979
vt 0.397958 0.399897
vt 0.916093 0.352501
vt 0.916855 0.239446
vt 0.602935 0.279627
vt 0.692164 0.987933
vt 0.916855 0.23027
vt 0.925281 0.352501
vt 0.689893 0.249853
vt 0.91178 0.233749
vt 0.393872 0.3953
vt 0.686059 0.252145
vt 0.386181 0.394047
vt 0.40529 0.003042
vt 0.394201 0.963688
vt 0.401443 0.385988
vt 0.68808 0.24216
vt 0.688745 0.983831
vt 0.916073 0.225199
vt 0.934868 0.526417
vt 0.997031 0.648124
vt 0.39195 0.375268
vt 0.132579 0.800266
vt 0.593325 0.242218
vt 0.88482 0.282802
vt 0.903355 0.199943
vt 0.957165 0.482491
vt 0.264831 0.428639
vt 0.256713 0.438387
vt 0.715644 0.643867
vt 0.274395 0.435689
vt 0.118885 0.883204
vt 0.376087 0.392095
vt 0.403441 0.013273
vt 0.184134 0.304341
vt 0.24576 0.426444
vt 0.240136 0.437513
vt 0.716345 0.659792
vt 0.115215 0.870454
vt 0.37813 0.377534
vt 0.437723 0.958525
vt 0.508501 0.156342
vt 0.972695 0.363084
vt 0.048325 0.204872
vt 0.787285 0.94568
vt 0.050436 0.192602
vt 0.648463 0.715364
vt 0.768838 0.40429
vt 0.792566 0.956553
vt 0.281824 0.245556
vt 0.915677 0.3904
vt 0.957165 0.501234
vt 0.284603 0.248578
vt 0.450322 0.960522
vt 0.515168 0.16752
vt 0.961484 0.502559
vt 0.972695 0.576412
vt 0.605232 0.241659
vt 0.925861 0.390879
vt 0.962565 0.492604
vt 0.257584 0.016212
vt 0.961988 0.575634
vt 0.96549 0.492988
vt 0.438907 0.972452
vt 0.960086 0.39741
vt 0.972695 0.376469
vt 0.191182 0.21935
vt 0.414151 0.791308
vt 0.552594 0.857413
vt 0.75654 0.852009
vt 0.955849 0.401042
vt 0.19634 0.222976
vt 0.450322 0.974496
vt 0.95595 0.407091
vt 0.972695 0.562333
vt 0.191182 0.230182
vt 0.746469 0.850831
vt 0.855437 0.255148
vt 0.880829 0.682688
vt 0.371065 0.916843
vt 0.732873 0.608144
vt 0.911623 0.848305
vt 0.647439 0.737063
vt 0.736726 0.590505
vt 0.771142 0.960086
vt 0.913887 0.830483
vt 0.428706 0.865146
vt 0.669438 0.794865
vt 0.425587 0.852049
vt 0.669512 0.807853
vt 0.30802 0.784753
vt 0.417139 0.853418
vt 0.677284 0.809928
vt 0.381231 0.860891
vt 0.651417 0.694421
vt 0.65299 0.815011
vt 0.799771 0.39126
vt 0.387277 0.867938
vt 0.408042 0.001706
vt 0.652746 0.824194
vt 0.246776 0.321118
vt 0.308019 0.751789
vt 0.412495 0.014077
vt 0.656894 0.835797
vt 0.246776 0.885583
vt 0.408337 0.879914
vt 0.483027 0.887178
vt 0.951079 0.710225
vt 0.292334 0.799204
vt 0.403179 0.869906
vt 0.277839 0.810579
vt 0.393187 0.88527
vt 0.943943 0.722895
vt 0.283901 0.791965
vt 0.393187 0.865042
vt 0.275451 0.778951
vt 0.465888 0.991818
vt 0.888034 0.781758
vt 0.271822 0.78117
vt 0.465888 0.996337
vt 0.992896 0.371321
vt 0.46219 0.99505
vt 0.883779 0.781758
vt 0.937853 0.329636
vt 0.93976 0.877227
vt 0.989928 0.151976
vt 0.989928 0.373965
vt 0.246776 0.344046
vt 0.289949 0.7589
vt 0.496078 0.994291
vt 0.93976 0.848849
vt 0.940272 0.296091
vt 0.943874 0.043542
vt 0.277866 0.745987
vt 0.492797 0.991818
vt 0.885408 0.748844
vt 0.943874 0.8496
vt 0.248578 0.279248
vt 0.330286 0.810579
vt 0.881054 0.572975
vt 0.239011 0.269798
vt 0.322418 0.798318
vt 0.803374 0.543989
vt 0.817784 0.883014
vt 0.003062 0.591087
vt 0.340732 0.222964
vt 0.640908 0.88278
vt 0.742317 0.994522
vt 0.965065 0.796929
vt 0.281001 0.566436
vt 0.739621 0.994516
vt 0.962558 0.797928
vt 0.278364 0.567013
vt 0.368333 0.681138
vt 0.739621 0.991818
vt 0.365783 0.680285
vt 0.643463 0.88192
vt 0.742317 0.991824
vt 0.16752 0.188374
vt 0.623197 0.995637
vt 0.738234 0.768399
vt 0.01819 0.991818
vt 0.166151 0.995794
vt 0.985712 0.98489
vt 0.98603 0.8665
vt 0.986056 0.791178
vt 0.989928 0.764299
vt 0.01819 0.997853
vt 0.280705 0.996764
vt 0.32205 0.992091
vt 0.668911 0.991818
vt 0.986033 0.49128
vt 0.986056 0.797053
vt 0.977076 0.98489
vt 0.977076 0.8665
vt 0.977076 0.554027
vt 0.989928 0.136627
vt 0.998382 0.174921
vt 0.977076 0.791893
vt 0.977778 0.86997
vt 0.99176 0.133848
vt 0.977076 0.803991
vt 0.978512 0.549764
vt 0.995707 0.171604
vt 0.977076 0.795418
vt 0.977199 0.49128
vt 0.995302 0.133092
vt 0.992128 0.174921
vt 0.996063 0.136627
vt 0.977076 0.416599
vt 0.977076 0.495781
vt 0.989928 0.173942
vt 0.998446 0.136042
vt 0.97744 0.80049
vt 0.978657 0.419778
vt 0.992152 0.171518
vt 0.363588 0.255813
vt 0.710173 0.495354
vt 0.936669 0.244407
vt 0.18326 0.554121
vt 0.315742 0.700679
vt 0.26659 0.668679
vt 0.313351 0.701929
vt 0.369264 0.708088
vt 0.963688 0.684952
vt 0.318828 0.689331
vt 0.646292 0.894254
vt 0.96549 0.811105
vt 0.365716 0.695577
vt 0.649237 0.894528
vt 0.16463 0.204775
vt 0.739367 0.784517
vt 0.946886 0.914294
vt 0.74213 0.785361
vt 0.940932 0.748015
vt 0.949831 0.914577
vt 0.020675 0.995472
vt 0.164062 0.991818
vt 0.238261 0.994936
vt 0.59927 0.991818
vt 0.669627 0.995307
vt 0.018013 0.211334
vt 0.240671 0.991818
vt 0.258679 0.991818
vt 0.369691 0.095521
vt 0.59927 0.995808
vt 0.639517 0.138664
vt 0.0684 0.991818
vt 0.164062 0.997348
vt 0.260904 0.993767
vt 0.602049 0.995731
vt 0.990804 0.766842
vt 0.281001 0.580014
vt 0.315324 0.689717
vt 0.369264 0.695448
vt 0.962558 0.81238
vt 0.066067 0.995417
vt 0.258679 0.997095
vt 0.540534 0.991818
vt 0.644861 0.138664
vt 0.918044 0.91551
vt 0.012188 0.2121
vt 0.240671 0.997147
vt 0.612465 0.122869
vt 0.666309 0.995307
vt 0.324124 0.991818
vt 0.611543 0.120098
vt 0.667018 0.99252
vt 0.11168 0.469028
vt 0.607962 0.122852
vt 0.0684 0.99774
vt 0.544161 0.991818
vt 0.996705 0.766842
vt 0.997226 0.565609
vt 0.997259 0.545812
vt 0.99759 0.451431
vt 0.983278 0.978881
vt 0.986036 0.805776
vt 0.986557 0.554027
vt 0.995829 0.764299
vt 0.995863 0.453056
vt 0.054029 0.031268
vt 0.103016 0.468609
vt 0.543989 0.995984
vt 0.92406 0.914532
vt 0.993563 0.543562
vt 0.145062 0.996316
vt 0.275635 0.991818
vt 0.986036 0.799633
vt 0.986485 0.498068
vt 0.986761 0.416599
vt 0.989928 0.451431
vt 0.989928 0.567257
vt 0.106056 0.465803
vt 0.147227 0.997382
vt 0.989928 0.56518
vt 0.989928 0.545812
vt 0.11168 0.465405
vt 0.147227 0.991818
vt 0.275635 0.99693
vt 0.324124 0.996951
vt 0.60602 0.119795
vt 0.002768 0.169836
vt 0.059442 0.030258
vt 0.107905 0.467826
vt 0.257584 0.051857
vt 0.160812 0.204785
vt 0.943874 0.747937
vt 0.187334 0.57196
vt 0.640908 0.920458
vt 0.977076 0.302308
vt 0.977076 0.1386
vt 0.989928 0.70694
vt 0.185731 0.558995
vt 0.317297 0.705872
vt 0.647345 0.909716
vt 0.18326 0.572809
vt 0.188218 0.991818
vt 0.26659 0.68629
vt 0.318828 0.718713
vt 0.745733 0.685869
vt 0.977504 0.306793
vt 0.189527 0.996493
vt 0.673099 0.991818
vt 0.740901 0.687008
vt 0.990367 0.009262
vt 0.633744 0.995635
vt 0.673099 0.995392
vt 0.978814 0.134982
vt 0.989928 0.01313
vt 0.993751 0.708361
vt 0.188218 0.997337
vt 0.261716 0.683987
vt 0.635996 0.994828
vt 0.672207 0.993115
vt 0.963688 0.700701
vt 0.106276 0.387219
vt 0.279159 0.004431
vt 0.298769 0.977076
vt 0.997494 0.481588
vt 0.142482 0.991818
vt 0.744352 0.694251
vt 0.986496 0.306793
vt 0.105842 0.380769
vt 0.281001 0.01066
vt 0.392959 0.977076
vt 0.725134 0.977076
vt 0.220978 0.997184
vt 0.278712 0.009239
vt 0.26035 0.680285
vt 0.962383 0.697054
vt 0.633744 0.991818
vt 0.64834 0.920417
vt 0.959944 0.699407
vt 0.996967 0.70694
vt 0.018013 0.243174
vt 0.276758 0.004213
vt 0.369691 0.12609
vt 0.274581 0.00159
vt 0.301368 0.981745
vt 0.372866 0.125313
vt 0.511565 0.104848
vt 0.640908 0.16752
vt 0.915736 0.944557
vt 0.105438 0.392109
vt 0.821389 0.977076
vt 0.993029 0.47952
vt 0.298769 0.984772
vt 0.69689 0.88534
vt 0.825344 0.977434
vt 0.989928 0.481588
vt 0.488167 0.977076
vt 0.848969 0.977076
vt 0.977076 0.529508
vt 0.977076 0.448062
vt 0.214127 0.977076
vt 0.301097 0.988781
vt 0.50483 0.105027
vt 0.63045 0.400126
vt 0.700701 0.883045
vt 0.507521 0.107736
vt 0.920589 0.945676
vt 0.013387 0.242793
vt 0.223386 0.997184
vt 0.27624 0.008976
vt 0.37091 0.996836
vt 0.614239 0.153459
vt 0.373854 0.993687
vt 0.609736 0.153442
vt 0.992715 0.874977
vt 0.048007 0.33828
vt 0.222772 0.991818
vt 0.274734 0.013763
vt 0.37091 0.991818
vt 0.986706 0.422358
vt 0.989928 0.872762
vt 0.10454 0.495354
vt 0.257584 0.082859
vt 0.60602 0.154911
vt 0.980364 0.423255
vt 0.996385 0.872762
vt 0.050184 0.345084
vt 0.664675 0.661496
vt 0.977076 0.746737
vt 0.977076 0.384655
vt 0.977076 0.928248
vt 0.165155 0.218528
vt 0.455129 0.323455
vt 0.947607 0.927536
vt 0.16752 0.232366
vt 0.431862 0.996751
vt 0.455129 0.336841
vt 0.969092 0.124289
vt 0.430091 0.994716
vt 0.457527 0.335662
vt 0.946886 0.940272
vt 0.366302 0.709707
vt 0.652066 0.906863
vt 0.960235 0.685281
vt 0.161692 0.219188
vt 0.942765 0.761661
vt 0.969092 0.110014
vt 0.940154 0.761944
vt 0.951079 0.927504
vt 0.966152 0.110053
vt 0.164478 0.230513
vt 0.96874 0.1211
vt 0.002768 0.201744
vt 0.059442 0.061244
vt 0.506712 0.111217
vt 0.92406 0.945589
vt 0.505297 0.11368
vt 0.431862 0.991818
vt 0.950359 0.940239
vt 0.965395 0.122021
vt 0.007205 0.200333
vt 0.254374 0.081981
vt 0.51001 0.114945
vt 0.977076 0.422358
vt 0.048007 0.34707
vt 0.511565 0.119365
vt 0.979554 0.426547
vt 0.322709 0.764215
vt 0.79515 0.512456
vt 0.001858 0.560587
vt 0.316903 0.856863
vt 0.341432 0.257256
vt 0.008353 0.561565
vt 0.229454 0.803391
vt 0.310655 0.853404
vt 0.230839 0.794202
vt 0.310297 0.861792
vt 0.31714 0.776774
vt 0.795163 0.526224
vt 0.050436 0.952343
vt 0.348345 0.740106
vt 0.803374 0.480128
vt 0.626162 0.993331
vt 0.74213 0.768861
vt 0.940154 0.730819
vt 0.163702 0.188384
vt 0.623197 0.991818
vt 0.943702 0.730949
vt 0.367005 0.262731
vt 0.879028 0.816354
vt 0.929978 0.241791
vt 0.32027 0.872903
vt 0.350829 0.271155
vt 0.313451 0.880765
vt 0.947311 0.946979
vt 0.320629 0.886053
vt 0.357619 0.282292
vt 0.363021 0.299286
vt 0.371703 0.505927
vt 0.088263 0.345847
vt 0.237079 0.921288
vt 0.275597 0.871823
vt 0.431747 0.56866
vt 0.007842 0.628293
vt 0.108077 0.603908
vt 0.43411 0.959402
vt 0.065436 0.345847
vt 0.237079 0.944197
vt 0.552475 0.724117
vt 0.676425 0.67449
vt 0.405335 0.386725
vt 0.695296 0.898967
vt 0.837802 0.468291
vt 0.916893 0.194539
vt 0.956483 0.23777
vt 0.187334 0.012
vt 0.407091 0.390879
vt 0.697098 0.902922
vt 0.955453 0.850401
vt 0.06944 0.18193
vt 0.185994 0.002282
vt 0.836314 0.481979
vt 0.942073 0.625182
vt 0.950476 0.37143
vt 0.958285 0.859599
vt 0.25218 0.936332
vt 0.297182 0.902799
vt 0.447091 0.582323
vt 0.002373 0.655813
vt 0.009006 0.001424
vt 0.07161 0.644524
vt 0.841201 0.493553
vt 0.869854 0.239049
vt 0.952881 0.383658
vt 0.956483 0.213004
vt 0.005404 0.654052
vt 0.695296 0.922259
vt 0.856536 0.32955
vt 0.940341 0.634635
vt 0.953721 0.214767
vt 0.955453 0.870022
vt 0.006431 0.004696
vt 0.861544 0.332604
vt 0.942073 0.639457
vt 0.950476 0.387277
vt 0.101038 0.605937
vt 0.282591 0.931805
vt 0.431474 0.965705
vt 0.845443 0.823703
vt 0.246786 0.949278
vt 0.284603 0.936669
vt 0.287914 0.915217
vt 0.30802 0.48995
vt 0.67286 0.684489
vt 0.850207 0.82588
vt 0.960086 0.454598
vt 0.297212 0.924607
vt 0.372866 0.158708
vt 0.46597 0.583617
vt 0.001858 0.637655
vt 0.194539 0.572809
vt 0.348863 0.176373
vt 0.424422 0.953929
vt 0.190053 0.572809
vt 0.420877 0.956719
vt 0.822093 0.43363
vt 0.894289 0.484546
vt 0.025218 0.165718
vt 0.190283 0.554551
vt 0.360757 0.190387
vt 0.898842 0.469088
vt 0.002378 0.618179
vt 0.343904 0.194554
vt 0.025218 0.143018
vt 0.202889 0.356655
vt 0.371065 0.210411
vt 0.710173 0.456113
vt 0.019014 0.144948
vt 0.20249 0.350444
vt 0.817116 0.471089
vt 0.894289 0.450794
vt 0.372866 0.368902
vt 0.420877 0.970894
vt 0.831549 0.758327
vt 0.832195 0.443538
vt 0.845443 0.835797
vt 0.95068 0.459263
vt 0.39998 0.792282
vt 0.703362 0.985407
vt 0.855009 0.675401
vt 0.880829 0.666439
vt 0.13792 0.98896
vt 0.33585 0.9641
vt 0.701011 0.987954
vt 0.877279 0.665353
vt 0.829377 0.464571
vt 0.833996 0.740568
vt 0.080393 0.322777
vt 0.247297 0.86929
vt 0.567405 0.703852
vt 0.324232 0.748867
vt 0.560185 0.704403
vt 0.680886 0.650345
vt 0.239011 0.29361
vt 0.277496 0.463791
vt 0.314343 0.752938
vt 0.67286 0.643943
vt 0.802105 0.900643
vt 0.89524 0.581816
vt 0.016212 0.608211
vt 0.108077 0.625046
vt 0.238857 0.85381
vt 0.284389 0.478932
vt 0.284603 0.909104
vt 0.010578 0.578008
vt 0.231113 0.822376
vt 0.113191 0.85262
vt 0.38486 0.360855
vt 0.135096 0.805175
vt 0.247181 0.016174
vt 0.322396 0.972695
vt 0.962507 0.482768
vt 0.845585 0.255783
vt 0.847473 0.675131
vt 0.876833 0.674082
vt 0.247181 0.001582
vt 0.33677 0.972295
vt 0.873916 0.674468
vt 0.160315 0.507963
vt 0.324192 0.676657
vt 0.366399 0.383059
vt 0.813433 0.758342
vt 0.843002 0.326395
vt 0.860423 0.192821
vt 0.192653 0.234167
vt 0.256171 0.00191
vt 0.876312 0.682615
vt 0.96084 0.560927
vt 0.073853 0.662324
vt 0.864618 0.075272
vt 0.869415 0.2568
vt 0.005404 0.67188
vt 0.863821 0.346311
vt 0.871823 0.255756
vt 0.009006 0.021615
vt 0.07161 0.664675
vt 0.861379 0.076581
vt 0.866419 0.349099
vt 0.150476 0.500138
vt 0.226962 0.866419
vt 0.832773 0.333711
vt 0.880829 0.151013
vt 0.00311 0.707421
vt 0.066648 0.679085
vt 0.1405 0.6963
vt 0.929274 0.360976
vt 0.001621 0.709299
vt 0.06547 0.676673
vt 0.933066 0.275341
vt 0.287914 0.936669
vt 0.331437 0.678821
vt 0.359389 0.166349
vt 0.372866 0.387277
vt 0.918656 0.498901
vt 0.960086 0.477341
vt 0.160315 0.478024
vt 0.225531 0.840696
vt 0.809847 0.73181
vt 0.056204 0.977076
vt 0.602383 0.365712
vt 0.863683 0.088566
vt 0.869415 0.271994
vt 0.058876 0.977076
vt 0.864283 0.361318
vt 0.871823 0.270951
vt 0.860986 0.088653
vt 0.866286 0.36254
vt 0.058433 0.9892
vt 0.549601 0.935505
vt 0.603431 0.38017
vt 0.859871 0.373812
vt 0.958285 0.013253
vt 0.860293 0.103167
vt 0.863414 0.375229
vt 0.003603 0.712329
vt 0.043231 0.936928
vt 0.138945 0.701065
vt 0.089856 0.470872
vt 0.261187 0.510963
vt 0.408892 0.852009
vt 0.56634 0.798393
vt 0.097269 0.474443
vt 0.221558 0.489956
vt 0.659271 0.959681
vt 0.094364 0.479277
vt 0.399151 0.850353
vt 0.857413 0.733124
vt 0.096277 0.487621
vt 0.211573 0.497036
vt 0.788964 0.038794
vt 0.563961 0.991818
vt 0.58662 0.991818
vt 0.687816 0.995259
vt 0.963265 0.978058
vt 0.565639 0.993897
vt 0.654439 0.991818
vt 0.690371 0.994405
vt 0.996222 0.910785
vt 0.996529 0.838089
vt 0.996995 0.711594
vt 0.997103 0.597805
vt 0.99747 0.513641
vt 0.998031 0.262816
vt 0.583059 0.991818
vt 0.61542 0.991818
vt 0.68789 0.991818
vt 0.940425 0.978031
vt 0.139135 0.992064
vt 0.409979 0.991818
vt 0.745733 0.697149
vt 0.138996 0.995495
vt 0.413855 0.992289
vt 0.593156 0.991818
vt 0.610356 0.991818
vt 0.989928 0.513641
vt 0.989928 0.600537
vt 0.991174 0.229115
vt 0.684042 0.995359
vt 0.773422 0.991818
vt 0.99146 0.753034
vt 0.992963 0.265396
vt 0.815192 0.99202
vt 0.990779 0.839477
vt 0.991474 0.710941
vt 0.608786 0.99223
vt 0.990112 0.262816
vt 0.990462 0.512063
vt 0.723998 0.994774
vt 0.772575 0.993125
vt 0.816716 0.991818
vt 0.989928 0.752466
vt 0.989928 0.910785
vt 0.989928 0.711594
vt 0.991466 0.290432
vt 0.685236 0.993038
vt 0.759212 0.993127
vt 0.773422 0.994522
vt 0.816716 0.993466
vt 0.992569 0.267404
vt 0.992769 0.247687
vt 0.610356 0.99544
vt 0.684042 0.991818
vt 0.723998 0.991818
vt 0.760047 0.991818
vt 0.989928 0.287986
vt 0.989928 0.267714
vt 0.989928 0.232517
vt 0.990142 0.248171
vt 0.721794 0.993788
vt 0.760047 0.994567
vt 0.815192 0.993668
vt 0.989928 0.838089
vt 0.99126 0.912797
vt 0.608786 0.995853
vt 0.989928 0.259198
vt 0.989928 0.249852
vt 0.689595 0.991818
vt 0.726578 0.991818
vt 0.939195 0.977076
vt 0.996854 0.752466
vt 0.997103 0.600749
vt 0.998026 0.287986
vt 0.998091 0.232517
vt 0.998091 0.267714
vt 0.998094 0.247687
vt 0.563961 0.995999
vt 0.651853 0.99204
vt 0.967244 0.977076
vt 0.977076 0.85762
vt 0.979835 0.855694
vt 0.99125 0.274606
vt 0.352114 0.991818
vt 0.394299 0.991818
vt 0.585082 0.995856
vt 0.61542 0.995746
vt 0.963206 0.982125
vt 0.392197 0.99351
vt 0.612936 0.99469
vt 0.939663 0.982306
vt 0.96543 0.981185
vt 0.981153 0.857988
vt 0.350016 0.996795
vt 0.394299 0.996836
vt 0.503954 0.992513
vt 0.940425 0.986619
vt 0.07098 0.997731
vt 0.574845 0.99592
vt 0.967244 0.98677
vt 0.98603 0.854434
vt 0.997624 0.274606
vt 0.345931 0.991818
vt 0.820148 0.993525
vt 0.989928 0.755614
vt 0.989928 0.745169
vt 0.3542 0.996795
vt 0.502505 0.996321
vt 0.576936 0.995893
vt 0.965255 0.987261
vt 0.024464 0.991818
vt 0.819296 0.99267
vt 0.9908 0.756402
vt 0.520854 0.991818
vt 0.537954 0.991818
vt 0.806893 0.991818
vt 0.023278 0.991818
vt 0.115992 0.991818
vt 0.347437 0.992491
vt 0.820148 0.991818
vt 0.136416 0.997475
vt 0.502505 0.991818
vt 0.576936 0.991818
vt 0.938961 0.987344
vt 0.453523 0.992178
vt 0.536337 0.992266
vt 0.808498 0.991818
vt 0.073335 0.997731
vt 0.133287 0.997475
vt 0.574159 0.993761
vt 0.997971 0.272544
vt 0.451465 0.991818
vt 0.52346 0.992271
vt 0.808322 0.993845
vt 0.654129 0.99476
vt 0.709352 0.991818
vt 0.726578 0.994751
vt 0.996779 0.250221
vt 0.997292 0.260023
vt 0.651853 0.995512
vt 0.706939 0.991875
vt 0.977678 0.854434
vt 0.989928 0.272697
vt 0.709352 0.993867
vt 0.728702 0.993697
vt 0.937497 0.979481
vt 0.073048 0.991818
vt 0.991852 0.273174
vt 0.134734 0.991818
vt 0.706939 0.994949
vt 0.936968 0.982076
vt 0.992499 0.270294
vt 0.009006 0.343212
vt 0.347047 0.721789
vt 0.99769 0.339799
vt 0.520854 0.996228
vt 0.537954 0.9961
vt 0.812612 0.991818
vt 0.171667 0.818502
vt 0.545031 0.712446
vt 0.090843 0.46683
vt 0.257018 0.509254
vt 0.546158 0.958792
vt 0.651072 0.96549
vt 0.381873 0.946299
vt 0.535824 0.950446
vt 0.650958 0.951797
vt 0.375778 0.953605
vt 0.43434 0.977076
vt 0.446817 0.977076
vt 0.467097 0.326578
vt 0.985109 0.921389
vt 0.430539 0.978923
vt 0.970894 0.245164
vt 0.985916 0.925668
vt 0.375778 0.943937
vt 0.961393 0.243906
vt 0.977076 0.925668
vt 0.221558 0.502807
vt 0.377019 0.936926
vt 0.659271 0.945206
vt 0.95434 0.244241
vt 0.51934 0.698471
vt 0.958612 0.250302
vt 0.178327 0.81823
vt 0.211547 0.977076
vt 0.537971 0.714393
vt 0.624974 0.281192
vt 0.453523 0.996464
vt 0.535254 0.996106
vt 0.811078 0.99356
vt 0.452228 0.99556
vt 0.522756 0.99547
vt 0.812612 0.9938
vt 0.114282 0.996472
vt 0.345931 0.99695
vt 0.796645 0.991818
vt 0.994554 0.742799
vt 0.537237 0.720244
vt 0.602748 0.987283
vt 0.63045 0.284001
vt 0.049188 0.997834
vt 0.40366 0.977522
vt 0.977076 0.687883
vt 0.995268 0.043467
vt 0.166765 0.81823
vt 0.243174 0.654777
vt 0.549392 0.714853
vt 0.235871 0.6552
vt 0.549392 0.722179
vt 0.64011 0.977889
vt 0.540055 0.724679
vt 0.597537 0.988013
vt 0.690995 0.060213
vt 0.330869 0.889086
vt 0.918225 0.094692
vt 0.544686 0.725919
vt 0.634011 0.977076
vt 0.695925 0.05954
vt 0.325946 0.889691
vt 0.69505 0.381627
vt 0.221796 0.347937
vt 0.269848 0.26217
vt 0.93847 0.529578
vt 0.229878 0.351915
vt 0.430508 0.511678
vt 0.729521 0.472822
vt 0.865592 0.846605
vt 0.929978 0.275597
vt 0.231508 0.341178
vt 0.277398 0.272354
vt 0.832195 0.498956
vt 0.83282 0.708637
vt 0.269848 0.286405
vt 0.690621 0.8718
vt 0.833996 0.692066
vt 0.933669 0.505387
vt 0.253644 0.346566
vt 0.682038 0.869891
vt 0.93847 0.498022
vt 0.142482 0.997335
vt 0.559008 0.991818
vt 0.593156 0.995817
vt 0.986511 0.1386
vt 0.986771 0.30089
vt 0.415845 0.978173
vt 0.84568 0.977076
vt 0.978795 0.444966
vt 0.986715 0.409678
vt 0.407159 0.977076
vt 0.986331 0.526828
vt 0.986729 0.399699
vt 0.98675 0.448062
vt 0.283285 0.991818
vt 0.63045 0.413013
vt 0.992035 0.168938
vt 0.416826 0.932423
vt 0.629938 0.418999
vt 0.998246 0.168938
vt 0.411026 0.995057
vt 0.425773 0.994693
vt 0.743035 0.698899
vt 0.740869 0.694516
vt 0.989928 0.908205
vt 0.989928 0.758982
vt 0.998534 0.008555
vt 0.427511 0.99676
vt 0.740901 0.698288
vt 0.992216 0.905376
vt 0.561381 0.993645
vt 0.987065 0.135172
vt 0.994872 0.761719
vt 0.998534 0.01444
vt 0.413855 0.996711
vt 0.427511 0.991818
vt 0.559008 0.995981
vt 0.5892 0.993999
vt 0.996186 0.908205
vt 0.996707 0.758982
vt 0.09567 0.386647
vt 0.105848 0.992166
vt 0.617735 0.410496
vt 0.107499 0.991818
vt 0.353052 0.727827
vt 0.606565 0.977076
vt 0.617005 0.412007
vt 0.09477 0.392681
vt 0.623243 0.411746
vt 0.700701 0.89524
vt 0.821389 0.987549
vt 0.352902 0.733925
vt 0.622512 0.413257
vt 0.353052 0.72183
vt 0.609008 0.982667
vt 0.989928 0.638882
vt 0.991366 0.339799
vt 0.095205 0.380769
vt 0.107499 0.997613
vt 0.607833 0.982939
vt 0.730373 0.986689
vt 0.391098 0.987792
vt 0.606565 0.988189
vt 0.725134 0.987733
vt 0.989928 0.977351
vt 0.995349 0.6398
vt 0.977076 0.502837
vt 0.986105 0.851854
vt 0.989928 0.593747
vt 0.989928 0.747749
vt 0.989928 0.01702
vt 0.989928 0.346838
vt 0.991647 0.976243
vt 0.997166 0.638882
vt 0.214127 0.98873
vt 0.284818 0.992352
vt 0.497981 0.978274
vt 0.629622 0.411567
vt 0.986394 0.397021
vt 0.986656 0.529508
vt 0.004727 0.354854
vt 0.347127 0.734925
vt 0.409611 0.931932
vt 0.622512 0.4197
vt 0.007656 0.349178
vt 0.347047 0.727786
vt 0.005026 0.346745
vt 0.395539 0.977076
vt 0.978253 0.680379
vt 0.002816 0.351387
vt 0.409912 0.935746
vt 0.983783 0.680379
vt 0.989928 0.217767
vt 0.004746 0.342029
vt 0.396135 0.981738
vt 0.006236 0.338421
vt 0.997032 0.590722
vt 0.997566 0.345132
vt 0.219551 0.98764
vt 0.283285 0.99709
vt 0.415085 0.581575
vt 0.989928 0.163327
vt 0.415419 0.583625
vt 0.992185 0.162518
vt 0.416006 0.935952
vt 0.977802 0.433565
vt 0.989928 0.211593
vt 0.414448 0.589021
vt 0.420925 0.935883
vt 0.986665 0.47242
vt 0.997591 0.163445
vt 0.41893 0.939138
vt 0.977076 0.7427
vt 0.977076 0.429126
vt 0.411278 0.950968
vt 0.619205 0.573156
vt 0.99638 0.877914
vt 0.420132 0.944402
vt 0.977191 0.737365
vt 0.977258 0.964597
vt 0.41647 0.949723
vt 0.619236 0.57869
vt 0.977076 0.958093
vt 0.418274 0.952624
vt 0.660511 0.679085
vt 0.218563 0.977806
vt 0.414448 0.571461
vt 0.501967 0.108386
vt 0.415845 0.988201
vt 0.977076 0.409678
vt 0.977076 0.513497
vt 0.488167 0.988008
vt 0.847217 0.987537
vt 0.977303 0.414019
vt 0.978049 0.509254
vt 0.422355 0.570456
vt 0.47304 0.977076
vt 0.50301 0.116489
vt 0.048267 0.351251
vt 0.478828 0.978053
vt 0.50749 0.120686
vt 0.977076 0.93486
vt 0.407159 0.987104
vt 0.977076 0.400263
vt 0.985625 0.513497
vt 0.49719 0.987806
vt 0.977076 0.395912
vt 0.986598 0.509254
vt 0.420412 0.581248
vt 0.977076 0.47242
vt 0.986683 0.518596
vt 0.989928 0.574881
vt 0.423302 0.941422
vt 0.983104 0.468072
vt 0.989928 0.581699
vt 0.425104 0.581172
vt 0.47399 0.987635
vt 0.982016 0.517756
vt 0.654372 0.67243
vt 0.982289 0.516076
vt 0.995031 0.57489
vt 0.478828 0.988228
vt 0.660191 0.671544
vt 0.977076 0.518596
vt 0.985798 0.931602
vt 0.421663 0.948479
vt 0.655011 0.678807
vt 0.996947 0.58117
vt 0.243251 0.99338
vt 0.986071 0.688412
vt 0.986543 0.436518
vt 0.989928 0.448088
vt 0.998 0.21761
vt 0.981004 0.688207
vt 0.99861 0.045484
vt 0.24541 0.997157
vt 0.332385 0.875831
vt 0.920332 0.082204
vt 0.981835 0.689324
vt 0.998424 0.047176
vt 0.161622 0.679419
vt 0.24541 0.991818
vt 0.613009 0.71542
vt 0.925861 0.082032
vt 0.992714 0.448851
vt 0.051089 0.99322
vt 0.110079 0.991818
vt 0.404579 0.982536
vt 0.986666 0.387235
vt 0.049188 0.991818
vt 0.111702 0.993708
vt 0.324012 0.874481
vt 0.613009 0.726833
vt 0.623245 0.92442
vt 0.69456 0.366078
vt 0.989928 0.047176
vt 0.110079 0.99761
vt 0.616435 0.729521
vt 0.626848 0.570519
vt 0.986666 0.393333
vt 0.617554 0.713953
vt 0.986095 0.744157
vt 0.986181 0.429126
vt 0.997635 0.448088
vt 0.16752 0.677883
vt 0.618687 0.717393
vt 0.948352 0.036645
vt 0.614779 0.923247
vt 0.620575 0.723128
vt 0.954187 0.036045
vt 0.620602 0.726907
vt 0.626306 0.575541
vt 0.623245 0.723522
vt 0.626848 0.580014
vt 0.985306 0.95974
vt 0.62284 0.718596
vt 0.985672 0.737365
vt 0.985725 0.964597
vt 0.161803 0.692166
vt 0.923754 0.094521
vt 0.621597 0.934252
vt 0.689525 0.377104
vt 0.616851 0.935711
vt 0.954682 0.049513
vt 0.05552 0.350903
vt 0.261187 0.525551
vt 0.421501 0.849185
vt 0.755635 0.793128
vt 0.217006 0.841833
vt 0.309821 0.387277
vt 0.394482 0.572158
vt 0.858183 0.148287
vt 0.300814 0.386862
vt 0.388441 0.577963
vt 0.899108 0.528581
vt 0.925861 0.787583
vt 0.930293 0.028306
vt 0.05552 0.334131
vt 0.089856 0.488149
vt 0.782707 0.04075
vt 0.845585 0.197281
vt 0.846751 0.733124
vt 0.061646 0.335474
vt 0.734367 0.962706
vt 0.780007 0.046761
vt 0.059335 0.342718
vt 0.746469 0.792495
vt 0.855611 0.1975
vt 0.063045 0.343927
vt 0.182003 0.970893
vt 0.733805 0.971209
vt 0.300814 0.361147
vt 0.904245 0.786322
vt 0.922259 0.002066
vt 0.943541 0.792566
vt 0.997907 0.325079
vt 0.001621 0.724117
vt 0.040907 0.948381
vt 0.789551 0.991818
vt 0.933066 0.290007
vt 0.066648 0.662373
vt 0.789551 0.994254
vt 0.930596 0.289732
vt 0.931265 0.377681
vt 0.043231 0.949278
vt 0.1405 0.71331
vt 0.791652 0.993061
vt 0.929274 0.37827
vt 0.394482 0.585418
vt 0.858031 0.161571
vt 0.934868 0.037035
vt 0.669878 0.132578
vt 0.918443 0.005069
vt 0.943785 0.565604
vt 0.994495 0.328271
vt 0.230104 0.326465
vt 0.387039 0.901167
vt 0.408042 0.032423
vt 0.989928 0.362234
vt 0.258063 0.519006
vt 0.414151 0.850207
vt 0.55786 0.79823
vt 0.012609 0.950518
vt 0.255379 0.518708
vt 0.547591 0.967291
vt 0.001504 0.946826
vt 0.377104 0.960086
vt 0.472967 0.323791
vt 0.535824 0.965551
vt 0.226416 0.332857
vt 0.293568 0.731913
vt 0.877227 0.056085
vt 0.997661 0.362234
vt 0.012544 0.960475
vt 0.058108 0.353052
vt 0.192738 0.970893
vt 0.258792 0.527777
vt 0.381231 0.906047
vt 0.690008 0.705077
vt 0.86993 0.054976
vt 0.99372 0.368741
vt 0.449898 0.985106
vt 0.468412 0.334028
vt 0.970255 0.254443
vt 0.997001 0.628112
vt 0.43434 0.988385
vt 0.446817 0.98839
vt 0.522373 0.711508
vt 0.970894 0.255665
vt 0.997001 0.623787
vt 0.522373 0.703155
vt 0.962731 0.253956
vt 0.518297 0.707047
vt 0.963917 0.257204
vt 0.989928 0.624178
vt 0.160968 0.703466
vt 0.925163 0.105827
vt 0.001739 0.95702
vt 0.473738 0.33326
vt 0.334826 0.912044
vt 0.372866 0.654365
vt 0.919597 0.118885
vt 0.986336 0.709143
vt 0.001504 0.967291
vt 0.185299 0.959013
vt 0.467097 0.342245
vt 0.745733 0.974496
vt 0.968766 0.262988
vt 0.161622 0.715111
vt 0.925861 0.117205
vt 0.960267 0.841619
vt 0.980654 0.712276
vt 0.335039 0.90207
vt 0.919723 0.108955
vt 0.330116 0.902676
vt 0.695297 0.395663
vt 0.621342 0.949928
vt 0.690099 0.392712
vt 0.757279 0.977076
vt 0.977076 0.008426
vt 0.180129 0.576412
vt 0.214312 0.961384
vt 0.47046 0.977076
vt 0.786055 0.680818
vt 0.275448 0.742229
vt 0.492797 0.99624
vt 0.940121 0.042847
vt 0.164927 0.977076
vt 0.335039 0.916855
vt 0.3694 0.650224
vt 0.716912 0.639444
vt 0.158903 0.977274
vt 0.710874 0.639457
vt 0.761944 0.974215
vt 0.123207 0.991818
vt 0.164927 0.988595
vt 0.3694 0.662874
vt 0.962256 0.846605
vt 0.977076 0.709143
vt 0.07841 0.659271
vt 0.118571 0.995617
vt 0.158903 0.988794
vt 0.748898 0.974496
vt 0.076136 0.655003
vt 0.123207 0.997435
vt 0.967291 0.844009
vt 0.329771 0.91602
vt 0.715707 0.635008
vt 0.167889 0.573772
vt 0.177528 0.933566
vt 0.785427 0.693495
vt 0.325872 0.910219
vt 0.689525 0.403488
vt 0.910848 0.983897
vt 0.98437 0.00129
vt 0.01561 0.997842
vt 0.16752 0.713575
vt 0.96418 0.837394
vt 0.997621 0.040887
vt 0.012771 0.993936
vt 0.653867 0.548937
vt 0.757279 0.987671
vt 0.90745 0.977076
vt 0.987081 0.008426
vt 0.998567 0.036291
vt 0.00129 0.977076
vt 0.320948 0.910825
vt 0.651666 0.558399
vt 0.716912 0.625647
vt 0.90745 0.987381
vt 0.007323 0.97718
vt 0.710874 0.62566
vt 0.761944 0.958468
vt 0.187334 0.940982
vt 0.557386 0.918986
vt 0.79797 0.693495
vt 0.138699 0.911183
vt 0.690731 0.902445
vt 0.938904 0.773654
vt 0.206241 0.818241
vt 0.309821 0.361562
vt 0.947477 0.784898
vt 0.124717 0.913252
vt 0.941465 0.785971
vt 0.949278 0.565366
vt 0.989928 0.325079
vt 0.226962 0.80938
vt 0.695297 0.890338
vt 0.815874 0.700858
vt 0.947477 0.764644
vt 0.684469 0.883234
vt 0.257181 0.328818
vt 0.674427 0.885599
vt 0.212334 0.511565
vt 0.745733 0.960625
vt 0.788964 0.052237
vt 0.956666 0.25773
vt 0.123821 0.887424
vt 0.423281 0.562242
vt 0.947636 0.540735
vt 0.166739 0.692463
vt 0.948924 0.051776
vt 0.167393 0.704108
vt 0.614779 0.951079
vt 0.75173 0.980964
vt 0.948352 0.063045
vt 0.989928 0.036291
vt 0.186272 0.88904
vt 0.203641 0.960141
vt 0.469938 0.986384
vt 0.129323 0.884512
vt 0.261659 0.318636
vt 0.66344 0.895217
vt 0.00129 0.988982
vt 0.01561 0.991818
vt 0.076136 0.642577
vt 0.651666 0.545816
vt 0.967291 0.832183
vt 0.461563 0.978035
vt 0.564273 0.908508
vt 0.795079 0.681002
vt 0.007323 0.989086
vt 0.081058 0.644228
vt 0.748898 0.95875
vt 0.180255 0.895094
vt 0.461563 0.988043
vt 0.57461 0.91078
vt 0.183968 0.891508
vt 0.466783 0.988084
vt 0.422082 0.567298
vt 0.669971 0.104128
vt 0.943785 0.537878
vt 0.240427 0.470567
vt 0.244975 0.810338
vt 0.233346 0.47067
vt 0.244975 0.803193
vt 0.294914 0.856347
vt 0.230493 0.463501
vt 0.775933 0.526784
vt 0.802105 0.853606
vt 0.300335 0.872494
vt 0.035214 0.971436
vt 0.204216 0.402934
vt 0.73826 0.946334
vt 0.977076 0.026053
vt 0.042442 0.972695
vt 0.202682 0.410346
vt 0.784896 0.46955
vt 0.187686 0.454924
vt 0.144103 0.943874
vt 0.180547 0.445237
vt 0.269486 0.355679
vt 0.401121 0.527889
vt 0.295777 0.887961
vt 0.953046 0.967291
vt 0.371065 0.288278
vt 0.384725 0.509663
vt 0.865592 0.792915
vt 0.283836 0.349774
vt 0.66344 0.85525
vt 0.294677 0.901403
vt 0.715266 0.609248
vt 0.967291 0.966641
vt 0.04143 0.934689
vt 0.311354 0.900628
vt 0.356087 0.299873
vt 0.729521 0.597344
vt 0.967291 0.947847
vt 0.021745 0.956483
vt 0.35917 0.327543
vt 0.524869 0.910755
vt 0.741123 0.931515
vt 0.201339 0.482096
vt 0.288259 0.891676
vt 0.190912 0.48594
vt 0.288259 0.902445
vt 0.713286 0.615286
vt 0.021745 0.928889
vt 0.718109 0.614284
vt 0.741123 0.958284
vt 0.171225 0.459466
vt 0.940272 0.536083
vt 0.171337 0.466425
vt 0.524869 0.943874
vt 0.729521 0.637655
vt 0.765547 0.949758
vt 0.367584 0.520664
vt 0.348465 0.519414
vt 0.36393 0.325907
vt 0.345214 0.529295
vt 0.307164 0.356597
vt 0.369232 0.541474
vt 0.307014 0.351655
vt 0.369744 0.545296
vt 0.333815 0.356655
vt 0.343313 0.548316
vt 0.332151 0.351438
vt 0.346357 0.552948
vt 0.336879 0.552697
vt 0.138699 0.869089
vt 0.278641 0.32427
vt 0.40193 0.561797
vt 0.38513 0.569207
vt 0.674848 0.063961
vt 0.313773 0.334516
vt 0.368201 0.563998
vt 0.363447 0.56896
vt 0.677279 0.042101
vt 0.338642 0.34037
vt 0.341447 0.563826
vt 0.344655 0.569207
vt 0.677284 0.024573
vt 0.907849 0.253397
vt 0.92358 0.578546
vt 0.050436 0.33859
vt 0.274581 0.016212
vt 0.384548 0.978575
vt 0.980642 0.3794
vt 0.172905 0.830315
vt 0.727417 0.746769
vt 0.211547 0.988753
vt 0.603985 0.977076
vt 0.624974 0.29361
vt 0.729521 0.756241
vt 0.176838 0.830393
vt 0.206427 0.986972
vt 0.729521 0.750708
vt 0.025626 0.997855
vt 0.794231 0.994231
vt 0.996806 0.745169
vt 0.996833 0.755614
vt 0.023255 0.997855
vt 0.115992 0.997602
vt 0.796645 0.994233
vt 0.168003 0.830043
vt 0.243174 0.666555
vt 0.722621 0.745478
vt 0.238243 0.666326
vt 0.717909 0.748379
vt 0.597537 0.977206
vt 0.690597 0.072052
vt 0.723379 0.758342
vt 0.232336 0.668277
vt 0.634011 0.98796
vt 0.697098 0.072052
vt 0.717741 0.755195
vt 0.063487 0.991818
vt 0.977076 0.633894
vt 0.978175 0.500648
vt 0.991574 0.749886
vt 0.998317 0.207132
vt 0.384548 0.988292
vt 0.98619 0.746737
vt 0.986734 0.384655
vt 0.994315 0.019009
vt 0.99613 0.977351
vt 0.300386 0.991818
vt 0.981577 0.634
vt 0.994438 0.209013
vt 0.002816 0.335842
vt 0.063487 0.997765
vt 0.395539 0.988194
vt 0.618814 0.567867
vt 0.977076 0.391992
vt 0.991376 0.877557
vt 0.996793 0.747749
vt 0.997032 0.595225
vt 0.061459 0.996456
vt 0.978019 0.629138
vt 0.989928 0.879822
vt 0.997717 0.390474
vt 0.409611 0.953035
vt 0.99394 0.392579
vt 0.994213 0.879822
vt 0.044213 0.991818
vt 0.664663 0.67266
vt 0.978079 0.849658
vt 0.985398 0.751574
vt 0.99871 0.01702
vt 0.046465 0.992474
vt 0.300386 0.996889
vt 0.977076 0.851854
vt 0.986705 0.502837
vt 0.989928 0.207132
vt 0.044213 0.99783
vt 0.414257 0.954142
vt 0.664675 0.678906
vt 0.046608 0.997458
vt 0.304965 0.99628
vt 0.413765 0.956483
vt 0.986374 0.629138
vt 0.989928 0.390474
vt 0.177571 0.565994
vt 0.214353 0.974496
vt 0.564486 0.977076
vt 0.059827 0.916074
vt 0.171763 0.560617
vt 0.048452 0.914864
vt 0.180129 0.555098
vt 0.205347 0.893833
vt 0.564486 0.988053
vt 0.997562 0.475706
vt 0.064846 0.924543
vt 0.162414 0.563445
vt 0.168364 0.940847
vt 0.19933 0.889026
vt 0.203641 0.973181
vt 0.558075 0.98373
vt 0.989928 0.475706
vt 0.203043 0.891473
vt 0.994255 0.476941
vt 0.54579 0.925614
vt 0.580707 0.844178
vt 0.738379 0.894444
vt 0.802069 0.18717
vt 0.133295 0.59887
vt 0.492085 0.457383
vt 0.637655 0.155026
vt 0.995898 0.962132
vt 0.473844 0.626398
vt 0.742517 0.120828
vt 0.469548 0.426651
vt 0.495354 0.457444
vt 0.995903 0.958723
vt 0.472691 0.42687
vt 0.617627 0.122398
vt 0.993346 0.956167
vt 0.128482 0.59988
vt 0.32686 0.977076
vt 0.799507 0.977076
vt 0.990776 0.962132
vt 0.323154 0.978494
vt 0.621444 0.122387
vt 0.989928 0.957871
vt 0.231583 0.435626
vt 0.253981 0.939281
vt 0.961887 0.704769
vt 0.091086 0.030259
vt 0.234167 0.436986
vt 0.959447 0.706435
vt 0.346988 0.912556
vt 0.954682 0.068655
vt 0.996863 0.735487
vt 0.349685 0.912686
vt 0.558835 0.272901
vt 0.99485 0.733693
vt 0.563803 0.272624
vt 0.944506 0.002454
vt 0.989928 0.734366
vt 0.945676 0.002549
vt 0.948204 0.068921
vt 0.990375 0.735487
vt 0.093667 0.04405
vt 0.250811 0.953934
vt 0.961887 0.720515
vt 0.444237 0.982436
vt 0.856231 0.951874
vt 0.856925 0.979511
vt 0.977076 0.369994
vt 0.989928 0.896908
vt 0.091086 0.050436
vt 0.231583 0.457527
vt 0.253981 0.960086
vt 0.441238 0.986404
vt 0.989928 0.901436
vt 0.259144 0.565256
vt 0.843873 0.437605
vt 0.935543 0.375561
vt 0.275597 0.584885
vt 0.792387 0.729122
vt 0.926998 0.397553
vt 0.064524 0.823032
vt 0.848635 0.455726
vt 0.940272 0.39224
vt 0.960566 0.58179
vt 0.051376 0.819047
vt 0.578087 0.686298
vt 0.655668 0.24265
vt 0.763746 0.075908
vt 0.817784 0.625987
vt 0.960086 0.066648
vt 0.053534 0.825106
vt 0.650673 0.238385
vt 0.970894 0.580298
vt 0.34945 0.172923
vt 0.718767 0.383747
vt 0.805485 0.731551
vt 0.932881 0.408776
vt 0.344 0.166281
vt 0.650673 0.25218
vt 0.807147 0.628658
vt 0.940272 0.408892
vt 0.970894 0.594425
vt 0.517972 0.641258
vt 0.756029 0.077214
vt 0.916732 0.767348
vt 0.955232 0.060871
vt 0.518771 0.622489
vt 0.655088 0.559337
vt 0.916732 0.75028
vt 0.589021 0.705221
vt 0.654347 0.563442
vt 0.920458 0.751818
vt 0.960086 0.046243
vt 0.005404 0.033394
vt 0.184917 0.980194
vt 0.410693 0.571305
vt 0.082979 0.928288
vt 0.182078 0.988899
vt 0.401304 0.571254
vt 0.56781 0.64222
vt 0.086462 0.929464
vt 0.35338 0.146114
vt 0.564314 0.643059
vt 0.691203 0.466533
vt 0.109878 0.190331
vt 0.256774 0.605232
vt 0.792387 0.758112
vt 0.098251 0.201744
vt 0.241397 0.158122
vt 0.74213 0.396283
vt 0.808778 0.758342
vt 0.586254 0.873615
vt 0.824989 0.207149
vt 0.136407 0.621444
vt 0.595405 0.856767
vt 0.880829 0.643645
vt 0.747561 0.118261
vt 0.052385 0.853906
vt 0.760416 0.108732
vt 0.077455 0.831804
vt 0.601474 0.893438
vt 0.793074 0.315225
vt 0.85381 0.441567
vt 0.0687 0.842431
vt 0.607034 0.881592
vt 0.069369 0.85811
vt 0.149507 0.61688
vt 0.605506 0.866192
vt 0.537279 0.944638
vt 0.600831 0.841655
vt 0.877851 0.659353
vt 0.717153 0.928515
vt 0.751137 0.909734
vt 0.796725 0.167903
vt 0.54579 0.952881
vt 0.738379 0.922396
vt 0.86996 0.669776
vt 0.051376 0.875425
vt 0.136407 0.598563
vt 0.755615 0.129092
vt 0.856146 0.650722
vt 0.44107 0.621541
vt 0.749418 0.152263
vt 0.436495 0.61617
vt 0.745374 0.158513
vt 0.434537 0.622108
vt 0.751836 0.157836
vt 0.938669 0.235569
vt 0.763746 0.155199
vt 0.858735 0.67768
vt 0.947477 0.39268
vt 0.951079 0.231991
vt 0.762025 0.148221
vt 0.857856 0.670343
vt 0.001948 0.036026
vt 0.182078 0.977076
vt 0.475977 0.383122
vt 0.569207 0.629941
vt 0.480641 0.384493
vt 0.564314 0.630825
vt 0.702502 0.466533
vt 0.133295 0.612437
vt 0.633839 0.165883
vt 0.806061 0.986297
vt 0.977076 0.889986
vt 0.991276 0.123748
vt 0.492085 0.479081
vt 0.637655 0.172924
vt 0.985991 0.889986
vt 0.996332 0.387895
vt 0.482593 0.610265
vt 0.661942 0.518672
vt 0.32686 0.988704
vt 0.520359 0.977076
vt 0.621272 0.131731
vt 0.799507 0.987458
vt 0.989928 0.130512
vt 0.469548 0.448228
vt 0.495354 0.479142
vt 0.99294 0.387517
vt 0.173591 0.997199
vt 0.984772 0.893648
vt 0.997655 0.383746
vt 0.998288 0.123748
vt 0.168731 0.992369
vt 0.473738 0.44852
vt 0.520359 0.988294
vt 0.617627 0.1405
vt 0.989928 0.383746
vt 0.173591 0.991818
vt 0.523665 0.984944
vt 0.997219 0.12898
vt 0.214362 0.994233
vt 0.36833 0.993186
vt 0.881404 0.985352
vt 0.218398 0.99715
vt 0.314635 0.991818
vt 0.698431 0.987909
vt 0.717723 0.977076
vt 0.876843 0.987358
vt 0.996431 0.855215
vt 0.364155 0.996793
vt 0.882134 0.979623
vt 0.977076 0.465492
vt 0.986668 0.486324
vt 0.218398 0.991818
vt 0.364155 0.991818
vt 0.981859 0.485079
vt 0.989928 0.855215
vt 0.981685 0.465168
vt 0.981823 0.4887
vt 0.717723 0.987784
vt 0.876843 0.977076
vt 0.980179 0.461265
vt 0.31947 0.991818
vt 0.381773 0.991818
vt 0.978317 0.485088
vt 0.992149 0.852505
vt 0.698431 0.977076
vt 0.722554 0.986784
vt 0.985156 0.460823
vt 0.989928 0.505795
vt 0.385586 0.991818
vt 0.977076 0.4887
vt 0.98665 0.465492
vt 0.993267 0.509483
vt 0.035965 0.212552
vt 0.656777 0.266894
vt 0.676249 0.534749
vt 0.681409 0.472299
vt 0.744559 0.977076
vt 0.317171 0.996833
vt 0.383768 0.996771
vt 0.694744 0.983066
vt 0.99737 0.505795
vt 0.207467 0.997116
vt 0.977076 0.362518
vt 0.986749 0.29377
vt 0.989928 0.939883
vt 0.412495 0.444918
vt 0.645277 0.274371
vt 0.674068 0.549904
vt 0.950637 0.569849
vt 0.652028 0.277795
vt 0.958285 0.569168
vt 0.128288 0.207148
vt 0.659887 0.2798
vt 0.739903 0.987497
vt 0.206772 0.991818
vt 0.986415 0.288764
vt 0.989928 0.534893
vt 0.979263 0.287261
vt 0.989928 0.687722
vt 0.997134 0.534893
vt 0.211782 0.991818
vt 0.99352 0.538622
vt 0.211605 0.995354
vt 0.991172 0.540982
vt 0.991452 0.935759
vt 0.993548 0.121168
vt 0.989928 0.117704
vt 0.994137 0.690553
vt 0.995949 0.539802
vt 0.053669 0.991818
vt 0.992582 0.11748
vt 0.996801 0.691021
vt 0.058879 0.991818
vt 0.977076 0.29377
vt 0.986812 0.362518
vt 0.996801 0.685771
vt 0.054704 0.997614
vt 0.98129 0.358231
vt 0.996023 0.939883
vt 0.998449 0.11748
vt 0.006553 0.206137
vt 0.543989 0.126817
vt 0.687319 0.506877
vt 0.944748 0.344841
vt 0.972695 0.381034
vt 0.448535 0.593487
vt 0.683023 0.487328
vt 0.327992 0.262
vt 0.691286 0.489747
vt 0.956483 0.335457
vt 0.118066 0.208949
vt 0.157304 0.206327
vt 0.684489 0.276955
vt 0.763051 0.320163
vt 0.950353 0.362059
vt 0.972695 0.396283
vt 0.118066 0.193951
vt 0.144778 0.387619
vt 0.331437 0.662124
vt 0.336841 0.270193
vt 0.524174 0.967291
vt 0.572481 0.347648
vt 0.956483 0.349572
vt 0.122488 0.197112
vt 0.169994 0.660565
vt 0.326777 0.664296
vt 0.648463 0.143651
vt 0.774553 0.316382
vt 0.961491 0.092215
vt 0.039337 0.343056
vt 0.41004 0.421638
vt 0.950726 0.594425
vt 0.237586 0.236553
vt 0.74213 0.316876
vt 0.040136 0.36386
vt 0.25218 0.249186
vt 0.34945 0.093628
vt 0.412495 0.403717
vt 0.578087 0.75654
vt 0.613235 0.306408
vt 0.702502 0.585418
vt 0.724664 0.309041
vt 0.817784 0.693495
vt 0.045032 0.36052
vt 0.618242 0.305327
vt 0.120686 0.642742
vt 0.147592 0.548954
vt 0.340891 0.603588
vt 0.107835 0.648463
vt 0.146185 0.562001
vt 0.500758 0.397387
vt 0.151555 0.653406
vt 0.154911 0.00749
vt 0.491035 0.397765
vt 0.357317 0.621978
vt 0.102346 0.626038
vt 0.367536 0.606696
vt 0.094565 0.606302
vt 0.382393 0.622096
vt 0.584608 0.365595
vt 0.167827 0.552852
vt 0.500758 0.425972
vt 0.172121 0.541032
vt 0.311948 0.609899
vt 0.127949 0.019978
vt 0.488284 0.431766
vt 0.127406 0.007347
vt 0.423947 0.766572
vt 0.65718 0.665574
vt 0.334205 0.617024
vt 0.339255 0.630672
vt 0.316174 0.628277
vt 0.860759 0.955191
vt 0.969092 0.903735
vt 0.979771 0.365098
vt 0.086462 0.895886
vt 0.269619 0.536783
vt 0.356655 0.173944
vt 0.406481 0.599102
vt 0.857665 0.969092
vt 0.001948 0.001988
vt 0.410693 0.599828
vt 0.476353 0.417479
vt 0.856231 0.965369
vt 0.969092 0.915054
vt 0.273796 0.535736
vt 0.35338 0.176526
vt 0.480944 0.419324
vt 0.485476 0.969092
vt 0.701708 0.431605
vt 0.539181 0.977076
vt 0.851549 0.977076
vt 0.989928 0.693601
vt 0.995501 0.898552
vt 0.096379 0.991818
vt 0.989928 0.776987
vt 0.991139 0.695657
vt 0.996079 0.901187
vt 0.997551 0.434272
vt 0.091209 0.994389
vt 0.647854 0.991818
vt 0.995823 0.777408
vt 0.996337 0.889506
vt 0.296189 0.987396
vt 0.647854 0.995634
vt 0.996539 0.781158
vt 0.441075 0.988181
vt 0.99142 0.902796
vt 0.994266 0.430651
vt 0.29549 0.981057
vt 0.989928 0.782768
vt 0.992053 0.434272
vt 0.296189 0.977076
vt 0.43692 0.986886
vt 0.989928 0.398497
vt 0.989928 0.430657
vt 0.338665 0.995624
vt 0.351251 0.943874
vt 0.558835 0.302616
vt 0.096379 0.99752
vt 0.534086 0.982085
vt 0.989928 0.887467
vt 0.991452 0.410637
vt 0.996943 0.693601
vt 0.997513 0.493589
vt 0.343351 0.996792
vt 0.346988 0.943801
vt 0.954682 0.095468
vt 0.339533 0.992057
vt 0.562254 0.300937
vt 0.941806 0.029916
vt 0.343351 0.991818
vt 0.945676 0.030622
vt 0.949708 0.09527
vt 0.289955 0.97744
vt 0.539181 0.988141
vt 0.851549 0.987429
vt 0.960685 0.900916
vt 0.979824 0.170624
vt 0.986778 0.369994
vt 0.989928 0.493589
vt 0.995273 0.395159
vt 0.28921 0.982634
vt 0.989928 0.407581
vt 0.994863 0.491969
vt 0.294052 0.988586
vt 0.649273 0.993351
vt 0.996379 0.887467
vt 0.997614 0.407581
vt 0.033337 0.20198
vt 0.408759 0.134216
vt 0.691694 0.476289
vt 0.475977 0.426905
vt 0.491751 0.961628
vt 0.961727 0.908506
vt 0.986887 0.101855
vt 0.987068 0.173482
vt 0.441401 0.977076
vt 0.862404 0.951982
vt 0.977076 0.863921
vt 0.989928 0.683191
vt 0.269619 0.523037
vt 0.456103 0.993899
vt 0.866419 0.958212
vt 0.983605 0.863921
vt 0.982447 0.860568
vt 0.983991 0.717606
vt 0.996817 0.683191
vt 0.45961 0.991817
vt 0.485476 0.954764
vt 0.982037 0.10969
vt 0.98604 0.86073
vt 0.986346 0.714856
vt 0.27296 0.526049
vt 0.45961 0.996372
vt 0.485962 0.959761
vt 0.43692 0.979335
vt 0.977076 0.714856
vt 0.977076 0.173482
vt 0.977076 0.101855
vt 0.991806 0.678216
vt 0.997644 0.398497
vt 0.035579 0.167949
vt 0.045447 0.988906
vt 0.931038 0.163489
vt 0.426442 0.144734
vt 0.515731 0.827878
vt 0.045032 0.341413
vt 0.633632 0.292696
vt 0.956383 0.594425
vt 0.126744 0.198594
vt 0.409747 0.147705
vt 0.518771 0.844804
vt 0.681409 0.484546
vt 0.74915 0.987497
vt 0.016807 0.198461
vt 0.534865 0.119091
vt 0.306219 0.850207
vt 0.532172 0.126167
vt 0.961661 0.384746
vt 0.02607 0.172087
vt 0.036787 0.983203
vt 0.969092 0.750315
vt 0.012266 0.161677
vt 0.709442 0.253981
vt 0.969092 0.767348
vt 0.002716 0.159797
vt 0.50106 0.125183
vt 0.15566 0.195311
vt 0.297765 0.850207
vt 0.96181 0.391536
vt 0.066074 0.392681
vt 0.147706 0.396898
vt 0.523711 0.957586
vt 0.072051 0.391887
vt 0.144778 0.401687
vt 0.331437 0.675483
vt 0.973669 0.092215
vt 0.067726 0.381279
vt 0.199449 0.995514
vt 0.51236 0.955945
vt 0.072051 0.379882
vt 0.204192 0.997154
vt 0.973606 0.104369
vt 0.977076 0.674648
vt 0.989928 0.159938
vt 0.204192 0.991818
vt 0.510113 0.950292
vt 0.661487 0.981297
vt 0.989928 0.303025
vt 0.989928 0.154556
vt 0.045447 0.977076
vt 0.519201 0.617841
vt 0.943874 0.162684
vt 0.957297 0.752831
vt 0.305015 0.809626
vt 0.498375 0.131494
vt 0.06747 0.145238
vt 0.475205 0.134652
vt 0.048881 0.139971
vt 0.931038 0.194539
vt 0.934734 0.941263
vt 0.042907 0.127531
vt 0.925929 0.950103
vt 0.524175 0.611939
vt 0.941008 0.168816
vt 0.106799 0.141177
vt 0.4704 0.144138
vt 0.518771 0.784238
vt 0.524175 0.593506
vt 0.941433 0.187273
vt 0.520386 0.586884
vt 0.940272 0.95201
vt 0.943874 0.193734
vt 0.013139 0.145841
vt 0.706135 0.239602
vt 0.027993 0.128053
vt 0.708737 0.216839
vt 0.925929 0.963688
vt 0.00533 0.135705
vt 0.478091 0.1208
vt 0.507598 0.615227
vt 0.720515 0.248113
vt 0.956759 0.764611
vt 0.504045 0.603643
vt 0.718292 0.236868
vt 0.170179 0.15853
vt 0.920217 0.445427
vt 0.959911 0.728122
vt 0.173725 0.156003
vt 0.300174 0.807029
vt 0.597886 0.157189
vt 0.95667 0.730218
vt 0.304995 0.791997
vt 0.481136 0.129355
vt 0.60163 0.142155
vt 0.334923 0.695297
vt 0.925861 0.446719
vt 0.93847 0.588409
vt 0.963688 0.732874
vt 0.091866 0.197553
vt 0.455726 0.632006
vt 0.592749 0.158513
vt 0.732953 0.977076
vt 0.960279 0.733644
vt 0.031298 0.983944
vt 0.088995 0.205495
vt 0.737323 0.984691
vt 0.442897 0.639407
vt 0.922259 0.409489
vt 0.509492 0.587816
vt 0.720515 0.22058
vt 0.937895 0.962571
vt 0.174185 0.131843
vt 0.432747 0.627472
vt 0.593776 0.134208
vt 0.796227 0.002601
vt 0.833066 0.977076
vt 0.835797 0.257584
vt 0.88632 0.332095
vt 0.977076 0.053717
vt 0.16672 0.124837
vt 0.334923 0.666309
vt 0.925861 0.412618
vt 0.987061 0.053717
vt 0.430076 0.629919
vt 0.794631 0.005853
vt 0.906092 0.412022
vt 0.893912 0.341113
vt 0.933232 0.614854
vt 0.996864 0.669654
vt 0.340443 0.669156
vt 0.833066 0.987604
vt 0.93847 0.619643
vt 0.985834 0.04775
vt 0.989928 0.669654
vt 0.835372 0.983155
vt 0.892436 0.333818
vt 0.990775 0.665422
vt 0.00933 0.888142
vt 0.71331 0.932662
vt 0.740329 0.721769
vt 0.789754 0.005683
vt 0.893305 0.333034
vt 0.188784 0.528852
vt 0.294735 0.622279
vt 0.190615 0.515529
vt 0.295538 0.636794
vt 0.208175 0.518062
vt 0.279835 0.637006
vt 0.455726 0.42783
vt 0.195102 0.540824
vt 0.193884 0.550053
vt 0.491037 0.452172
vt 0.218267 0.544135
vt 0.481563 0.475948
vt 0.212649 0.533377
vt 0.105846 0.012736
vt 0.340778 0.861697
vt 0.423663 0.787315
vt 0.668381 0.645409
vt 0.666634 0.643351
vt 0.097924 0.027019
vt 0.474746 0.46006
vt 0.667666 0.634629
vt 0.092696 0.014276
vt 0.353891 0.862849
vt 0.67247 0.632713
vt 0.239144 0.540283
vt 0.034208 0.989194
vt 0.455271 0.642878
vt 0.732953 0.987754
vt 0.946847 0.472776
vt 0.034208 0.977076
vt 0.091866 0.212552
vt 0.88632 0.351251
vt 0.929832 0.602973
vt 0.947477 0.484875
vt 0.95667 0.747534
vt 0.447797 0.646593
vt 0.538585 0.480944
vt 0.71331 0.958284
vt 0.731087 0.744485
vt 0.941884 0.479556
vt 0.234208 0.551714
vt 0.466146 0.48412
vt 0.075056 0.026344
vt 0.458254 0.475967
vt 0.255456 0.547561
vt 0.53208 0.471512
vt 0.937962 0.490309
vt 0.538585 0.459115
vt 0.704952 0.938217
vt 0.898842 0.341666
vt 0.947477 0.500758
vt 0.233927 0.525568
vt 0.257375 0.531408
vt 0.62587 0.424886
vt 0.640454 0.428974
vt 0.058819 0.628562
vt 0.074445 0.605509
vt 0.579216 0.346025
vt 0.061469 0.614341
vt 0.027903 0.631812
vt 0.239571 0.671868
vt 0.040931 0.61848
vt 0.228786 0.657153
vt 0.049247 0.604511
vt 0.577817 0.320967
vt 0.019253 0.619514
vt 0.22563 0.677744
vt 0.027998 0.606277
vt 0.213599 0.667852
vt 0.579514 0.299361
vt 0.227979 0.693714
vt 0.213314 0.689127
vt 0.095589 0.089723
vt 0.513232 0.431186
vt 0.52286 0.141715
vt 0.174725 0.929464
vt 0.287398 0.991818
vt 0.300139 0.936669
vt 0.91205 0.624764
vt 0.937857 0.156712
vt 0.977076 0.93744
vt 0.977076 0.830337
vt 0.986978 0.183383
vt 0.090064 0.096052
vt 0.131494 0.456393
vt 0.520572 0.436776
vt 0.529578 0.134216
vt 0.916855 0.623855
vt 0.942852 0.156525
vt 0.106986 0.416136
vt 0.137345 0.354881
vt 0.362025 0.944692
vt 0.520389 0.465824
vt 0.943874 0.125365
vt 0.095589 0.049934
vt 0.354786 0.944865
vt 0.513232 0.466533
vt 0.081756 0.640112
vt 0.490524 0.370317
vt 0.093873 0.635254
vt 0.08009 0.62356
vt 0.054746 0.638036
vt 0.472555 0.350064
vt 0.145684 0.678117
vt 0.479122 0.373904
vt 0.15843 0.678539
vt 0.422375 0.722798
vt 0.506163 0.253981
vt 0.662874 0.446719
vt 0.511565 0.251228
vt 0.657473 0.443941
vt 0.089437 0.870073
vt 0.156228 0.691653
vt 0.422051 0.71128
vt 0.506163 0.240493
vt 0.522643 0.724256
vt 0.662874 0.433249
vt 0.510485 0.242596
vt 0.658553 0.43532
vt 0.163314 0.659951
vt 0.425104 0.743395
vt 0.136674 0.002558
vt 0.169321 0.651947
vt 0.423952 0.754794
vt 0.648486 0.673681
vt 0.642558 0.652931
vt 0.785361 0.74405
vt 0.65274 0.663681
vt 0.646574 0.668928
vt 0.612544 0.665048
vt 0.771301 0.714969
vt 0.629589 0.66184
vt 0.781745 0.728753
vt 0.143845 0.70707
vt 0.458455 0.353606
vt 0.027967 0.642102
vt 0.44792 0.337183
vt 0.131043 0.762098
vt 0.157975 0.719263
vt 0.522691 0.747458
vt 0.909497 0.073189
vt 0.126888 0.7665
vt 0.577676 0.673681
vt 0.670079 0.651154
vt 0.913387 0.077823
vt 0.120005 0.763429
vt 0.160654 0.729318
vt 0.522698 0.758151
vt 0.920458 0.075106
vt 0.122976 0.7685
vt 0.917165 0.080044
vt 0.597169 0.661118
vt 0.757282 0.707573
vt 0.097269 0.961887
vt 0.131157 0.360766
vt 0.131494 0.811574
vt 0.670079 0.691694
vt 0.745425 0.730217
vt 0.120678 0.787491
vt 0.331437 0.156712
vt 0.582519 0.652272
vt 0.770951 0.159344
vt 0.128554 0.803966
vt 0.666787 0.685258
vt 0.909497 0.115282
vt 0.124712 0.806011
vt 0.595047 0.637975
vt 0.130659 0.807852
vt 0.601125 0.639229
vt 0.669274 0.688419
vt 0.745475 0.726403
vt 0.361751 0.984612
vt 0.981903 0.942421
vt 0.993232 0.376545
vt 0.359078 0.984232
vt 0.912642 0.873066
vt 0.357912 0.988589
vt 0.915687 0.869137
vt 0.977076 0.183383
vt 0.98547 0.822715
vt 0.989928 0.381166
vt 0.985859 0.830337
vt 0.985868 0.93744
vt 0.997648 0.381166
vt 0.986149 0.73151
vt 0.989928 0.005975
vt 0.998253 0.18754
vt 0.310617 0.932814
vt 0.58869 0.244975
vt 0.918656 0.872539
vt 0.97786 0.187735
vt 0.050762 0.089919
vt 0.144113 0.095475
vt 0.396283 0.797905
vt 0.292268 0.991926
vt 0.361747 0.980802
vt 0.978086 0.942336
vt 0.359074 0.980422
vt 0.912242 0.876857
vt 0.292268 0.996906
vt 0.357912 0.977076
vt 0.913527 0.880454
vt 0.939894 0.945042
vt 0.589721 0.240031
vt 0.917404 0.877454
vt 0.172446 0.925756
vt 0.288376 0.995406
vt 0.943874 0.945675
vt 0.590822 0.237573
vt 0.916896 0.880065
vt 0.157785 0.991818
vt 0.447094 0.991818
vt 0.977977 0.734635
vt 0.993664 0.463276
vt 0.315027 0.928517
vt 0.582607 0.244022
vt 0.982051 0.728685
vt 0.990004 0.00129
vt 0.157785 0.9973
vt 0.583604 0.239154
vt 0.977076 0.728685
vt 0.161482 0.994706
vt 0.444714 0.996465
vt 0.581069 0.235566
vt 0.956483 0.158513
vt 0.981792 0.734785
vt 0.995485 0.183265
vt 0.997474 0.463282
vt 0.002801 0.910329
vt 0.99167 0.183406
vt 0.997465 0.467101
vt 0.002204 0.914093
vt 0.993655 0.467095
vt 0.007097 0.909039
vt 0.32243 0.922219
vt 0.989928 0.18754
vt 0.998618 0.005975
vt 0.008284 0.915066
vt 0.3192 0.917184
vt 0.943874 0.872345
vt 0.002563 0.917964
vt 0.448885 0.996465
vt 0.952487 0.157993
vt 0.989928 0.467101
vt 0.005948 0.917752
vt 0.369264 0.950668
vt 0.915287 0.907849
vt 0.93992 0.917872
vt 0.174725 0.896893
vt 0.366851 0.947651
vt 0.937857 0.125373
vt 0.943874 0.917336
vt 0.366851 0.952774
vt 0.590822 0.209825
vt 0.918656 0.90746
vt 0.002013 0.942073
vt 0.369264 0.962963
vt 0.952546 0.134051
vt 0.366851 0.959947
vt 0.582379 0.210176
vt 0.956483 0.133404
vt 0.020929 0.595509
vt 0.058873 0.068459
vt 0.131494 0.497155
vt 0.534755 0.367032
vt 0.004662 0.942073
vt 0.366851 0.964045
vt 0.078461 0.988888
vt 0.117084 0.419899
vt 0.136637 0.344218
vt 0.076764 0.977076
vt 0.117084 0.432003
vt 0.311623 0.966371
vt 0.904246 0.947549
vt 0.109206 0.437713
vt 0.304472 0.962509
vt 0.0923 0.949995
vt 0.097909 0.421976
vt 0.142302 0.362059
vt 0.977076 0.129613
vt 0.09898 0.432749
vt 0.105912 0.040591
vt 0.300607 0.952165
vt 0.986896 0.124982
vt 0.025218 0.597724
vt 0.130886 0.060733
vt 0.390237 0.834451
vt 0.530193 0.368508
vt 0.012609 0.942073
vt 0.359612 0.967291
vt 0.938428 0.898036
vt 0.020929 0.614239
vt 0.114429 0.491232
vt 0.118519 0.049205
vt 0.300139 0.898448
vt 0.354786 0.964332
vt 0.396283 0.850207
vt 0.916855 0.662874
vt 0.943874 0.900643
vt 0.652505 0.638795
vt 0.783231 0.761194
vt 0.65532 0.62293
vt 0.774661 0.774836
vt 0.068351 0.013075
vt 0.37827 0.861697
vt 0.673681 0.608289
vt 0.794079 0.585569
vt 0.668075 0.605925
vt 0.666164 0.601171
vt 0.049728 0.020747
vt 0.433161 0.487349
vt 0.943651 0.716912
vt 0.150501 0.241372
vt 0.265417 0.562001
vt 0.376469 0.92406
vt 0.436115 0.499736
vt 0.055695 0.010745
vt 0.67011 0.594978
vt 0.795915 0.59831
vt 0.65275 0.607395
vt 0.762326 0.784624
vt 0.316658 0.118885
vt 0.576412 0.904038
vt 0.643156 0.592828
vt 0.745425 0.788964
vt 0.848406 0.907849
vt 0.654549 0.579155
vt 0.03969 0.002558
vt 0.336841 0.871823
vt 0.659297 0.577241
vt 0.796169 0.618985
vt 0.952881 0.696746
vt 0.070415 0.988888
vt 0.131157 0.339683
vt 0.576412 0.860567
vt 0.758553 0.747522
vt 0.848406 0.865769
vt 0.898219 0.958285
vt 0.573185 0.884559
vt 0.84464 0.889337
vt 0.318828 0.103581
vt 0.569396 0.888046
vt 0.11168 0.027054
vt 0.300607 0.967291
vt 0.562507 0.878246
vt 0.898219 0.937783
vt 0.316658 0.099711
vt 0.565955 0.884372
vt 0.097269 0.94155
vt 0.11168 0.045032
vt 0.120005 0.828592
vt 0.32774 0.116595
vt 0.548456 0.865846
vt 0.986896 0.132402
vt 0.56068 0.906047
vt 0.629671 0.584454
vt 0.647252 0.574731
vt 0.335151 0.859819
vt 0.648978 0.567591
vt 0.795876 0.632913
vt 0.331437 0.079505
vt 0.543877 0.903199
vt 0.613186 0.58005
vt 0.770951 0.23777
vt 0.063045 0.642736
vt 0.336841 0.836482
vt 0.377713 0.469642
vt 0.626778 0.558125
vt 0.794414 0.653867
vt 0.90415 0.478205
vt 0.062942 0.654178
vt 0.374149 0.458257
vt 0.6157 0.56259
vt 0.786597 0.810951
vt 0.623777 0.562097
vt 0.133635 0.709707
vt 0.149316 0.734513
vt 0.43112 0.343444
vt 0.002383 0.648463
vt 0.331312 0.333238
vt 0.418395 0.331368
vt 0.005765 0.638815
vt 0.239571 0.698083
vt 0.342244 0.332418
vt 0.128155 0.687366
vt 0.169321 0.745733
vt 0.522688 0.780321
vt 0.232096 0.712045
vt 0.337311 0.317947
vt 0.1405 0.684772
vt 0.400833 0.346718
vt 0.225286 0.726298
vt 0.212448 0.711772
vt 0.57409 0.638177
vt 0.757701 0.169039
vt 0.57152 0.622642
vt 0.749275 0.182342
vt 0.555084 0.631232
vt 0.859505 0.977608
vt 0.977076 0.14118
vt 0.129528 0.663808
vt 0.522643 0.803374
vt 0.864818 0.977076
vt 0.554061 0.624258
vt 0.913818 0.142302
vt 0.983425 0.143601
vt 0.062865 0.74213
vt 0.129134 0.653427
vt 0.864818 0.987391
vt 0.98712 0.14118
vt 0.305317 0.321737
vt 0.387957 0.339965
vt 0.239416 0.731205
vt 0.318934 0.315702
vt 0.213492 0.73363
vt 0.228868 0.744949
vt 0.311144 0.300255
vt 0.21482 0.752938
vt 0.305958 0.285674
vt 0.534617 0.204973
vt 0.279242 0.316318
vt 0.366068 0.355783
vt 0.295662 0.307694
vt 0.1405 0.655227
vt 0.374109 0.361377
vt 0.278718 0.301921
vt 0.265024 0.313716
vt 0.354564 0.364761
vt 0.288812 0.287208
vt 0.527864 0.187967
vt 0.267244 0.29349
vt 0.519813 0.167001
vt 0.034447 0.00202
vt 0.551194 0.436346
vt 0.698749 0.718749
vt 0.926463 0.567987
vt 0.164219 0.001979
vt 0.494932 0.252397
vt 0.545513 0.434719
vt 0.969092 0.774446
vt 0.574335 0.606777
vt 0.745674 0.198045
vt 0.916855 0.116777
vt 0.584226 0.592643
vt 0.749232 0.214897
vt 0.913818 0.100611
vt 0.063045 0.72196
vt 0.123443 0.630203
vt 0.568549 0.587118
vt 0.061266 0.706494
vt 0.116383 0.61532
vt 0.565111 0.583001
vt 0.574078 0.580286
vt 0.061114 0.698965
vt 0.112852 0.609573
vt 0.570167 0.57728
vt 0.786597 0.856088
vt 0.597195 0.583734
vt 0.757682 0.228151
vt 0.331113 0.816188
vt 0.360267 0.460253
vt 0.349985 0.433115
vt 0.801573 0.842604
vt 0.136771 0.63332
vt 0.359705 0.37833
vt 0.126963 0.609852
vt 0.349525 0.402971
vt 0.795307 0.866419
vt 0.226492 0.319694
vt 0.338176 0.401098
vt 0.251996 0.306507
vt 0.221802 0.306301
vt 0.223963 0.654095
vt 0.136172 0.452654
vt 0.187044 0.177919
vt 0.642682 0.795516
vt 0.961887 0.109569
vt 0.242141 0.295917
vt 0.245758 0.648931
vt 0.254031 0.284913
vt 0.257584 0.638572
vt 0.528038 0.153126
vt 0.142302 0.458579
vt 0.192738 0.185533
vt 0.87352 0.113617
vt 0.946057 0.60478
vt 0.241422 0.630471
vt 0.536756 0.134441
vt 0.198935 0.333238
vt 0.337465 0.436076
vt 0.461129 0.184305
vt 0.502559 0.265042
vt 0.538612 0.447332
vt 0.610094 0.777839
vt 0.198686 0.655668
vt 0.20146 0.317009
vt 0.454087 0.170364
vt 0.077455 0.952881
vt 0.494932 0.273796
vt 0.603734 0.787596
vt 0.967969 0.794367
vt 0.296686 0.03513
vt 0.526114 0.947153
vt 0.622122 0.786261
vt 0.961887 0.129693
vt 0.192738 0.170718
vt 0.533181 0.960086
vt 0.883634 0.102833
vt 0.956649 0.116575
vt 0.302616 0.041686
vt 0.530193 0.453829
vt 0.613542 0.787673
vt 0.297804 0.045408
vt 0.533181 0.939281
vt 0.852314 0.841887
vt 0.904246 0.099432
vt 0.296686 0.048635
vt 0.321813 0.118885
vt 0.531741 0.462931
vt 0.698749 0.752938
vt 0.855611 0.841778
vt 0.877955 0.844172
vt 0.889772 0.205764
vt 0.86012 0.687553
vt 0.879028 0.833189
vt 0.900643 0.207117
vt 0.432726 0.874378
vt 0.862816 0.687572
vt 0.876482 0.832296
vt 0.1952 0.643294
vt 0.184765 0.632088
vt 0.218569 0.636788
vt 0.202273 0.628952
vt 0.125425 0.977076
vt 0.195396 0.403352
vt 0.284933 0.360532
vt 0.97977 0.017015
vt 0.129363 0.979243
vt 0.411336 0.639254
vt 0.947477 0.364706
vt 0.951079 0.259385
vt 0.126625 0.979725
vt 0.282062 0.361135
vt 0.409412 0.641258
vt 0.717153 0.951252
vt 0.749278 0.931265
vt 0.86931 0.684323
vt 0.144103 0.912333
vt 0.180242 0.412755
vt 0.291808 0.376505
vt 0.288203 0.376179
vt 0.398138 0.628825
vt 0.520572 0.86822
vt 0.398909 0.626462
vt 0.52056 0.865798
vt 0.125425 0.988864
vt 0.733119 0.954682
vt 0.880829 0.697098
vt 0.986963 0.026053
vt 0.13167 0.988261
vt 0.874804 0.695532
vt 0.940247 0.370882
vt 0.131365 0.918731
vt 0.28896 0.390867
vt 0.656268 0.977076
vt 0.507277 0.864464
vt 0.880829 0.788964
vt 0.989928 0.064321
vt 0.160371 0.442295
vt 0.709707 0.507963
vt 0.935347 0.555408
vt 0.285853 0.389921
vt 0.50683 0.86822
vt 0.977076 0.032202
vt 0.989928 0.060012
vt 0.127167 0.924322
vt 0.167934 0.421562
vt 0.658907 0.983383
vt 0.702458 0.488567
vt 0.279981 0.866419
vt 0.282062 0.398084
vt 0.656268 0.988091
vt 0.697015 0.488706
vt 0.840326 0.900643
vt 0.898379 0.86822
vt 0.987067 0.032202
vt 0.870812 0.787137
vt 0.900643 0.860762
vt 0.98402 0.038753
vt 0.998523 0.062775
vt 0.278158 0.860224
vt 0.840653 0.894247
vt 0.488491 0.812275
vt 0.827626 0.889837
vt 0.13585 0.861486
vt 0.155572 0.443867
vt 0.650265 0.677091
vt 0.940272 0.55907
vt 0.644024 0.686249
vt 0.698403 0.507433
vt 0.935636 0.567405
vt 0.497155 0.806288
vt 0.576557 0.261095
vt 0.64582 0.691694
vt 0.692268 0.507963
vt 0.821538 0.898505
vt 0.145574 0.86822
vt 0.581922 0.260081
vt 0.650265 0.688429
vt 0.738316 0.487521
vt 0.495192 0.811232
vt 0.57289 0.265043
vt 0.429964 0.583193
vt 0.508379 0.813879
vt 0.700136 0.473472
vt 0.880829 0.743103
vt 0.092218 0.099147
vt 0.336841 0.24797
vt 0.572481 0.32439
vt 0.702502 0.478256
vt 0.763746 0.649569
vt 0.877825 0.738419
vt 0.282802 0.834886
vt 0.763746 0.679085
vt 0.870304 0.765295
vt 0.898379 0.835889
vt 0.951079 0.661072
vt 0.082859 0.65702
vt 0.179498 0.987267
vt 0.50951 0.967291
vt 0.576215 0.333388
vt 0.091285 0.108914
vt 0.173481 0.988775
vt 0.567405 0.425104
vt 0.580014 0.32827
vt 0.08238 0.121979
vt 0.096702 0.043231
vt 0.18193 0.661726
vt 0.540306 0.210842
vt 0.96148 0.104351
vt 0.095468 0.109907
vt 0.507963 0.392507
vt 0.569207 0.110382
vt 0.754239 0.655035
vt 0.951079 0.634621
vt 0.989928 0.503215
vt 0.087736 0.116345
vt 0.100872 0.043231
vt 0.543989 0.213073
vt 0.558716 0.425104
vt 0.278158 0.815215
vt 0.614239 0.851121
vt 0.848406 0.849372
vt 0.946629 0.641456
vt 0.989928 0.496169
vt 0.523301 0.292242
vt 0.563106 0.105942
vt 0.607053 0.853089
vt 0.997213 0.499491
vt 0.497155 0.850071
vt 0.567654 0.304808
vt 0.58722 0.272633
vt 0.74716 0.497627
vt 0.148753 0.857821
vt 0.161883 0.826173
vt 0.481082 0.648378
vt 0.324395 0.534248
vt 0.362863 0.351327
vt 0.13585 0.811649
vt 0.137039 0.48995
vt 0.318839 0.530382
vt 0.355341 0.353052
vt 0.551194 0.912475
vt 0.32185 0.546884
vt 0.511807 0.64489
vt 0.148563 0.812957
vt 0.308347 0.537512
vt 0.497893 0.63949
vt 0.293844 0.54885
vt 0.484786 0.659473
vt 0.322691 0.560562
vt 0.515297 0.659599
vt 0.328764 0.566554
vt 0.522373 0.663546
vt 0.893608 0.260903
vt 0.309517 0.561047
vt 0.504518 0.66409
vt 0.296526 0.555496
vt 0.49096 0.663509
vt 0.166989 0.854407
vt 0.758787 0.499586
vt 0.172513 0.853152
vt 0.763068 0.503276
vt 0.166953 0.837981
vt 0.468402 0.65244
vt 0.174632 0.843908
vt 0.462918 0.660623
vt 0.47555 0.663875
vt 0.002462 0.531807
vt 0.167934 0.472811
vt 0.18193 0.852849
vt 0.45653 0.671043
vt 0.77383 0.505381
vt 0.180645 0.846017
vt 0.461849 0.667852
vt 0.079572 0.668594
vt 0.440643 0.991818
vt 0.481408 0.977076
vt 0.507419 0.955495
vt 0.665561 0.977076
vt 0.082859 0.670079
vt 0.173481 0.977076
vt 0.442134 0.995298
vt 0.562714 0.41391
vt 0.100061 0.0309
vt 0.440643 0.996726
vt 0.485309 0.98012
vt 0.561039 0.412658
vt 0.974496 0.108077
vt 0.979375 0.677799
vt 0.167506 0.977076
vt 0.424051 0.977076
vt 0.481408 0.98829
vt 0.665561 0.987978
vt 0.904246 0.459654
vt 0.997895 0.303025
vt 0.239042 0.981894
vt 0.28848 0.535186
vt 0.414296 0.962014
vt 0.253981 0.711495
vt 0.294128 0.002136
vt 0.808641 0.977076
vt 0.986152 0.664395
vt 0.986222 0.759502
vt 0.427959 0.978991
vt 0.485587 0.987944
vt 0.900801 0.462313
vt 0.977076 0.04517
vt 0.986367 0.674648
vt 0.996861 0.306926
vt 0.998304 0.155881
vt 0.054039 0.416198
vt 0.403434 0.956807
vt 0.818355 0.97876
vt 0.977076 0.759502
vt 0.247195 0.977076
vt 0.407356 0.955861
vt 0.977076 0.664395
vt 0.978442 0.763635
vt 0.169886 0.984616
vt 0.424254 0.985717
vt 0.170901 0.986794
vt 0.424051 0.988407
vt 0.987176 0.04517
vt 0.167506 0.988906
vt 0.904246 0.471937
vt 0.986982 0.041333
vt 0.246989 0.712629
vt 0.247195 0.988579
vt 0.299014 0.532525
vt 0.984278 0.672068
vt 0.992494 0.42086
vt 0.998285 0.096485
vt 0.243971 0.718324
vt 0.298462 0.538594
vt 0.28942 0.544035
vt 0.41086 0.970353
vt 0.986483 0.482499
vt 0.426196 0.001578
vt 0.890691 0.002672
vt 0.891637 0.843002
vt 0.071787 0.880845
vt 0.416516 0.00421
vt 0.677284 0.021615
vt 0.882056 0.842875
vt 0.491409 0.856789
vt 0.561982 0.310914
vt 0.614239 0.89524
vt 0.804796 0.849372
vt 0.570204 0.313174
vt 0.739662 0.540333
vt 0.49499 0.862816
vt 0.563883 0.317598
vt 0.529142 0.100611
vt 0.53966 0.323043
vt 0.568395 0.340516
vt 0.740111 0.565071
vt 0.890536 0.825588
vt 0.893438 0.019884
vt 0.071787 0.896384
vt 0.882461 0.825109
vt 0.512378 0.099253
vt 0.543773 0.339251
vt 0.565492 0.346023
vt 0.738316 0.571008
vt 0.96549 0.073118
vt 0.496153 0.103767
vt 0.546442 0.355423
vt 0.885724 0.79508
vt 0.922259 0.961086
vt 0.074135 0.922022
vt 0.880271 0.794807
vt 0.921064 0.96647
vt 0.253805 0.716376
vt 0.292418 0.006707
vt 0.99069 0.09219
vt 0.991082 0.196694
vt 0.996402 0.849925
vt 0.297212 0.011547
vt 0.690229 0.016212
vt 0.808641 0.987265
vt 0.869 0.987299
vt 0.049328 0.420498
vt 0.818809 0.985252
vt 0.867398 0.977076
vt 0.253981 0.725709
vt 0.292418 0.016212
vt 0.696348 0.013217
vt 0.977076 0.698426
vt 0.049288 0.427509
vt 0.690229 0.004711
vt 0.874263 0.977076
vt 0.990941 0.846328
vt 0.996455 0.421689
vt 0.997507 0.09219
vt 0.989928 0.849925
vt 0.997389 0.425241
vt 0.998122 0.196694
vt 0.989928 0.422328
vt 0.995413 0.769422
vt 0.997516 0.09902
vt 0.99331 0.428071
vt 0.997853 0.359655
vt 0.99809 0.191838
vt 0.989928 0.427189
vt 0.995663 0.356883
vt 0.996579 0.774407
vt 0.248753 0.722202
vt 0.989928 0.774407
vt 0.989928 0.359655
vt 0.989928 0.099847
vt 0.989928 0.19012
vt 0.246212 0.725919
vt 0.299014 0.54579
vt 0.977076 0.482499
vt 0.977076 0.706563
vt 0.054039 0.432309
vt 0.403434 0.972695
vt 0.697098 0.003131
vt 0.984342 0.475
vt 0.986087 0.703682
vt 0.43411 0.006849
vt 0.881824 0.003688
vt 0.916855 0.016593
vt 0.43411 0.017909
vt 0.886897 0.632604
vt 0.906244 0.019108
vt 0.424166 0.023417
vt 0.883771 0.201744
vt 0.89819 0.634053
vt 0.415075 0.016041
vt 0.666911 0.015797
vt 0.894639 0.20102
vt 0.790945 0.987541
vt 0.884814 0.01156
vt 0.989928 0.979931
vt 0.880035 0.011949
vt 0.91609 0.024603
vt 0.98681 0.254368
vt 0.989974 0.984753
vt 0.796927 0.986806
vt 0.977076 0.32908
vt 0.995896 0.979931
vt 0.796927 0.977076
vt 0.986813 0.32908
vt 0.989928 0.968836
vt 0.977077 0.333875
vt 0.986067 0.260356
vt 0.995942 0.984753
vt 0.977381 0.259757
vt 0.985766 0.333802
vt 0.990552 0.973626
vt 0.790945 0.977811
vt 0.885602 0.021265
vt 0.995945 0.968836
vt 0.880823 0.021654
vt 0.916855 0.032853
vt 0.977076 0.254368
vt 0.995929 0.973663
vt 0.886897 0.615283
vt 0.909504 0.033693
vt 0.425399 0.644414
vt 0.920311 0.426683
vt 0.273099 0.546463
vt 0.617891 0.445238
vt 0.015643 0.931265
vt 0.448891 0.66709
vt 0.677284 0.815666
vt 0.681814 0.831701
vt 0.740329 0.761944
vt 0.424342 0.67097
vt 0.633551 0.4439
vt 0.081058 0.896294
vt 0.677284 0.004232
vt 0.89524 0.183036
vt 0.89288 0.616629
vt 0.88448 0.184712
vt 0.902445 0.617377
vt 0.952457 0.127891
vt 0.892281 0.58636
vt 0.902962 0.957487
vt 0.908209 0.058693
vt 0.487758 0.090236
vt 0.080608 0.922259
vt 0.89098 0.153048
vt 0.916267 0.970851
vt 0.883771 0.15378
vt 0.909027 0.970894
vt 0.956483 0.102075
vt 0.90147 0.586119
vt 0.902962 0.966577
vt 0.949159 0.102075
vt 0.564103 0.375291
vt 0.726917 0.209047
vt 0.169104 0.17858
vt 0.48995 0.279199
vt 0.582135 0.390797
vt 0.745733 0.223055
vt 0.174096 0.179818
vt 0.491347 0.587513
vt 0.58722 0.390879
vt 0.321241 0.290931
vt 0.569818 0.352476
vt 0.733204 0.89176
vt 0.957476 0.072561
vt 0.574543 0.36564
vt 0.717849 0.89176
vt 0.4734 0.115282
vt 0.55891 0.376122
vt 0.721216 0.210053
vt 0.498956 0.587352
vt 0.586986 0.383194
vt 0.699535 0.901433
vt 0.027261 0.545597
vt 0.758374 0.536649
vt 0.061337 0.551194
vt 0.327834 0.308896
vt 0.758481 0.569353
vt 0.957476 0.091866
vt 0.029894 0.532387
vt 0.771801 0.537716
vt 0.05496 0.531734
vt 0.774553 0.563432
vt 0.069488 0.548969
vt 0.321241 0.313424
vt 0.734925 0.912652
vt 0.080932 0.550459
vt 0.724379 0.916758
vt 0.498956 0.610636
vt 0.706804 0.923837
vt 0.19634 0.191005
vt 0.49343 0.610414
vt 0.701907 0.924003
vt 0.989928 0.309506
vt 0.110055 0.551194
vt 0.698281 0.932476
vt 0.837804 0.756847
vt 0.997707 0.313223
vt 0.103105 0.547405
vt 0.705952 0.933067
vt 0.111994 0.542795
vt 0.846605 0.758198
vt 0.108635 0.525806
vt 0.891637 0.794399
vt 0.893438 0.051294
vt 0.920997 0.955076
vt 0.001656 0.85381
vt 0.185533 0.067599
vt 0.829797 0.195302
vt 0.002716 0.065283
vt 0.007205 0.853618
vt 0.410681 0.119091
vt 0.592749 0.072752
vt 0.778156 0.078661
vt 0.835797 0.194383
vt 0.284603 0.560528
vt 0.369752 0.905802
vt 0.456631 0.295411
vt 0.612313 0.464269
vt 0.050436 0.888142
vt 0.681814 0.770825
vt 0.79435 0.051389
vt 0.39071 0.646011
vt 0.79797 0.051368
vt 0.906092 0.452123
vt 0.158513 0.215987
vt 0.404201 0.500758
vt 0.461129 0.277461
vt 0.324692 0.869528
vt 0.406131 0.489598
vt 0.943651 0.689796
vt 0.150501 0.20954
vt 0.376469 0.887387
vt 0.451397 0.279668
vt 0.443532 0.286537
vt 0.618719 0.479933
vt 0.625524 0.462033
vt 0.392877 0.667702
vt 0.634417 0.480234
vt 0.637244 0.496842
vt 0.885754 0.051162
vt 0.913768 0.951406
vt 0.879956 0.052237
vt 0.907716 0.952466
vt 0.915205 0.059442
vt 0.374033 0.663101
vt 0.700183 0.758886
vt 0.789754 0.073853
vt 0.3714 0.677615
vt 0.653867 0.524195
vt 0.714444 0.760582
vt 0.381089 0.498285
vt 0.451718 0.258564
vt 0.44153 0.259315
vt 0.43355 0.269994
vt 0.621649 0.500877
vt 0.324587 0.84448
vt 0.380934 0.480551
vt 0.368823 0.487767
vt 0.452241 0.242443
vt 0.440681 0.235011
vt 0.398181 0.30379
vt 0.640085 0.513246
vt 0.42547 0.249324
vt 0.626989 0.520399
vt 0.280642 0.529578
vt 0.412159 0.238999
vt 0.641727 0.529578
vt 0.173188 0.19883
vt 0.485241 0.261025
vt 0.169104 0.212359
vt 0.48995 0.248949
vt 0.744525 0.255524
vt 0.449607 0.084568
vt 0.194706 0.198126
vt 0.831547 0.762799
vt 0.861015 0.85381
vt 0.989928 0.317077
vt 0.415062 0.092216
vt 0.731284 0.269889
vt 0.406886 0.072365
vt 0.676372 0.602356
vt 0.721216 0.288366
vt 0.173645 0.241153
vt 0.742256 0.284364
vt 0.179183 0.25218
vt 0.741305 0.296454
vt 0.85727 0.800028
vt 0.166796 0.539158
vt 0.246776 0.211709
vt 0.846605 0.817784
vt 0.851208 0.799644
vt 0.689758 0.588854
vt 0.737208 0.297212
vt 0.861015 0.797969
vt 0.242808 0.211709
vt 0.69635 0.585694
vt 0.853882 0.79622
vt 0.169722 0.529562
vt 0.246353 0.221461
vt 0.018682 0.006211
vt 0.762777 0.129006
vt 0.93847 0.575366
vt 0.001656 0.796022
vt 0.077455 0.925566
vt 0.181365 0.008728
vt 0.425104 0.18689
vt 0.766943 0.128521
vt 0.950718 0.774446
vt 0.348768 0.463703
vt 0.454567 0.211355
vt 0.443089 0.208902
vt 0.423873 0.232065
vt 0.144539 0.645933
vt 0.42843 0.215
vt 0.139046 0.627684
vt 0.299775 0.529456
vt 0.411772 0.219965
vt 0.155561 0.627848
vt 0.317698 0.527746
vt 0.421947 0.200858
vt 0.771737 0.141671
vt 0.175268 0.655032
vt 0.444995 0.188079
vt 0.005404 0.856411
vt 0.578897 0.79025
vt 0.879028 0.881767
vt 0.065054 0.94451
vt 0.425104 0.208949
vt 0.588183 0.788023
vt 0.778156 0.148071
vt 0.877451 0.871356
vt 0.56644 0.383319
vt 0.873137 0.873843
vt 0.321813 0.095085
vt 0.716912 0.744689
vt 0.776482 0.154911
vt 0.871575 0.867079
vt 0.926463 0.60163
vt 0.00159 0.857748
vt 0.571008 0.39157
vt 0.87477 0.882631
vt 0.324232 0.104812
vt 0.874251 0.857589
vt 0.464732 0.874597
vt 0.497155 0.313314
vt 0.55136 0.378222
vt 0.863153 0.86191
vt 0.167813 0.642612
vt 0.430647 0.191536
vt 0.518879 0.654091
vt 0.562914 0.452727
vt 0.571741 0.454528
vt 0.089879 0.918285
vt 0.121411 0.949278
vt 0.484152 0.279355
vt 0.568155 0.429991
vt 0.575544 0.436612
vt 0.481589 0.151635
vt 0.580999 0.420742
vt 0.12609 0.93162
vt 0.575784 0.412219
vt 0.460354 0.151622
vt 0.581876 0.4421
vt 0.089879 0.947477
vt 0.121411 0.921201
vt 0.482011 0.25136
vt 0.573954 0.401382
vt 0.489062 0.243721
vt 0.583803 0.397527
vt 0.704929 0.310039
vt 0.576428 0.507605
vt 0.716094 0.303868
vt 0.710172 0.290066
vt 0.570383 0.489681
vt 0.719147 0.283399
vt 0.404979 0.165733
vt 0.583522 0.497328
vt 0.699527 0.332077
vt 0.668999 0.14839
vt 0.710014 0.329104
vt 0.660083 0.164488
vt 0.703267 0.346395
vt 0.66611 0.17099
vt 0.277398 0.720515
vt 0.279199 0.882972
vt 0.406733 0.195841
vt 0.860981 0.936669
vt 0.383816 0.186788
vt 0.594425 0.518771
vt 0.680886 0.150408
vt 0.720515 0.32765
vt 0.399017 0.185439
vt 0.565276 0.472509
vt 0.720515 0.265861
vt 0.575481 0.477521
vt 0.08018 0.822499
vt 0.279199 0.912671
vt 0.430806 0.177984
vt 0.927663 0.028611
vt 0.431127 0.1546
vt 0.580721 0.471225
vt 0.428621 0.165174
vt 0.516969 0.928071
vt 0.654603 0.185071
vt 0.698902 0.365661
vt 0.663545 0.194565
vt 0.394181 0.222643
vt 0.634724 0.372427
vt 0.888034 0.930334
vt 0.393368 0.252238
vt 0.634724 0.401974
vt 0.8394 0.190936
vt 0.373334 0.215324
vt 0.673397 0.178472
vt 0.381829 0.216104
vt 0.370451 0.243186
vt 0.670724 0.206186
vt 0.379903 0.250398
vt 0.653693 0.224049
vt 0.659332 0.21529
vt 0.658672 0.241798
vt 0.710711 0.449058
vt 0.666392 0.239003
vt 0.375726 0.268022
vt 0.673291 0.231226
vt 0.408034 0.279309
vt 0.505411 0.871433
vt 0.838584 0.161699
vt 0.391386 0.280435
vt 0.196604 0.002555
vt 0.38888 0.29101
vt 0.680886 0.254752
vt 0.078018 0.794063
vt 0.459138 0.173552
vt 0.763731 0.404888
vt 0.918257 0.055621
vt 0.486477 0.183778
vt 0.763746 0.43205
vt 0.463101 0.160963
vt 0.927663 0.064846
vt 0.813374 0.599938
vt 0.86892 0.626382
vt 0.814655 0.606068
vt 0.870125 0.631981
vt 0.854007 0.640216
vt 0.88133 0.628242
vt 0.745745 0.328937
vt 0.814245 0.609795
vt 0.870274 0.63588
vt 0.754739 0.328937
vt 0.831187 0.831063
vt 0.879021 0.639457
vt 0.831561 0.820703
vt 0.863076 0.642464
vt 0.828964 0.826666
vt 0.858117 0.646662
vt 0.88263 0.636054
vt 0.221558 0.302408
vt 0.478016 0.86822
vt 0.91142 0.49157
vt 0.028664 0.381873
vt 0.493553 0.231135
vt 0.511952 0.170027
vt 0.594425 0.3908
vt 0.481082 0.22335
vt 0.035193 0.372928
vt 0.489037 0.219902
vt 0.494736 0.163523
vt 0.592 0.408064
vt 0.495752 0.174935
vt 0.050085 0.380537
vt 0.521698 0.191036
vt 0.518914 0.202786
vt 0.937891 0.036026
vt 0.426905 0.934868
vt 0.506056 0.205812
vt 0.763706 0.461357
vt 0.26659 0.358805
vt 0.405572 0.914659
vt 0.512844 0.234732
vt 0.875425 0.890948
vt 0.93847 0.002911
vt 0.355405 0.8087
vt 0.747466 0.342126
vt 0.815124 0.623103
vt 0.362059 0.811555
vt 0.753767 0.342244
vt 0.831187 0.843002
vt 0.211917 0.302616
vt 0.763508 0.497155
vt 0.811462 0.396283
vt 0.921008 0.491751
vt 0.3205 0.977076
vt 0.801592 0.60043
vt 0.861682 0.309944
vt 0.320574 0.983849
vt 0.805001 0.606441
vt 0.835137 0.951825
vt 0.851886 0.309042
vt 0.915054 0.587219
vt 0.313208 0.98402
vt 0.84191 0.95358
vt 0.853071 0.315225
vt 0.839309 0.959962
vt 0.3205 0.98769
vt 0.731322 0.091173
vt 0.806719 0.610049
vt 0.40956 0.098262
vt 0.683954 0.961887
vt 0.859159 0.501665
vt 0.312645 0.988498
vt 0.723133 0.090807
vt 0.750847 0.745093
vt 0.844804 0.95657
vt 0.410977 0.095017
vt 0.439133 0.86822
vt 0.85617 0.503008
vt 0.835777 0.969092
vt 0.841201 0.820263
vt 0.876111 0.259336
vt 0.840034 0.82562
vt 0.840935 0.967662
vt 0.834151 0.961392
vt 0.884432 0.259385
vt 0.905244 0.587219
vt 0.743934 0.745071
vt 0.839654 0.8306
vt 0.844804 0.964585
vt 0.221558 0.283857
vt 0.412495 0.113973
vt 0.458522 0.866038
vt 0.217895 0.28614
vt 0.40956 0.117084
vt 0.687265 0.943963
vt 0.814182 0.380127
vt 0.431354 0.296026
vt 0.511565 0.896496
vt 0.8394 0.13325
vt 0.840356 0.425949
vt 0.460363 0.299203
vt 0.821588 0.586916
vt 0.841201 0.397057
vt 0.208949 0.777165
vt 0.876778 0.704718
vt 0.878722 0.383148
vt 0.919745 0.244975
vt 0.429869 0.816652
vt 0.85617 0.554886
vt 0.922287 0.236483
vt 0.947477 0.149507
vt 0.257487 0.387109
vt 0.365661 0.728788
vt 0.507057 0.264385
vt 0.821195 0.643974
vt 0.859308 0.911451
vt 0.001503 0.326155
vt 0.138699 0.876001
vt 0.461206 0.843126
vt 0.939679 0.096654
vt 0.475887 0.838453
vt 0.907791 0.465261
vt 0.471357 0.834289
vt 0.942073 0.084422
vt 0.477904 0.830991
vt 0.907791 0.457618
vt 0.477361 0.822318
vt 0.939654 0.070929
vt 0.977105 0.226164
vt 0.484546 0.826033
vt 0.910839 0.45034
vt 0.977076 0.234229
vt 0.488018 0.287163
vt 0.820967 0.61428
vt 0.475132 0.309043
vt 0.002995 0.292995
vt 0.451464 0.811359
vt 0.921302 0.214511
vt 0.949278 0.127482
vt 0.151308 0.950003
vt 0.233598 0.944586
vt 0.882631 0.347456
vt 0.919745 0.20931
vt 0.947477 0.122351
vt 0.468272 0.876168
vt 0.90324 0.778386
vt 0.960802 0.171228
vt 0.977076 0.442387
vt 0.499821 0.293815
vt 0.232595 0.375576
vt 0.241372 0.95601
vt 0.750135 0.002303
vt 0.85085 0.794367
vt 0.871922 0.338693
vt 0.889836 0.07374
vt 0.151308 0.969092
vt 0.233598 0.963688
vt 0.887138 0.084774
vt 0.956784 0.169674
vt 0.349703 0.812823
vt 0.731322 0.104475
vt 0.808092 0.623245
vt 0.351287 0.821387
vt 0.723612 0.104123
vt 0.751137 0.758342
vt 0.695962 0.961887
vt 0.866419 0.510837
vt 0.893438 0.688092
vt 0.360475 0.821387
vt 0.743582 0.758342
vt 0.841084 0.841932
vt 0.012609 0.340443
vt 0.08451 0.030819
vt 0.138699 0.893438
vt 0.696449 0.945587
vt 0.879028 0.390804
vt 0.133508 0.888907
vt 0.699798 0.939363
vt 0.776355 0.480966
vt 0.80009 0.380127
vt 0.929992 0.104475
vt 0.702502 0.953935
vt 0.871702 0.398014
vt 0.884884 0.683957
vt 0.865116 0.558399
vt 0.893438 0.640009
vt 0.9309 0.232979
vt 0.20397 0.796169
vt 0.236522 0.459328
vt 0.934505 0.233641
vt 0.763508 0.467327
vt 0.919776 0.465487
vt 0.990367 0.785348
vt 0.003977 0.991818
vt 0.093653 0.439514
vt 0.767709 0.462827
vt 0.929996 0.084424
vt 0.989928 0.791228
vt 0.998283 0.139207
vt 0.005149 0.997862
vt 0.995902 0.715027
vt 0.996058 0.78966
vt 0.925861 0.464554
vt 0.996487 0.785348
vt 0.996759 0.719293
vt 0.00129 0.997862
vt 0.991632 0.714174
vt 0.998283 0.145428
vt 0.998547 0.078893
vt 0.087722 0.433035
vt 0.919985 0.457401
vt 0.989928 0.141934
vt 0.989928 0.078893
vt 0.428706 0.844804
vt 0.643059 0.924455
vt 0.998066 0.235097
vt 0.093667 0.426017
vt 0.929992 0.07093
vt 0.98676 0.226164
vt 0.451417 0.661072
vt 0.639478 0.924991
vt 0.65747 0.247478
vt 0.998066 0.238692
vt 0.085571 0.426017
vt 0.920427 0.450521
vt 0.986731 0.234229
vt 0.07742 0.380675
vt 0.425538 0.837125
vt 0.453924 0.651513
vt 0.989928 0.235631
vt 0.079257 0.384098
vt 0.184102 0.407091
vt 0.451417 0.648647
vt 0.655277 0.259718
vt 0.831367 0.264656
vt 0.426647 0.83311
vt 0.643059 0.936669
vt 0.65747 0.261187
vt 0.833969 0.265027
vt 0.925768 0.457958
vt 0.989928 0.719293
vt 0.995268 0.082132
vt 0.079797 0.081058
vt 0.879028 0.441315
vt 0.884425 0.639666
vt 0.933786 0.224321
vt 0.012609 0.290534
vt 0.086462 0.081058
vt 0.930864 0.21754
vt 0.137554 0.954101
vt 0.236766 0.440842
vt 0.932381 0.215332
vt 0.697098 0.693653
vt 0.900549 0.729521
vt 0.913252 0.779957
vt 0.986233 0.439098
vt 0.13878 0.965848
vt 0.248661 0.440842
vt 0.695901 0.690741
vt 0.963688 0.180129
vt 0.986746 0.442387
vt 0.237137 0.449151
vt 0.936669 0.223694
vt 0.051192 0.361814
vt 0.482725 0.200272
vt 0.058452 0.369548
vt 0.076922 0.360735
vt 0.085015 0.36716
vt 0.104458 0.361063
vt 0.108399 0.368141
vt 0.08065 0.375546
vt 0.533181 0.221073
vt 0.525483 0.23786
vt 0.925221 0.002911
vt 0.214943 0.064102
vt 0.012683 0.562307
vt 0.014725 0.475854
vt 0.016497 0.554876
vt 0.019814 0.469616
vt 0.198613 0.051878
vt 0.035473 0.556821
vt 0.19231 0.067926
vt 0.00155 0.492469
vt 0.108077 0.713308
vt 0.783755 0.086309
vt 0.00386 0.500758
vt 0.018902 0.590262
vt 0.195393 0.821387
vt 0.788964 0.092418
vt 0.036345 0.579129
vt 0.037341 0.133943
vt 0.361302 0.396169
vt 0.028042 0.133829
vt 0.028509 0.584504
vt 0.1852 0.814932
vt 0.927394 0.659716
vt 0.037827 0.142034
vt 0.354807 0.400847
vt 0.880829 0.935027
vt 0.030313 0.146702
vt 0.934868 0.67013
vt 0.028042 0.165718
vt 0.163088 0.936457
vt 0.265415 0.951079
vt 0.856443 0.94222
vt 0.934636 0.690779
vt 0.127992 0.363994
vt 0.728139 0.735353
vt 0.130095 0.373116
vt 0.10901 0.376641
vt 0.532646 0.249493
vt 0.26659 0.396283
vt 0.516234 0.271654
vt 0.135014 0.381873
vt 0.523894 0.275958
vt 0.147306 0.378298
vt 0.331437 0.002555
vt 0.523677 0.288221
vt 0.736726 0.711164
vt 0.729517 0.690173
vt 0.316976 0.014339
vt 0.736726 0.688605
vt 0.032983 0.484902
vt 0.086322 0.838863
vt 0.618248 0.259385
vt 0.149507 0.370471
vt 0.729591 0.71171
vt 0.038428 0.477628
vt 0.095258 0.834364
vt 0.311827 0.006642
vt 0.504299 0.301086
vt 0.024465 0.48995
vt 0.241372 0.356652
vt 0.624636 0.252141
vt 0.86822 0.789042
vt 0.068173 0.743609
vt 0.523659 0.484943
vt 0.644861 0.792566
vt 0.002874 0.212351
vt 0.525171 0.505331
vt 0.07742 0.394482
vt 0.189135 0.396119
vt 0.423213 0.823022
vt 0.87142 0.536783
vt 0.426854 0.814752
vt 0.837598 0.283136
vt 0.151308 0.915494
vt 0.184102 0.371425
vt 0.834776 0.299511
vt 0.87142 0.511587
vt 0.425975 0.801092
vt 0.873624 0.514824
vt 0.091866 0.322977
vt 0.147706 0.913252
vt 0.428706 0.789114
vt 0.558365 0.93883
vt 0.836322 0.308656
vt 0.100005 0.75654
vt 0.559258 0.485775
vt 0.587453 0.665954
vt 0.769957 0.127086
vt 0.805175 0.711508
vt 0.22336 0.802382
vt 0.77765 0.125947
vt 0.010808 0.247469
vt 0.563281 0.506662
vt 0.584607 0.687897
vt 0.617841 0.522312
vt 0.15604 0.93511
vt 0.210909 0.796784
vt 0.927394 0.693495
vt 0.594102 0.687573
vt 0.617166 0.532585
vt 0.002874 0.250379
vt 0.561646 0.511708
vt 0.616195 0.513858
vt 0.011329 0.829248
vt 0.576412 0.515915
vt 0.601894 0.520102
vt 0.457274 0.439789
vt 0.601854 0.705498
vt 0.037827 0.82695
vt 0.463994 0.444122
vt 0.59978 0.545656
vt 0.064036 0.561021
vt 0.265415 0.919997
vt 0.359017 0.422072
vt 0.880829 0.960086
vt 0.068394 0.584166
vt 0.365661 0.423918
vt 0.276583 0.922123
vt 0.354807 0.433696
vt 0.937793 0.658451
vt 0.075773 0.597701
vt 0.1852 0.766481
vt 0.360342 0.439514
vt 0.945675 0.657973
vt 0.799463 0.514685
vt 0.908128 0.67098
vt 0.091742 0.60163
vt 0.185407 0.749785
vt 0.389382 0.295574
vt 0.902076 0.678495
vt 0.163917 0.955714
vt 0.282802 0.942589
vt 0.938448 0.680726
vt 0.15604 0.960086
vt 0.212058 0.77215
vt 0.945675 0.68629
vt 0.630968 0.676422
vt 0.805175 0.672568
vt 0.815584 0.549392
vt 0.822289 0.002263
vt 0.945676 0.117084
vt 0.63238 0.682429
vt 0.821521 0.00839
vt 0.220901 0.761209
vt 0.389382 0.333238
vt 0.788964 0.162116
vt 0.796691 0.674619
vt 0.937291 0.115632
vt 0.775643 0.77908
vt 0.823188 0.53931
vt 0.833996 0.006805
vt 0.776024 0.790027
vt 0.83137 0.017277
vt 0.451075 0.459328
vt 0.617841 0.556598
vt 0.61832 0.691449
vt 0.610648 0.711128
vt 0.822365 0.583617
vt 0.897041 0.329636
vt 0.646662 0.704774
vt 0.818838 0.034128
vt 0.822365 0.547093
vt 0.394482 0.302035
vt 0.799676 0.524715
vt 0.90965 0.680886
vt 0.945676 0.088895
vt 0.789151 0.760634
vt 0.81347 0.522825
vt 0.759777 0.009819
vt 0.818964 0.765243
vt 0.823188 0.494448
vt 0.138465 0.804856
vt 0.837045 0.581151
vt 0.883341 0.326286
vt 0.13887 0.774397
vt 0.844804 0.55227
vt 0.666375 0.261187
vt 0.70568 0.428313
vt 0.709757 0.410403
vt 0.192925 0.009665
vt 0.674616 0.259883
vt 0.698174 0.427647
vt 0.201703 0.021095
vt 0.698781 0.410864
vt 0.62445 0.137345
vt 0.76532 0.927452
vt 0.859137 0.388553
vt 0.779908 0.929464
vt 0.855416 0.447421
vt 0.86822 0.377054
vt 0.22052 0.022802
vt 0.776857 0.910766
vt 0.2152 0.030145
vt 0.699211 0.393242
vt 0.411244 0.301294
vt 0.634053 0.149209
vt 0.856006 0.403766
vt 0.883529 0.743931
vt 0.217797 0.013399
vt 0.410469 0.309798
vt 0.621336 0.155371
vt 0.75978 0.906717
vt 0.242326 0.020423
vt 0.435236 0.320629
vt 0.233067 0.036551
vt 0.698174 0.37443
vt 0.365752 0.43383
vt 0.596606 0.170561
vt 0.648463 0.268573
vt 0.780854 0.886635
vt 0.609073 0.169014
vt 0.767682 0.890354
vt 0.25669 0.037816
vt 0.243276 0.027151
vt 0.602189 0.191004
vt 0.631139 0.277398
vt 0.630447 0.168726
vt 0.89524 0.725164
vt 0.752938 0.054406
vt 0.86822 0.432309
vt 0.870022 0.495354
vt 0.871922 0.390879
vt 0.882779 0.713129
vt 0.234167 0.358395
vt 0.62767 0.173344
vt 0.440652 0.313253
vt 0.505411 0.913252
vt 0.225693 0.379825
vt 0.514791 0.915054
vt 0.632382 0.200766
vt 0.683616 0.151787
vt 0.900665 0.305029
vt 0.19047 0.784992
vt 0.228916 0.379129
vt 0.634053 0.198125
vt 0.89524 0.695952
vt 0.282371 0.898842
vt 0.616869 0.185504
vt 0.35678 0.935589
vt 0.920729 0.86822
vt 0.355715 0.93683
vt 0.492785 0.916622
vt 0.803988 0.075117
vt 0.36914 0.943874
vt 0.463866 0.956483
vt 0.819493 0.076057
vt 0.925861 0.257094
vt 0.934868 0.865325
vt 0.823188 0.086992
vt 0.919807 0.267007
vt 0.257874 0.446719
vt 0.279756 0.041076
vt 0.725362 0.643318
vt 0.280057 0.03288
vt 0.733651 0.645775
vt 0.266685 0.027122
vt 0.284603 0.871388
vt 0.430048 0.273208
vt 0.608229 0.2123
vt 0.282371 0.870492
vt 0.432309 0.274354
vt 0.60996 0.213475
vt 0.107133 0.886233
vt 0.365752 0.391894
vt 0.40529 0.025218
vt 0.595283 0.212348
vt 0.100521 0.864244
vt 0.601028 0.236967
vt 0.303385 0.030528
vt 0.729345 0.667735
vt 0.292434 0.019512
vt 0.48531 0.318862
vt 0.086821 0.86877
vt 0.430048 0.291808
vt 0.614405 0.231612
vt 0.268331 0.019013
vt 0.461225 0.320629
vt 0.521768 0.909079
vt 0.625182 0.206664
vt 0.92406 0.669558
vt 0.113122 0.779316
vt 0.478117 0.880752
vt 0.624812 0.215788
vt 0.914817 0.670098
vt 0.963688 0.16076
vt 0.115282 0.785361
vt 0.61985 0.211751
vt 0.51526 0.910859
vt 0.901132 0.309229
vt 0.115282 0.772739
vt 0.241372 0.387277
vt 0.627772 0.22262
vt 0.889836 0.088263
vt 0.957891 0.165431
vt 0.242387 0.950075
vt 0.468272 0.918656
vt 0.58513 0.013692
vt 0.904269 0.736229
vt 0.371065 0.939746
vt 0.93045 0.854153
vt 0.463866 0.929015
vt 0.646799 0.762446
vt 0.934868 0.835789
vt 0.48008 0.943421
vt 0.923615 0.277776
vt 0.778868 0.542039
vt 0.819987 0.101991
vt 0.913205 0.280225
vt 0.486347 0.931122
vt 0.648463 0.785361
vt 0.776595 0.464016
vt 0.925861 0.291897
vt 0.282802 0.660918
vt 0.598027 0.959151
vt 0.977076 0.5683
vt 0.107415 0.743931
vt 0.524175 0.871643
vt 0.595996 0.955992
vt 0.923976 0.707366
vt 0.978213 0.564527
vt 0.109878 0.735114
vt 0.479142 0.918023
vt 0.58426 0.003159
vt 0.914817 0.707906
vt 0.107415 0.731382
vt 0.583573 0.956818
vt 0.588393 0.001661
vt 0.619643 0.954999
vt 0.274336 0.664675
vt 0.514791 0.870945
vt 0.904164 0.34945
vt 0.960627 0.977076
vt 0.986554 0.5683
vt 0.282802 0.646962
vt 0.291808 0.048754
vt 0.594141 0.972695
vt 0.288714 0.044858
vt 0.331103 0.427801
vt 0.855611 0.061244
vt 0.273824 0.647965
vt 0.287377 0.05584
vt 0.970894 0.130833
vt 0.283888 0.054864
vt 0.844077 0.060269
vt 0.845414 0.130378
vt 0.962959 0.435059
vt 0.967394 0.1299
vt 0.191845 0.796169
vt 0.234167 0.389078
vt 0.248906 0.45817
vt 0.68629 0.163616
vt 0.250379 0.454918
vt 0.683616 0.165718
vt 0.697098 0.704303
vt 0.911451 0.729405
vt 0.915054 0.305659
vt 0.249032 0.449151
vt 0.693481 0.698905
vt 0.269539 0.662523
vt 0.415966 0.101747
vt 0.955379 0.977076
vt 0.970894 0.144103
vt 0.242387 0.965926
vt 0.42597 0.099408
vt 0.911451 0.685111
vt 0.915054 0.349429
vt 0.956936 0.987202
vt 0.245655 0.967291
vt 0.427625 0.102427
vt 0.479834 0.972695
vt 0.244984 0.958256
vt 0.903303 0.685199
vt 0.913252 0.735751
vt 0.248578 0.956681
vt 0.46916 0.970472
vt 0.58426 0.021615
vt 0.805175 0.163917
vt 0.428706 0.115282
vt 0.480944 0.959687
vt 0.969092 0.449794
vt 0.415966 0.115248
vt 0.963823 0.135467
vt 0.968807 0.437302
vt 0.78077 0.466533
vt 0.796169 0.543896
vt 0.922086 0.295411
vt 0.848406 0.32243
vt 0.855611 0.130378
vt 0.966918 0.443695
vt 0.477743 0.955707
vt 0.679085 0.969092
vt 0.840909 0.321352
vt 0.855458 0.124
vt 0.962959 0.450322
vt 0.235962 0.913962
vt 0.259723 0.810579
vt 0.789757 0.079739
vt 0.951079 0.736726
vt 0.246776 0.92406
vt 0.483027 0.925861
vt 0.802038 0.088765
vt 0.25371 0.790326
vt 0.245233 0.799204
vt 0.792714 0.097655
vt 0.265788 0.78059
vt 0.514336 0.993667
vt 0.997101 0.148008
vt 0.99775 0.373965
vt 0.086462 0.788964
vt 0.510676 0.991818
vt 0.59932 0.073756
vt 0.929399 0.329636
vt 0.998376 0.151976
vt 0.082689 0.787845
vt 0.262164 0.777892
vt 0.510676 0.996198
vt 0.59932 0.102673
vt 0.926987 0.296091
vt 0.94211 0.054336
vt 0.086462 0.756278
vt 0.25975 0.745987
vt 0.603431 0.1019
vt 0.939896 0.057713
vt 0.066648 0.272749
vt 0.247681 0.75726
vt 0.943874 0.073853
vt 0.780421 0.566286
vt 0.806625 0.123914
vt 0.229519 0.784753
vt 0.799067 0.118373
vt 0.651417 0.778156
vt 0.794936 0.562958
vt 0.799771 0.464701
vt 0.867384 0.747534
vt 0.695408 0.129693
vt 0.796169 0.581816
vt 0.803482 0.142452
vt 0.877227 0.7314
vt 0.047286 0.284603
vt 0.229518 0.751789
vt 0.700701 0.117694
vt 0.789757 0.144103
vt 0.372866 0.205347
vt 0.523997 0.583617
vt 0.911451 0.36705
vt 0.918656 0.540386
vt 0.147706 0.871233
vt 0.165718 0.485136
vt 0.227635 0.949907
vt 0.268392 0.769149
vt 0.29361 0.846605
vt 0.179849 0.498444
vt 0.230565 0.954682
vt 0.26533 0.765255
vt 0.963688 0.001459
vt 0.142825 0.876292
vt 0.163473 0.491751
vt 0.18193 0.499667
vt 0.228811 0.929526
vt 0.29361 0.826991
vt 0.602383 0.394482
vt 0.864618 0.117536
vt 0.954752 0.027225
vt 0.326033 0.084359
vt 0.552995 0.949655
vt 0.856536 0.385475
vt 0.86192 0.117623
vt 0.118483 0.039902
vt 0.196018 0.178406
vt 0.770742 0.977076
vt 0.118885 0.027953
vt 0.658751 0.991818
vt 0.771628 0.987789
vt 0.198142 0.16679
vt 0.657019 0.993436
vt 0.696255 0.261903
vt 0.769217 0.987789
vt 0.115262 0.027953
vt 0.658751 0.99544
vt 0.698899 0.261903
vt 0.324192 0.716912
vt 0.576412 0.132156
vt 0.870022 0.23245
vt 0.899333 0.359925
vt 0.906295 0.533677
vt 0.925861 0.74793
vt 0.289744 0.038318
vt 0.583573 0.970587
vt 0.619643 0.968767
vt 0.174134 0.482167
vt 0.230565 0.937183
vt 0.324544 0.091786
vt 0.549601 0.956483
vt 0.958285 0.034225
vt 0.163473 0.477925
vt 0.178506 0.486666
vt 0.290191 0.840099
vt 0.326033 0.097269
vt 0.863093 0.129693
vt 0.528886 0.270314
vt 0.547773 0.29361
vt 0.833838 0.384305
vt 0.880829 0.201744
vt 0.946205 0.223359
vt 0.589021 0.013368
vt 0.607865 0.953977
vt 0.794256 0.162139
vt 0.283888 0.036913
vt 0.32218 0.427627
vt 0.613889 0.970894
vt 0.679085 0.952844
vt 0.853271 0.325574
vt 0.609944 0.96802
vt 0.674225 0.953929
vt 0.794256 0.147581
vt 0.675089 0.960487
vt 0.84559 0.124289
vt 0.845741 0.325155
vt 0.536783 0.263715
vt 0.571436 0.147332
vt 0.808692 0.308398
vt 0.843002 0.389078
vt 0.860423 0.246776
vt 0.116074 0.043231
vt 0.198142 0.18193
vt 0.698107 0.275597
vt 0.536783 0.29361
vt 0.549183 0.267185
vt 0.804555 0.334866
vt 0.148318 0.929777
vt 0.174134 0.525976
vt 0.428151 0.783612
vt 0.5602 0.943911
vt 0.873195 0.497242
vt 0.090436 0.34231
vt 0.151308 0.943874
vt 0.178533 0.514304
vt 0.831367 0.327834
vt 0.963688 0.018013
vt 0.142034 0.894641
vt 0.180614 0.515526
vt 0.558365 0.958285
vt 0.091866 0.345847
vt 0.143612 0.890409
vt 0.268392 0.752457
vt 0.961857 0.015181
vt 0.561707 0.580263
vt 0.597022 0.89502
vt 0.911451 0.40529
vt 0.58957 0.892709
vt 0.904918 0.400795
vt 0.451075 0.361676
vt 0.531506 0.988155
vt 0.571008 0.645526
vt 0.581813 0.890167
vt 0.68482 0.002714
vt 0.898597 0.394626
vt 0.925861 0.78356
vt 0.009776 0.88263
vt 0.575294 0.569336
vt 0.599828 0.91275
vt 0.121897 0.691833
vt 0.306538 0.955476
vt 0.128679 0.704411
vt 0.129693 0.820232
vt 0.317026 0.96549
vt 0.368778 0.155443
vt 0.567622 0.665002
vt 0.46916 0.956677
vt 0.67177 0.964488
vt 0.803801 0.150371
vt 0.066648 0.209755
vt 0.317026 0.940246
vt 0.531453 0.977076
vt 0.576412 0.162116
vt 0.826791 0.309289
vt 0.915964 0.780418
vt 0.312649 0.951229
vt 0.526245 0.988155
vt 0.567942 0.649768
vt 0.056588 0.219757
vt 0.303012 0.94086
vt 0.510736 0.386437
vt 0.881209 0.060887
vt 0.115645 0.680953
vt 0.300336 0.944498
vt 0.38291 0.178327
vt 0.515168 0.386437
vt 0.016756 0.479175
vt 0.395076 0.163863
vt 0.511319 0.40529
vt 0.886233 0.077169
vt 0.11443 0.700712
vt 0.379155 0.160527
vt 0.016756 0.500758
vt 0.051957 0.181774
vt 0.502621 0.307697
vt 0.652513 0.178327
vt 0.881209 0.095468
vt 0.023417 0.499527
vt 0.40529 0.144985
vt 0.508513 0.306017
vt 0.902445 0.404951
vt 0.463576 0.389993
vt 0.584607 0.753323
vt 0.691694 0.037515
vt 0.037827 0.880996
vt 0.471937 0.3912
vt 0.581813 0.929464
vt 0.354027 0.139765
vt 0.571008 0.68629
vt 0.580502 0.51777
vt 0.593299 0.75654
vt 0.68482 0.043231
vt 0.897041 0.281107
vt 0.115065 0.730561
vt 0.375381 0.130801
vt 0.11847 0.859643
vt 0.120952 0.743575
vt 0.899108 0.568361
vt 0.925861 0.827438
vt 0.946787 0.885729
vt 0.857842 0.186943
vt 0.907848 0.561346
vt 0.930293 0.059443
vt 0.958285 0.196092
vt 0.495275 0.942492
vt 0.636067 0.131929
vt 0.948268 0.001646
vt 0.331437 0.486347
vt 0.854434 0.002978
vt 0.962959 0.287265
vt 0.963688 0.411154
vt 0.969092 0.513387
vt 0.678501 0.76728
vt 0.87066 0.714317
vt 0.557584 0.267844
vt 0.905149 0.57461
vt 0.946142 0.196092
vt 0.955947 0.885555
vt 0.111851 0.327436
vt 0.151957 0.988556
vt 0.967168 0.506921
vt 0.969092 0.289993
vt 0.32218 0.486146
vt 0.85381 0.383674
vt 0.966505 0.295705
vt 0.500776 0.941102
vt 0.631237 0.135097
vt 0.904245 0.828592
vt 0.922259 0.036026
vt 0.946403 0.911451
vt 0.111671 0.337709
vt 0.695056 0.018175
vt 0.968306 0.301201
vt 0.693555 0.023426
vt 0.84559 0.065501
vt 0.845741 0.383008
vt 0.962959 0.302616
vt 0.262167 0.741649
vt 0.937181 0.053644
vt 0.22695 0.977076
vt 0.716492 0.972411
vt 0.963688 0.333476
vt 0.222131 0.977235
vt 0.423045 0.524838
vt 0.584514 0.459328
vt 0.960031 0.335039
vt 0.091866 0.056776
vt 0.22695 0.988595
vt 0.35678 0.996763
vt 0.729521 0.972695
vt 0.186161 0.675483
vt 0.222131 0.988754
vt 0.361575 0.996763
vt 0.584514 0.447008
vt 0.977076 0.524248
vt 0.190412 0.672153
vt 0.450333 0.376783
vt 0.580014 0.079999
vt 0.980865 0.521176
vt 0.088388 0.061994
vt 0.185634 0.670469
vt 0.360213 0.991818
vt 0.187334 0.954242
vt 0.557386 0.932172
vt 0.603431 0.001507
vt 0.417481 0.523352
vt 0.782368 0.977076
vt 0.960715 0.329336
vt 0.177528 0.960086
vt 0.591623 0.001507
vt 0.664344 0.012956
vt 0.277398 0.358745
vt 0.414462 0.532957
vt 0.617771 0.879356
vt 0.983893 0.014435
vt 0.190422 0.666989
vt 0.455726 0.379398
vt 0.977076 0.180804
vt 0.093667 0.785783
vt 0.192738 0.662908
vt 0.261692 0.977076
vt 0.270085 0.360898
vt 0.977076 0.176062
vt 0.977076 0.011006
vt 0.087075 0.98898
vt 0.716492 0.956664
vt 0.782368 0.987565
vt 0.960031 0.318591
vt 0.08104 0.98898
vt 0.09076 0.776434
vt 0.409511 0.532485
vt 0.788365 0.986861
vt 0.987262 0.011006
vt 0.047286 0.261597
vt 0.244052 0.731913
vt 0.700701 0.092224
vt 0.877227 0.105566
vt 0.692868 0.094067
vt 0.695297 0.757555
vt 0.867384 0.694579
vt 0.86993 0.108077
vt 0.957683 0.412087
vt 0.965811 0.517425
vt 0.844077 0.002098
vt 0.846853 0.189089
vt 0.959509 0.420526
vt 0.696459 0.0988
vt 0.872031 0.697785
vt 0.034397 0.58372
vt 0.464255 0.634483
vt 0.95574 0.522037
vt 0.956319 0.691694
vt 0.1405 0.988556
vt 0.95574 0.507673
vt 0.958285 0.676756
vt 0.423302 0.530724
vt 0.573448 0.079324
vt 0.589021 0.45555
vt 0.986653 0.524248
vt 0.122313 0.338174
vt 0.141589 0.977076
vt 0.621006 0.530054
vt 0.95119 0.667078
vt 0.448418 0.386577
vt 0.578816 0.08905
vt 0.457872 0.640829
vt 0.931513 0.977076
vt 0.95119 0.684349
vt 0.977351 0.164238
vt 0.998025 0.252801
vt 0.934868 0.198144
vt 0.977076 0.168044
vt 0.977076 0.14618
vt 0.998025 0.256618
vt 0.513934 0.983387
vt 0.623885 0.534504
vt 0.989928 0.835509
vt 0.203847 0.977076
vt 0.517779 0.98827
vt 0.934868 0.212552
vt 0.9863 0.155023
vt 0.989928 0.829511
vt 0.517779 0.977076
vt 0.630033 0.530026
vt 0.928463 0.204625
vt 0.95145 0.676237
vt 0.989928 0.253847
vt 0.276453 0.36676
vt 0.618682 0.888348
vt 0.265213 0.984834
vt 0.271747 0.368387
vt 0.95182 0.162354
vt 0.418225 0.543586
vt 0.623245 0.891477
vt 0.423302 0.545755
vt 0.573562 0.094261
vt 0.497881 0.948166
vt 0.54071 0.904246
vt 0.954682 0.002712
vt 0.390879 0.944522
vt 0.50436 0.950105
vt 0.567405 0.243851
vt 0.956483 0.911451
vt 0.177412 0.861018
vt 0.382037 0.954645
vt 0.495275 0.961887
vt 0.526985 0.901417
vt 0.18193 0.873051
vt 0.390879 0.963688
vt 0.547773 0.235442
vt 0.808827 0.366471
vt 0.172275 0.880098
vt 0.812259 0.376469
vt 0.161057 0.877768
vt 0.494598 0.36512
vt 0.08687 0.977076
vt 0.091866 0.072051
vt 0.185634 0.659076
vt 0.729521 0.956948
vt 0.082042 0.977076
vt 0.09076 0.788964
vt 0.189506 0.66058
vt 0.564273 0.942073
vt 0.601774 0.013018
vt 0.986403 0.539637
vt 0.180255 0.925265
vt 0.57461 0.940748
vt 0.977181 0.539637
vt 0.989928 0.438633
vt 0.107452 0.698899
vt 0.183328 0.927752
vt 0.993578 0.436852
vt 0.485539 0.878736
vt 0.634947 0.104056
vt 0.948268 0.028821
vt 0.295808 0.735961
vt 0.594197 0.01441
vt 0.652733 0.019814
vt 0.986298 0.532088
vt 0.109878 0.695423
vt 0.306219 0.736234
vt 0.977076 0.532088
vt 0.997632 0.438633
vt 0.261692 0.988782
vt 0.453271 0.390263
vt 0.946689 0.164406
vt 0.986962 0.180598
vt 0.271362 0.381616
vt 0.954682 0.174978
vt 0.481204 0.879028
vt 0.542187 0.877691
vt 0.952116 0.027832
vt 0.151332 0.868279
vt 0.537056 0.876215
vt 0.759432 0.842351
vt 0.595793 0.513008
vt 0.848406 0.263018
vt 0.854949 0.189135
vt 0.963688 0.426901
vt 0.598094 0.506837
vt 0.841448 0.26356
vt 0.859214 0.066976
vt 0.218309 0.962127
vt 0.60163 0.50605
vt 0.709707 0.958708
vt 0.595793 0.500123
vt 0.693555 0.030622
vt 0.852279 0.066888
vt 0.111671 0.347117
vt 0.228763 0.960419
vt 0.597206 0.497071
vt 0.697098 0.028982
vt 0.044849 0.59097
vt 0.956768 0.421638
vt 0.966895 0.525976
vt 0.045032 0.60163
vt 0.599573 0.515168
vt 0.700493 0.961824
vt 0.961426 0.430508
vt 0.200196 0.988806
vt 0.458914 0.647413
vt 0.634053 0.541529
vt 0.934388 0.983912
vt 0.203847 0.986488
vt 0.931513 0.987377
vt 0.986793 0.14618
vt 0.987033 0.168044
vt 0.034397 0.598123
vt 0.464732 0.647287
vt 0.699703 0.972695
vt 0.199726 0.980726
vt 0.627214 0.542547
vt 0.996339 0.83031
vt 0.122487 0.34945
vt 0.228763 0.971093
vt 0.621006 0.543447
vt 0.217989 0.974496
vt 0.457872 0.655668
vt 0.630394 0.549392
vt 0.709707 0.971037
vt 0.111933 0.978095
vt 0.432167 0.730437
vt 0.774207 0.978018
vt 0.053833 0.588653
vt 0.419035 0.558399
vt 0.573448 0.108077
vt 0.107065 0.977076
vt 0.22953 0.987508
vt 0.43686 0.731415
vt 0.050392 0.58508
vt 0.412495 0.53857
vt 0.414204 0.557133
vt 0.621261 0.905931
vt 0.303948 0.977076
vt 0.427267 0.733277
vt 0.779788 0.977076
vt 0.162345 0.297013
vt 0.310065 0.97722
vt 0.427267 0.739433
vt 0.540386 0.354108
vt 0.618 0.991818
vt 0.989956 0.802429
vt 0.991681 0.241272
vt 0.236462 0.988644
vt 0.439514 0.738049
vt 0.460747 0.731603
vt 0.185638 0.997275
vt 0.401795 0.996833
vt 0.977208 0.556607
vt 0.986881 0.082549
vt 0.998327 0.178312
vt 0.279199 0.446546
vt 0.43686 0.743728
vt 0.466533 0.733124
vt 0.837952 0.977076
vt 0.254659 0.991818
vt 0.71653 0.994896
vt 0.977076 0.87255
vt 0.98691 0.262935
vt 0.987174 0.059688
vt 0.506534 0.992072
vt 0.606206 0.991818
vt 0.822728 0.991818
vt 0.508097 0.991818
vt 0.516915 0.991818
vt 0.822728 0.993441
vt 0.507086 0.995652
vt 0.606206 0.995437
vt 0.826722 0.991818
vt 0.568219 0.992939
vt 0.977543 0.059688
vt 0.992049 0.64238
vt 0.982862 0.264484
vt 0.229831 0.991818
vt 0.571579 0.991818
vt 0.977076 0.262935
vt 0.98607 0.87255
vt 0.989928 0.645544
vt 0.998652 0.987333
vt 0.571579 0.993864
vt 0.776002 0.99443
vt 0.99722 0.548392
vt 0.998054 0.245107
vt 0.998652 0.987333
vt 0.508097 0.99631
vt 0.516915 0.996293
vt 0.579516 0.995994
vt 0.827518 0.992726
vt 0.580479 0.995285
vt 0.604629 0.995864
vt 0.826722 0.993426
vt 0.776873 0.991818
vt 0.996283 0.802429
vt 0.998003 0.242328
vt 0.77771 0.99443
vt 0.996563 0.799492
vt 0.997065 0.550024
vt 0.225966 0.993404
vt 0.251129 0.991818
vt 0.416434 0.996777
vt 0.571579 0.995909
vt 0.998652 0.987333
vt 0.047839 0.486347
vt 0.290988 0.61178
vt 0.329909 0.988477
vt 0.518275 0.992569
vt 0.579516 0.991818
vt 0.604629 0.992245
vt 0.824142 0.992764
vt 0.16752 0.300867
vt 0.27426 0.447441
vt 0.431963 0.743931
vt 0.979915 0.875089
vt 0.983533 0.058335
vt 0.997009 0.645544
vt 0.528453 0.991818
vt 0.679901 0.991818
vt 0.717717 0.991818
vt 0.985255 0.057209
vt 0.028205 0.997837
vt 0.528453 0.993867
vt 0.983067 0.056297
vt 0.028205 0.991818
vt 0.24799 0.99283
vt 0.568219 0.994985
vt 0.977076 0.057651
vt 0.253709 0.995504
vt 0.485247 0.996276
vt 0.638576 0.991818
vt 0.986688 0.26687
vt 0.229831 0.997103
vt 0.416434 0.991818
vt 0.48199 0.991818
vt 0.556024 0.991818
vt 0.981339 0.266445
vt 0.030903 0.99735
vt 0.251129 0.997108
vt 0.418762 0.992456
vt 0.527355 0.996198
vt 0.554107 0.993184
vt 0.481289 0.996276
vt 0.556428 0.995959
vt 0.638576 0.995644
vt 0.698898 0.995142
vt 0.256099 0.993762
vt 0.679901 0.995349
vt 0.719214 0.994896
vt 0.989928 0.724334
vt 0.989928 0.657011
vt 0.990274 0.659591
vt 0.996849 0.728412
vt 0.762627 0.991818
vt 0.769995 0.991818
vt 0.78029 0.991818
vt 0.643035 0.992898
vt 0.767988 0.992299
vt 0.782344 0.991818
vt 0.803115 0.991818
vt 0.732381 0.994769
vt 0.991774 0.795935
vt 0.995097 0.532302
vt 0.595736 0.991818
vt 0.732381 0.991818
vt 0.989928 0.730573
vt 0.989928 0.793808
vt 0.996808 0.721873
vt 0.59669 0.992543
vt 0.675679 0.991818
vt 0.731282 0.992315
vt 0.997276 0.532313
vt 0.643035 0.995598
vt 0.764941 0.993548
vt 0.781558 0.99437
vt 0.645274 0.991818
vt 0.754474 0.991818
vt 0.804167 0.993913
vt 0.995489 0.65645
vt 0.595736 0.995959
vt 0.675679 0.99535
vt 0.996808 0.725833
vt 0.99692 0.659591
vt 0.075915 0.997699
vt 0.180309 0.997219
vt 0.421342 0.996784
vt 0.490217 0.996297
vt 0.756632 0.992898
vt 0.767521 0.993412
vt 0.804313 0.991818
vt 0.677321 0.995013
vt 0.989928 0.806727
vt 0.996748 0.661216
vt 0.997096 0.657011
vt 0.997271 0.52869
vt 0.645274 0.994518
vt 0.754474 0.994518
vt 0.762627 0.99449
vt 0.769995 0.994462
vt 0.991593 0.805009
vt 0.52604 0.991875
vt 0.681462 0.993187
vt 0.696738 0.991818
vt 0.989928 0.531116
vt 0.996669 0.793808
vt 0.996849 0.731113
vt 0.52604 0.993924
vt 0.553133 0.995959
vt 0.699085 0.991818
vt 0.256099 0.997127
vt 0.640455 0.993707
vt 0.696796 0.994507
vt 0.989928 0.662842
vt 0.990127 0.52869
vt 0.996648 0.806727
vt 0.208203 0.925861
vt 0.503551 0.324061
vt 0.654342 0.163182
vt 0.066648 0.153776
vt 0.661072 0.150062
vt 0.825819 0.360028
vt 0.178197 0.890947
vt 0.212552 0.899443
vt 0.652513 0.138081
vt 0.826791 0.374977
vt 0.16945 0.893629
vt 0.208203 0.891338
vt 0.511169 0.357731
vt 0.517542 0.357107
vt 0.74213 0.194227
vt 0.509352 0.327958
vt 0.88712 0.41622
vt 0.455726 0.406041
vt 0.950309 0.179762
vt 0.057641 0.589832
vt 0.450387 0.404652
vt 0.577883 0.107669
vt 0.977076 0.277483
vt 0.277398 0.382046
vt 0.616176 0.903055
vt 0.073704 0.423724
vt 0.981593 0.61441
vt 0.078675 0.423829
vt 0.498658 0.996338
vt 0.977076 0.082549
vt 0.986199 0.613531
vt 0.989928 0.33722
vt 0.050392 0.598027
vt 0.081058 0.427464
vt 0.185467 0.991818
vt 0.401795 0.991818
vt 0.412495 0.551194
vt 0.499925 0.992919
vt 0.986689 0.277483
vt 0.403307 0.992565
vt 0.498658 0.991818
vt 0.982078 0.082038
vt 0.182889 0.997275
vt 0.407516 0.548017
vt 0.623245 0.917086
vt 0.995643 0.177501
vt 0.081058 0.437159
vt 0.122845 0.986382
vt 0.977076 0.561947
vt 0.99354 0.180686
vt 0.076087 0.437055
vt 0.276436 0.396283
vt 0.617352 0.918656
vt 0.989928 0.177501
vt 0.077349 0.439514
vt 0.122274 0.981915
vt 0.072406 0.426093
vt 0.452568 0.414296
vt 0.946352 0.187392
vt 0.982641 0.26945
vt 0.069995 0.426079
vt 0.977076 0.61441
vt 0.989928 0.204552
vt 0.071135 0.434536
vt 0.270592 0.395517
vt 0.954682 0.189135
vt 0.072378 0.43941
vt 0.122845 0.977076
vt 0.92201 0.987104
vt 0.994019 0.300445
vt 0.068715 0.435729
vt 0.921929 0.981978
vt 0.067473 0.430856
vt 0.92201 0.977076
vt 0.990105 0.199274
vt 0.059158 0.48558
vt 0.32944 0.977076
vt 0.483038 0.632926
vt 0.062869 0.480737
vt 0.484546 0.638695
vt 0.548312 0.108255
vt 0.078564 0.991818
vt 0.399215 0.996816
vt 0.739271 0.202575
vt 0.977076 0.236809
vt 0.89608 0.987098
vt 0.977384 0.316444
vt 0.985863 0.945128
vt 0.827923 0.987598
vt 0.90487 0.987103
vt 0.986027 0.316304
vt 0.986845 0.312968
vt 0.053942 0.486347
vt 0.33038 0.982418
vt 0.049135 0.482697
vt 0.98411 0.073583
vt 0.986477 0.556607
vt 0.05451 0.483658
vt 0.978603 0.074134
vt 0.997746 0.33722
vt 0.015491 0.982619
vt 0.044505 0.472936
vt 0.11477 0.98278
vt 0.989928 0.293012
vt 0.016261 0.989066
vt 0.046018 0.478815
vt 0.114672 0.988789
vt 0.985666 0.561519
vt 0.042565 0.479313
vt 0.282196 0.61178
vt 0.990095 0.413217
vt 0.059258 0.479508
vt 0.98191 0.605625
vt 0.996459 0.330851
vt 0.063045 0.474628
vt 0.452478 0.988208
vt 0.554796 0.108024
vt 0.059593 0.475127
vt 0.977394 0.605625
vt 0.997991 0.204552
vt 0.057277 0.470247
vt 0.913428 0.977899
vt 0.998168 0.199274
vt 0.050941 0.468555
vt 0.913765 0.984412
vt 0.997759 0.293012
vt 0.050473 0.465172
vt 0.278855 0.949529
vt 0.161929 0.719695
vt 0.176171 0.991818
vt 0.399215 0.991818
vt 0.531033 0.991818
vt 0.741649 0.198911
vt 0.289988 0.618663
vt 0.336363 0.988477
vt 0.46999 0.63029
vt 0.336381 0.979494
vt 0.476578 0.63515
vt 0.023311 0.977508
vt 0.472413 0.634096
vt 0.076141 0.992879
vt 0.180309 0.992433
vt 0.396879 0.995015
vt 0.176417 0.994963
vt 0.423193 0.992663
vt 0.532674 0.994977
vt 0.166313 0.71895
vt 0.421342 0.991818
vt 0.488424 0.991818
vt 0.531033 0.996198
vt 0.55059 0.977076
vt 0.01884 0.977076
vt 0.289656 0.620333
vt 0.469119 0.631666
vt 0.16752 0.72118
vt 0.550558 0.979715
vt 0.977076 0.506674
vt 0.977076 0.120337
vt 0.161929 0.723071
vt 0.742727 0.201777
vt 0.977076 0.847078
vt 0.985991 0.887407
vt 0.986972 0.298311
vt 0.993976 0.277186
vt 0.995941 0.417495
vt 0.996202 0.915377
vt 0.217404 0.342244
vt 0.282682 0.619077
vt 0.99751 0.413217
vt 0.998079 0.279277
vt 0.028718 0.977076
vt 0.47679 0.637532
vt 0.567405 0.256716
vt 0.478193 0.642111
vt 0.548312 0.115953
vt 0.952799 0.985602
vt 0.977076 0.319126
vt 0.985528 0.947804
vt 0.060654 0.469785
vt 0.453303 0.982945
vt 0.458653 0.98773
vt 0.554609 0.114509
vt 0.717956 0.492188
vt 0.501222 0.98793
vt 0.554377 0.116845
vt 0.715819 0.493539
vt 0.895758 0.978071
vt 0.977076 0.945001
vt 0.978033 0.37682
vt 0.952186 0.977076
vt 0.977076 0.949347
vt 0.977076 0.372574
vt 0.500561 0.984102
vt 0.717266 0.497243
vt 0.055848 0.466134
vt 0.273552 0.951041
vt 0.452478 0.977076
vt 0.273552 0.957958
vt 0.458983 0.978946
vt 0.718713 0.500947
vt 0.277984 0.958317
vt 0.500561 0.977076
vt 0.715819 0.50436
vt 0.510958 0.987295
vt 0.553885 0.127134
vt 0.963688 0.884603
vt 0.90487 0.977076
vt 0.977076 0.313724
vt 0.98681 0.37682
vt 0.827923 0.977076
vt 0.943149 0.977076
vt 0.977076 0.309373
vt 0.985853 0.372574
vt 0.278642 0.969092
vt 0.511354 0.978514
vt 0.963688 0.893395
vt 0.129693 0.871823
vt 0.133295 0.75321
vt 0.364352 0.103457
vt 0.404781 0.265292
vt 0.36637 0.096019
vt 0.412495 0.265292
vt 0.861795 0.325611
vt 0.186343 0.82444
vt 0.355842 0.090126
vt 0.580502 0.567405
vt 0.399031 0.247066
vt 0.872817 0.314099
vt 0.110411 0.952176
vt 0.222964 0.939659
vt 0.299894 0.059322
vt 0.982819 0.655742
vt 0.10747 0.970894
vt 0.138465 0.739936
vt 0.22336 0.958284
vt 0.806902 0.832195
vt 0.833996 0.066648
vt 0.843978 0.519779
vt 0.117468 0.951474
vt 0.186343 0.879028
vt 0.308024 0.059734
vt 0.356766 0.050942
vt 0.344371 0.040708
vt 0.491751 0.925694
vt 0.679351 0.614509
vt 0.486347 0.860048
vt 0.632557 0.083143
vt 0.480074 0.855676
vt 0.526985 0.857015
vt 0.76134 0.863892
vt 0.486347 0.82999
vt 0.628965 0.051056
vt 0.759432 0.893438
vt 0.760143 0.700552
vt 0.516289 0.420395
vt 0.752376 0.694198
vt 0.62656 0.030825
vt 0.755417 0.680664
vt 0.62656 0.021292
vt 0.753189 0.670304
vt 0.92406 0.619643
vt 0.522373 0.717754
vt 0.527731 0.444918
vt 0.74213 0.108871
vt 0.746952 0.665475
vt 0.399031 0.231246
vt 0.875544 0.298172
vt 0.192865 0.03731
vt 0.408892 0.242979
vt 0.718616 0.172711
vt 0.376469 0.30802
vt 0.398853 0.058421
vt 0.705797 0.168065
vt 0.151332 0.90965
vt 0.521725 0.386198
vt 0.732966 0.722316
vt 0.785361 0.871586
vt 0.528098 0.385575
vt 0.74014 0.168297
vt 0.378797 0.064935
vt 0.870794 0.292622
vt 0.098051 0.925648
vt 0.383024 0.053712
vt 0.874719 0.281698
vt 0.099707 0.931936
vt 0.189724 0.010224
vt 0.404365 0.216022
vt 0.662488 0.938253
vt 0.880829 0.283892
vt 0.359211 0.032644
vt 0.927663 0.913252
vt 0.117084 0.90967
vt 0.367829 0.03416
vt 0.374635 0.291634
vt 0.40529 0.043413
vt 0.711967 0.154065
vt 0.117084 0.942073
vt 0.396672 0.041897
vt 0.680886 0.940906
vt 0.529525 0.408715
vt 0.535698 0.41052
vt 0.737048 0.144501
vt 0.535308 0.432585
vt 0.517767 0.72843
vt 0.732103 0.111563
vt 0.540386 0.434899
vt 0.733226 0.120003
vt 0.376469 0.277014
vt 0.719291 0.141256
vt 0.398674 0.016919
vt 0.707777 0.126462
vt 0.174031 0.814182
vt 0.595025 0.522867
vt 0.882423 0.289641
vt 0.111456 0.750105
vt 0.378165 0.109991
vt 0.40139 0.099754
vt 0.902445 0.447012
vt 0.035594 0.997852
vt 0.489436 0.194835
vt 0.739271 0.212552
vt 0.960667 0.135704
vt 0.961887 0.26368
vt 0.98564 0.98747
vt 0.986865 0.238781
vt 0.078564 0.997306
vt 0.487827 0.996297
vt 0.55405 0.979552
vt 0.977077 0.242726
vt 0.020913 0.987052
vt 0.291808 0.63045
vt 0.969824 0.977076
vt 0.993912 0.52611
vt 0.388166 0.996882
vt 0.555495 0.988136
vt 0.954682 0.741362
vt 0.958623 0.264703
vt 0.986462 0.242726
vt 0.033483 0.993501
vt 0.165606 0.731322
vt 0.743931 0.210797
vt 0.987152 0.122403
vt 0.389617 0.992715
vt 0.550558 0.987603
vt 0.985658 0.505417
vt 0.035594 0.991818
vt 0.388166 0.991818
vt 0.949396 0.742399
vt 0.979644 0.988298
vt 0.986748 0.506674
vt 0.987152 0.119995
vt 0.511715 0.007929
vt 0.971861 0.980596
vt 0.997188 0.569837
vt 0.997376 0.523991
vt 0.207227 0.342244
vt 0.208995 0.048635
vt 0.28167 0.62877
vt 0.969824 0.987336
vt 0.989928 0.569837
vt 0.025465 0.988874
vt 0.516583 0.00135
vt 0.560881 0.267158
vt 0.989928 0.523991
vt 0.830486 0.986469
vt 0.943005 0.987018
vt 0.986917 0.319126
vt 0.927476 0.12361
vt 0.945676 0.503553
vt 0.993006 0.892086
vt 0.996328 0.030629
vt 0.495354 0.199539
vt 0.580026 0.977076
vt 0.947261 0.744049
vt 0.977076 0.98747
vt 0.288407 0.216433
vt 0.441942 0.351646
vt 0.515285 0.008527
vt 0.291808 0.21578
vt 0.518116 0.006528
vt 0.941453 0.504563
vt 0.945233 0.276908
vt 0.996298 0.894328
vt 0.208495 0.040261
vt 0.517178 0.019814
vt 0.520154 0.016639
vt 0.937008 0.255046
vt 0.940272 0.334203
vt 0.437243 0.351151
vt 0.514492 0.013291
vt 0.943874 0.255647
vt 0.207186 0.047073
vt 0.511715 0.015275
vt 0.990294 0.572301
vt 0.516529 0.016057
vt 0.940391 0.255355
vt 0.489436 0.206881
vt 0.825961 0.500457
vt 0.961887 0.33839
vt 0.963688 0.147737
vt 0.183461 0.107411
vt 0.582113 0.988111
vt 0.948147 0.755591
vt 0.113481 0.617013
vt 0.692794 0.403502
vt 0.701665 0.995058
vt 0.695297 0.40429
vt 0.704359 0.995058
vt 0.952619 0.306664
vt 0.694745 0.415353
vt 0.934868 0.870816
vt 0.953892 0.318042
vt 0.469119 0.648463
vt 0.523633 0.003707
vt 0.548964 0.127891
vt 0.567405 0.270193
vt 0.960172 0.881283
vt 0.989928 0.894328
vt 0.998645 0.033711
vt 0.735587 0.077071
vt 0.755011 0.903442
vt 0.93173 0.124493
vt 0.959472 0.887755
vt 0.110531 0.618444
vt 0.180129 0.747911
vt 0.604925 0.893436
vt 0.702742 0.991818
vt 0.156323 0.977076
vt 0.178465 0.747908
vt 0.704359 0.992358
vt 0.95521 0.307278
vt 0.934868 0.122738
vt 0.962565 0.88958
vt 0.989928 0.033711
vt 0.524174 0.01484
vt 0.740329 0.077071
vt 0.936145 0.334085
vt 0.958794 0.892398
vt 0.208833 0.03433
vt 0.28594 0.966424
vt 0.206775 0.033957
vt 0.285069 0.968296
vt 0.523435 0.019589
vt 0.959155 0.897041
vt 0.113481 0.63045
vt 0.605232 0.905209
vt 0.692794 0.416097
vt 0.932917 0.871312
vt 0.181514 0.106781
vt 0.491219 0.210751
vt 0.580026 0.988253
vt 0.830195 0.501975
vt 0.112501 0.171566
vt 0.154537 0.987922
vt 0.296958 0.362019
vt 0.956483 0.318657
vt 0.114492 0.172041
vt 0.156323 0.989011
vt 0.178465 0.760143
vt 0.382076 0.604189
vt 0.602585 0.90556
vt 0.952122 0.757105
vt 0.952881 0.502199
vt 0.959769 0.344161
vt 0.960667 0.153109
vt 0.961887 0.281001
vt 0.1808 0.120987
vt 0.830393 0.515827
vt 0.383674 0.617474
vt 0.605232 0.918656
vt 0.931096 0.885086
vt 0.961887 0.211567
vt 0.294616 0.375673
vt 0.577369 0.922897
vt 0.933047 0.88459
vt 0.952619 0.331437
vt 0.112713 0.185975
vt 0.297212 0.376402
vt 0.827609 0.51678
vt 0.952881 0.512813
vt 0.957752 0.431271
vt 0.961887 0.354854
vt 0.115282 0.186172
vt 0.382076 0.617841
vt 0.960329 0.211821
vt 0.043231 0.858349
vt 0.183731 0.12133
vt 0.949147 0.512025
vt 0.954682 0.767348
vt 0.007729 0.991818
vt 0.083811 0.995442
vt 0.326704 0.996884
vt 0.468468 0.991818
vt 0.996512 0.842057
vt 0.996597 0.811283
vt 0.371158 0.977076
vt 0.379193 0.996838
vt 0.471894 0.995987
vt 0.474474 0.991818
vt 0.989928 0.842057
vt 0.081144 0.991818
vt 0.291808 0.246776
vt 0.376434 0.996838
vt 0.443117 0.381873
vt 0.945233 0.304417
vt 0.992351 0.843749
vt 0.081144 0.997693
vt 0.437243 0.381253
vt 0.941971 0.286278
vt 0.985894 0.951927
vt 0.993974 0.809307
vt 0.007729 0.997885
vt 0.983847 0.955513
vt 0.989928 0.811283
vt 0.996663 0.350232
vt 0.273055 0.991818
vt 0.378823 0.991818
vt 0.478709 0.993647
vt 0.928991 0.155533
vt 0.945676 0.53138
vt 0.951079 0.303516
vt 0.086391 0.991818
vt 0.23241 0.997109
vt 0.273055 0.99709
vt 0.755011 0.934868
vt 0.934868 0.156712
vt 0.989928 0.953587
vt 0.271173 0.99344
vt 0.478144 0.996072
vt 0.994415 0.953453
vt 0.375481 0.979547
vt 0.474474 0.996266
vt 0.977076 0.223584
vt 0.977201 0.820135
vt 0.996039 0.950103
vt 0.235681 0.995202
vt 0.977076 0.901354
vt 0.977076 0.814394
vt 0.989928 0.354303
vt 0.989928 0.281856
vt 0.990005 0.950103
vt 0.088629 0.995031
vt 0.735995 0.106276
vt 0.758342 0.932851
vt 0.935846 0.364374
vt 0.977076 0.951927
vt 0.937008 0.286405
vt 0.940272 0.365661
vt 0.981779 0.953538
vt 0.977119 0.896228
vt 0.977269 0.695846
vt 0.994187 0.352806
vt 0.086391 0.99767
vt 0.23241 0.991818
vt 0.977451 0.955473
vt 0.990179 0.349418
vt 0.749691 0.994517
vt 0.825961 0.53294
vt 0.960086 0.447672
vt 0.043231 0.875425
vt 0.751894 0.99347
vt 0.950956 0.527777
vt 0.957752 0.44852
vt 0.0405 0.875198
vt 0.1808 0.138699
vt 0.749691 0.991818
vt 0.828647 0.533181
vt 0.326704 0.991818
vt 0.371158 0.980618
vt 0.468468 0.996337
vt 0.977376 0.766214
vt 0.010192 0.994485
vt 0.330106 0.995246
vt 0.977076 0.77093
vt 0.977076 0.691904
vt 0.997759 0.354303
vt 0.692951 0.991818
vt 0.985202 0.220636
vt 0.985992 0.820135
vt 0.996822 0.73969
vt 0.694158 0.992989
vt 0.996401 0.636302
vt 0.996403 0.738067
vt 0.373039 0.988538
vt 0.692951 0.995318
vt 0.98619 0.766214
vt 0.98702 0.223584
vt 0.996931 0.633657
vt 0.985828 0.815622
vt 0.992713 0.740219
vt 0.997755 0.285406
vt 0.985475 0.899733
vt 0.989928 0.738067
vt 0.990339 0.636302
vt 0.997977 0.281856
vt 0.98589 0.77093
vt 0.986114 0.691904
vt 0.993118 0.630692
vt 0.985896 0.896228
vt 0.986307 0.695846
vt 0.989928 0.632861
vt 0.181311 0.797285
vt 0.596226 0.541278
vt 0.117208 0.760768
vt 0.412002 0.279199
vt 0.874088 0.335039
vt 0.189724 0.054039
vt 0.375877 0.089888
vt 0.408709 0.259385
vt 0.87943 0.327684
vt 0.111456 0.763746
vt 0.377298 0.095969
vt 0.880829 0.333139
vt 0.187334 0.780472
vt 0.203769 0.824779
vt 0.595015 0.55911
vt 0.182186 0.770313
vt 0.203274 0.836284
vt 0.12609 0.970894
vt 0.156256 0.743686
vt 0.205347 0.872045
vt 0.404916 0.092857
vt 0.540386 0.348806
vt 0.714181 0.199943
vt 0.8974 0.452123
vt 0.390929 0.082009
vt 0.201744 0.033166
vt 0.389192 0.069358
vt 0.662488 0.963688
vt 0.577369 0.940272
vt 0.744897 0.994518
vt 0.934868 0.902306
vt 0.747111 0.992899
vt 0.799225 0.994139
vt 0.931913 0.902445
vt 0.961887 0.228509
vt 0.112501 0.20307
vt 0.294616 0.392681
vt 0.580014 0.93996
vt 0.744897 0.991818
vt 0.799225 0.991818
vt 0.114492 0.203545
vt 0.800535 0.993305
vt 0.960329 0.228763
vt 0.064846 0.937828
vt 0.168364 0.954107
vt 0.666476 0.002182
vt 0.053624 0.983719
vt 0.058768 0.947477
vt 0.655461 0.002182
vt 0.048027 0.977076
vt 0.048452 0.946265
vt 0.205347 0.925211
vt 0.677284 0.133601
vt 0.048027 0.989054
vt 0.295837 0.749014
vt 0.6524 0.009252
vt 0.677284 0.145904
vt 0.203043 0.927679
vt 0.674042 0.135128
vt 0.107452 0.684932
vt 0.19933 0.931265
vt 0.306219 0.749335
vt 0.670987 0.139369
vt 0.112092 0.988946
vt 0.463232 0.817145
vt 0.775293 0.987409
vt 0.106645 0.988946
vt 0.22953 0.977076
vt 0.459021 0.82073
vt 0.303948 0.988448
vt 0.467749 0.817169
vt 0.779788 0.987599
vt 0.310065 0.988592
vt 0.471937 0.821649
vt 0.53684 0.365038
vt 0.620617 0.995285
vt 0.989928 0.245107
vt 0.989928 0.548392
vt 0.235574 0.977439
vt 0.459021 0.82676
vt 0.460611 0.720228
vt 0.463844 0.830393
vt 0.466533 0.721384
vt 0.8431 0.986763
vt 0.618 0.995692
vt 0.989928 0.798515
vt 0.990879 0.551191
vt 0.162345 0.309821
vt 0.27426 0.459328
vt 0.471256 0.826566
vt 0.540386 0.367463
vt 0.27806 0.458965
vt 0.468997 0.82957
vt 0.837952 0.987454
vt 0.012387 0.984299
vt 0.041938 0.474202
vt 0.989928 0.915377
vt 0.989928 0.41828
vt 0.013337 0.980903
vt 0.009903 0.983246
vt 0.990604 0.917767
vt 0.997269 0.102427
vt 0.016261 0.977076
vt 0.046294 0.466633
vt 0.282882 0.948618
vt 0.012646 0.977273
vt 0.103269 0.991818
vt 0.286405 0.949448
vt 0.989928 0.102427
vt 0.098959 0.99417
vt 0.285243 0.954249
vt 0.977076 0.887407
vt 0.977804 0.29635
vt 0.985354 0.885077
vt 0.995715 0.917453
vt 0.998402 0.107154
vt 0.103269 0.997558
vt 0.981181 0.883736
vt 0.993907 0.107434
vt 0.216992 0.333247
vt 0.981501 0.845759
vt 0.989928 0.279277
vt 0.217956 0.033957
vt 0.217956 0.32847
vt 0.284372 0.956121
vt 0.977076 0.298311
vt 0.986162 0.847078
vt 0.206815 0.333247
vt 0.210552 0.040634
vt 0.202854 0.154637
vt 0.734925 0.495632
vt 0.125555 0.554876
vt 0.183604 0.151845
vt 0.184114 0.176423
vt 0.711643 0.513814
vt 0.928237 0.533657
vt 0.144103 0.575025
vt 0.168613 0.174046
vt 0.919783 0.546421
vt 0.701717 0.515855
vt 0.931265 0.543062
vt 0.496899 0.214749
vt 0.701226 0.524047
vt 0.940272 0.441259
vt 0.688486 0.512301
vt 0.927426 0.450498
vt 0.931265 0.556737
vt 0.93593 0.626904
vt 0.506162 0.220857
vt 0.691191 0.526958
vt 0.695297 0.149507
vt 0.130664 0.596035
vt 0.585751 0.061244
vt 0.898928 0.639977
vt 0.920139 0.623508
vt 0.920473 0.569207
vt 0.207926 0.886233
vt 0.532011 0.805131
vt 0.689219 0.548839
vt 0.63045 0.120686
vt 0.687118 0.53247
vt 0.68846 0.148365
vt 0.426905 0.282802
vt 0.497746 0.002942
vt 0.751063 0.900643
vt 0.530289 0.812492
vt 0.61146 0.116788
vt 0.681942 0.550533
vt 0.501348 0.003896
vt 0.754739 0.899619
vt 0.940272 0.418219
vt 0.924617 0.196601
vt 0.931345 0.414955
vt 0.590822 0.051737
vt 0.780869 0.001459
vt 0.806178 0.480165
vt 0.90965 0.635472
vt 0.585751 0.040162
vt 0.785361 0.013709
vt 0.92675 0.644318
vt 0.104474 0.700701
vt 0.783117 0.027458
vt 0.795628 0.956693
vt 0.920139 0.65747
vt 0.092961 0.684543
vt 0.496899 0.244838
vt 0.940272 0.473738
vt 0.940272 0.653556
vt 0.76426 0.019722
vt 0.826791 0.77428
vt 0.104474 0.67971
vt 0.501439 0.255783
vt 0.687876 0.114546
vt 0.793088 0.937912
vt 0.253681 0.2685
vt 0.781951 0.053958
vt 0.886714 0.061773
vt 0.783113 0.06486
vt 0.894198 0.070347
vt 0.26659 0.234143
vt 0.904606 0.0808
vt 0.26659 0.264252
vt 0.773201 0.042189
vt 0.81238 0.961887
vt 0.759777 0.048395
vt 0.819734 0.804085
vt 0.201934 0.956492
vt 0.764301 0.068856
vt 0.826791 0.823962
vt 0.26659 0.288206
vt 0.688219 0.095826
vt 0.81238 0.936334
vt 0.90519 0.050224
vt 0.679548 0.101315
vt 0.26659 0.246707
vt 0.693047 0.077725
vt 0.906047 0.068354
vt 0.045032 0.899116
vt 0.254884 0.238595
vt 0.684638 0.067214
vt 0.255166 0.246776
vt 0.681535 0.073961
vt 0.617529 0.035621
vt 0.677965 0.066896
vt 0.226962 0.874222
vt 0.378171 0.336147
vt 0.523236 0.857413
vt 0.547591 0.821488
vt 0.670727 0.379963
vt 0.385475 0.336841
vt 0.675888 0.375146
vt 0.187497 0.979543
vt 0.681378 0.368967
vt 0.74647 0.396283
vt 0.774695 0.268392
vt 0.100282 0.937358
vt 0.197146 0.98853
vt 0.546532 0.836648
vt 0.583453 0.190936
vt 0.684489 0.381873
vt 0.290007 0.44453
vt 0.529118 0.588191
vt 0.989928 0.401077
vt 0.995141 0.672234
vt 0.415222 0.282802
vt 0.497746 0.015269
vt 0.92406 0.342628
vt 0.502559 0.016212
vt 0.919402 0.344046
vt 0.927663 0.198142
vt 0.930119 0.412208
vt 0.287516 0.453943
vt 0.961887 0.922888
vt 0.997581 0.404101
vt 0.622589 0.075164
vt 0.675471 0.105884
vt 0.960755 0.914215
vt 0.977076 0.832917
vt 0.989928 0.405001
vt 0.996052 0.923978
vt 0.996904 0.675637
vt 0.534982 0.58596
vt 0.849055 0.935294
vt 0.958107 0.82026
vt 0.989928 0.920346
vt 0.989928 0.675637
vt 0.961887 0.822321
vt 0.981071 0.837585
vt 0.989928 0.924582
vt 0.12609 0.414671
vt 0.955006 0.92202
vt 0.96176 0.829589
vt 0.986005 0.832917
vt 0.668141 0.987878
vt 0.681933 0.987908
vt 0.982176 0.586118
vt 0.673065 0.98676
vt 0.977076 0.586418
vt 0.997414 0.460696
vt 0.668141 0.977076
vt 0.681933 0.977076
vt 0.989928 0.066901
vt 0.997073 0.612028
vt 0.67418 0.98081
vt 0.989928 0.612028
vt 0.99138 0.460696
vt 0.268593 0.991818
vt 0.307638 0.996858
vt 0.977076 0.193687
vt 0.67676 0.983709
vt 0.986446 0.581676
vt 0.986853 0.280063
vt 0.998512 0.066901
vt 0.982062 0.280647
vt 0.994716 0.069689
vt 0.981052 0.581273
vt 0.982551 0.284213
vt 0.530289 0.850195
vt 0.605195 0.08089
vt 0.841113 0.709707
vt 0.873136 0.002288
vt 0.977425 0.581273
vt 0.97891 0.284681
vt 0.994919 0.456509
vt 0.977076 0.280063
vt 0.989928 0.455636
vt 0.989957 0.071083
vt 0.994207 0.615
vt 0.631754 0.23295
vt 0.774553 0.393439
vt 0.774695 0.239448
vt 0.972695 0.635118
vt 0.170818 0.741736
vt 0.193158 0.398084
vt 0.222787 0.358178
vt 0.298338 0.727552
vt 0.642713 0.237639
vt 0.198142 0.396642
vt 0.250701 0.621444
vt 0.642279 0.243657
vt 0.825033 0.673038
vt 0.263484 0.991818
vt 0.980836 0.190315
vt 0.997954 0.226536
vt 0.986587 0.192644
vt 0.990279 0.857795
vt 0.997954 0.220346
vt 0.307545 0.991818
vt 0.977076 0.973071
vt 0.977993 0.198754
vt 0.312055 0.991818
vt 0.980234 0.976301
vt 0.989928 0.223238
vt 0.99626 0.863816
vt 0.512678 0.945729
vt 0.631472 0.251104
vt 0.96549 0.606911
vt 0.972695 0.650264
vt 0.985863 0.973071
vt 0.986759 0.198754
vt 0.989928 0.863816
vt 0.100282 0.961887
vt 0.520572 0.952881
vt 0.542304 0.862816
vt 0.744167 0.485892
vt 0.877227 0.018583
vt 0.957294 0.614239
vt 0.264195 0.99636
vt 0.994945 0.22341
vt 0.992091 0.221534
vt 0.994678 0.861578
vt 0.267942 0.996934
vt 0.312043 0.99477
vt 0.991645 0.225325
vt 0.520572 0.926319
vt 0.648463 0.257584
vt 0.838466 0.666351
vt 0.873136 0.045032
vt 0.590378 0.041964
vt 0.844804 0.668396
vt 0.200628 0.23899
vt 0.734925 0.583291
vt 0.309265 0.644768
vt 0.188862 0.253981
vt 0.207926 0.834275
vt 0.523236 0.808968
vt 0.628611 0.368562
vt 0.718235 0.594425
vt 0.950167 0.473026
vt 0.385475 0.293448
vt 0.632334 0.366523
vt 0.954682 0.474166
vt 0.356039 0.644532
vt 0.60987 0.389078
vt 0.372105 0.633933
vt 0.377439 0.645464
vt 0.607627 0.369907
vt 0.068086 0.464732
vt 0.353339 0.659271
vt 0.401851 0.482745
vt 0.626848 0.384988
vt 0.330957 0.646089
vt 0.338932 0.657059
vt 0.413696 0.476088
vt 0.311885 0.659271
vt 0.426181 0.453966
vt 0.097898 0.464732
vt 0.412624 0.458659
vt 0.075368 0.456755
vt 0.291592 0.651491
vt 0.441187 0.437469
vt 0.125763 0.456423
vt 0.418386 0.431251
vt 0.430104 0.428278
vt 0.109189 0.440717
vt 0.371911 0.785774
vt 0.116415 0.43924
vt 0.343731 0.90965
vt 0.37063 0.792566
vt 0.106552 0.453627
vt 0.134423 0.425663
vt 0.366282 0.908492
vt 0.741823 0.573881
vt 0.225433 0.507284
vt 0.44458 0.411983
vt 0.248138 0.513725
vt 0.445411 0.388747
vt 0.643761 0.414513
vt 0.429678 0.381339
vt 0.659674 0.423387
vt 0.430348 0.406029
vt 0.151245 0.438682
vt 0.418396 0.400213
vt 0.44883 0.703331
vt 0.554796 0.912806
vt 0.663296 0.843975
vt 0.833102 0.947004
vt 0.067835 0.977076
vt 0.45502 0.712935
vt 0.649356 0.977076
vt 0.844804 0.949278
vt 0.065574 0.981933
vt 0.223752 0.441299
vt 0.653688 0.979532
vt 0.005404 0.678403
vt 0.067835 0.989192
vt 0.148728 0.311436
vt 0.226962 0.434277
vt 0.421587 0.468714
vt 0.844168 0.937324
vt 0.180129 0.389177
vt 0.44273 0.71671
vt 0.14122 0.436179
vt 0.272164 0.601378
vt 0.284603 0.53328
vt 0.54904 0.925432
vt 0.83563 0.933342
vt 0.167992 0.415233
vt 0.413261 0.372837
vt 0.152203 0.299883
vt 0.420346 0.481249
vt 0.989928 0.484168
vt 0.277622 0.545319
vt 0.423302 0.484546
vt 0.844804 0.921608
vt 0.38507 0.31767
vt 0.657599 0.372467
vt 0.379247 0.317385
vt 0.525976 0.837842
vt 0.950167 0.498956
vt 0.197146 0.977076
vt 0.268116 0.058357
vt 0.578427 0.180855
vt 0.784624 0.267937
vt 0.327834 0.392425
vt 0.373794 0.699462
vt 0.709944 0.199072
vt 0.753644 0.867104
vt 0.924183 0.164674
vt 0.930119 0.443117
vt 0.417675 0.247455
vt 0.749757 0.864229
vt 0.92397 0.307806
vt 0.92459 0.97873
vt 0.977076 0.204681
vt 0.325672 0.395184
vt 0.919402 0.309694
vt 0.927663 0.163585
vt 0.928933 0.977076
vt 0.327834 0.406304
vt 0.378245 0.712349
vt 0.99848 0.021589
vt 0.297806 0.991818
vt 0.352395 0.977076
vt 0.631164 0.994085
vt 0.997465 0.473126
vt 0.00259 0.267746
vt 0.11168 0.942151
vt 0.590822 0.181965
vt 0.758342 0.469923
vt 0.127738 0.991818
vt 0.297372 0.996997
vt 0.705942 0.979235
vt 0.989928 0.553771
vt 0.99252 0.469681
vt 0.319913 0.403177
vt 0.766637 0.983204
vt 0.928933 0.987316
vt 0.986085 0.843179
vt 0.986908 0.201334
vt 0.347973 0.983305
vt 0.709888 0.977076
vt 0.989928 0.473126
vt 0.125787 0.997405
vt 0.294848 0.991818
vt 0.438271 0.104493
vt 0.628742 0.995635
vt 0.355332 0.978772
vt 0.434477 0.104904
vt 0.628742 0.991818
vt 0.016082 0.301035
vt 0.434442 0.996639
vt 0.858681 0.468048
vt 0.942073 0.197644
vt 0.130707 0.997405
vt 0.440302 0.10904
vt 0.99608 0.555862
vt 0.354967 0.98343
vt 0.435065 0.110092
vt 0.550553 0.995949
vt 0.019814 0.300541
vt 0.438063 0.995441
vt 0.943287 0.572151
vt 0.080939 0.931
vt 0.438063 0.99303
vt 0.945655 0.572483
vt 0.08466 0.931831
vt 0.406843 0.423648
vt 0.434442 0.991818
vt 0.937964 0.198676
vt 0.442725 0.110205
vt 0.708945 0.986285
vt 0.997251 0.553771
vt 0.437631 0.113125
vt 0.546741 0.995949
vt 0.43861 0.114931
vt 0.998369 0.054119
vt 0.1319 0.423302
vt 0.355332 0.988318
vt 0.434477 0.115165
vt 0.548063 0.991818
vt 0.998369 0.049756
vt 0.020243 0.251709
vt 0.587371 0.159199
vt 0.041633 0.991818
vt 0.71331 0.209546
vt 0.754739 0.855124
vt 0.980952 0.840165
vt 0.986908 0.206771
vt 0.041633 0.9968
vt 0.135097 0.407019
vt 0.759859 0.977076
vt 0.977076 0.843179
vt 0.03832 0.994315
vt 0.383771 0.709009
vt 0.709944 0.212552
vt 0.038174 0.997784
vt 0.131676 0.408205
vt 0.385475 0.711768
vt 0.989928 0.521411
vt 0.378951 0.715213
vt 0.989928 0.055681
vt 0.997233 0.521411
vt 0.03616 0.263217
vt 0.156861 0.932
vt 0.570601 0.245166
vt 0.135097 0.417994
vt 0.320149 0.410693
vt 0.349069 0.988424
vt 0.715143 0.977159
vt 0.759859 0.987608
vt 0.989928 0.021589
vt 0.130558 0.416045
vt 0.99061 0.050322
vt 0.995326 0.516221
vt 0.295891 0.059781
vt 0.785361 0.240029
vt 0.844599 0.462212
vt 0.961766 0.639636
vt 0.853029 0.463035
vt 0.924697 0.47034
vt 0.961915 0.647085
vt 0.963935 0.595138
vt 0.225161 0.367841
vt 0.299014 0.717721
vt 0.364331 0.987698
vt 0.280257 0.282578
vt 0.287682 0.71603
vt 0.368578 0.977076
vt 0.646776 0.987286
vt 0.193158 0.385321
vt 0.222787 0.371065
vt 0.250099 0.6091
vt 0.368578 0.988543
vt 0.64269 0.977076
vt 0.261042 0.609576
vt 0.284603 0.284603
vt 0.64269 0.988036
vt 0.262926 0.604875
vt 0.284603 0.279317
vt 0.958976 0.67188
vt 0.171122 0.933067
vt 0.328031 0.951079
vt 0.476541 0.60387
vt 0.580014 0.253727
vt 0.006052 0.284293
vt 0.758342 0.486347
vt 0.931265 0.467044
vt 0.957294 0.598734
vt 0.03248 0.275085
vt 0.488149 0.607034
vt 0.570601 0.257584
vt 0.044558 0.297212
vt 0.071363 0.216154
vt 0.855611 0.499745
vt 0.931265 0.500758
vt 0.167412 0.926611
vt 0.322342 0.944494
vt 0.251334 0.116878
vt 0.580421 0.120319
vt 0.056842 0.231699
vt 0.586732 0.117584
vt 0.16731 0.908178
vt 0.3237 0.926088
vt 0.140394 0.719157
vt 0.170245 0.902049
vt 0.32913 0.920081
vt 0.059978 0.25332
vt 0.156861 0.906253
vt 0.071104 0.253468
vt 0.142302 0.731322
vt 0.159493 0.896319
vt 0.340443 0.947007
vt 0.475757 0.591283
vt 0.94294 0.445153
vt 0.005404 0.695297
vt 0.158513 0.326033
vt 0.336197 0.083385
vt 0.571941 0.166005
vt 0.933066 0.334488
vt 0.989928 0.884887
vt 0.002543 0.693292
vt 0.226962 0.450322
vt 0.338104 0.086016
vt 0.455726 0.723801
vt 0.649356 0.988009
vt 0.313156 0.095191
vt 0.928463 0.335199
vt 0.993471 0.882402
vt 0.316826 0.096247
vt 0.342586 0.085877
vt 0.844599 0.504349
vt 0.996368 0.884887
vt 0.078922 0.214167
vt 0.849464 0.50295
vt 0.079257 0.197006
vt 0.345847 0.102241
vt 0.848978 0.520572
vt 0.091866 0.378955
vt 0.129965 0.713973
vt 0.340443 0.924468
vt 0.942748 0.422666
vt 0.178828 0.404308
vt 0.43225 0.726515
vt 0.513208 0.805175
vt 0.81765 0.93847
vt 0.995872 0.964712
vt 0.180129 0.40529
vt 0.313424 0.773646
vt 0.319118 0.121488
vt 0.337877 0.110139
vt 0.432844 0.72772
vt 0.986335 0.644674
vt 0.986491 0.626558
vt 0.996124 0.966256
vt 0.158513 0.295354
vt 0.407399 0.991818
vt 0.576412 0.192345
vt 0.977076 0.641032
vt 0.977076 0.626558
vt 0.995558 0.489389
vt 0.31214 0.127806
vt 0.571941 0.194539
vt 0.933066 0.367463
vt 0.977076 0.64594
vt 0.273796 0.619252
vt 0.405887 0.996086
vt 0.50733 0.804273
vt 0.554796 0.942073
vt 0.677284 0.870022
vt 0.74213 0.832195
vt 0.980674 0.623866
vt 0.989928 0.966256
vt 0.272164 0.619643
vt 0.284603 0.552995
vt 0.407399 0.996833
vt 0.413272 0.484546
vt 0.997336 0.484168
vt 0.046529 0.289449
vt 0.488149 0.587686
vt 0.954682 0.450322
vt 0.070391 0.279519
vt 0.080121 0.378955
vt 0.954682 0.424478
vt 0.077121 0.264549
vt 0.088859 0.392681
vt 0.129965 0.72872
vt 0.067745 0.296081
vt 0.071181 0.194312
vt 0.155205 0.997217
vt 0.285725 0.465864
vt 0.96036 0.934868
vt 0.150887 0.996681
vt 0.290007 0.466533
vt 0.534982 0.607034
vt 0.849055 0.958285
vt 0.12609 0.426905
vt 0.155205 0.991818
vt 0.955006 0.934186
vt 0.120813 0.425873
vt 0.149807 0.991823
vt 0.85381 0.957667
vt 0.958107 0.8394
vt 0.176526 0.136004
vt 0.350165 0.289174
vt 0.945675 0.457053
vt 0.19325 0.935304
vt 0.353052 0.281942
vt 0.943599 0.449678
vt 0.373794 0.716912
vt 0.443117 0.117084
vt 0.715143 0.987579
vt 0.994701 0.057432
vt 0.998157 0.02805
vt 0.173651 0.148663
vt 0.19634 0.955784
vt 0.943599 0.470136
vt 0.176526 0.151308
vt 0.19325 0.958285
vt 0.353052 0.304417
vt 0.019814 0.331106
vt 0.942506 0.599829
vt 0.994897 0.820295
vt 0.017135 0.331437
vt 0.864618 0.493733
vt 0.996552 0.818164
vt 0.080939 0.956483
vt 0.406843 0.453924
vt 0.947477 0.599829
vt 0.989928 0.820532
vt 0.408892 0.453886
vt 0.858681 0.495354
vt 0.942073 0.228763
vt 0.9904 0.818164
vt 0.396283 0.637012
vt 0.597294 0.351829
vt 0.060779 0.594169
vt 0.587924 0.332211
vt 0.599419 0.32821
vt 0.197249 0.662566
vt 0.593323 0.306873
vt 0.200369 0.68046
vt 0.593789 0.288254
vt 0.003357 0.418625
vt 0.606908 0.311848
vt 0.18886 0.681497
vt 0.605622 0.290207
vt 0.200417 0.698136
vt 0.529208 0.002555
vt 0.038824 0.452856
vt 0.616447 0.35951
vt 0.0501 0.435379
vt 0.118885 0.906482
vt 0.37063 0.726634
vt 0.055914 0.436992
vt 0.370679 0.73265
vt 0.041856 0.44395
vt 0.019068 0.442281
vt 0.607241 0.340256
vt 0.076881 0.444284
vt 0.37212 0.754662
vt 0.014612 0.427343
vt 0.612609 0.325058
vt 0.018767 0.417998
vt 0.031661 0.411441
vt 0.089437 0.913252
vt 0.573389 0.73429
vt 0.002768 0.396992
vt 0.616163 0.292973
vt 0.024507 0.383143
vt 0.573417 0.761451
vt 0.135096 0.732653
vt 0.27914 0.977076
vt 0.608518 0.930443
vt 0.243839 0.16921
vt 0.444918 0.441927
vt 0.583458 0.067535
vt 0.126912 0.733942
vt 0.286631 0.978583
vt 0.398616 0.53574
vt 0.066648 0.068449
vt 0.109 0.209705
vt 0.437484 0.448446
vt 0.590822 0.061111
vt 0.934868 0.74611
vt 0.246717 0.208979
vt 0.417899 0.192063
vt 0.444918 0.477119
vt 0.967291 0.043815
vt 0.437729 0.477341
vt 0.934868 0.778156
vt 0.962761 0.049465
vt 0.977076 0.028633
vt 0.06177 0.067458
vt 0.066648 0.90445
vt 0.192106 0.991818
vt 0.896568 0.677284
vt 0.929824 0.745937
vt 0.977076 0.117415
vt 0.149855 0.398842
vt 0.744406 0.602659
vt 0.16115 0.407598
vt 0.261026 0.002714
vt 0.27914 0.988574
vt 0.610636 0.94176
vt 0.261026 0.016212
vt 0.437752 0.005228
vt 0.603014 0.952881
vt 0.27656 0.986864
vt 0.437752 0.016212
vt 0.591632 0.952217
vt 0.884819 0.977076
vt 0.386851 0.608931
vt 0.585296 0.943326
vt 0.884714 0.987189
vt 0.135096 0.745733
vt 0.596907 0.924564
vt 0.790765 0.116788
vt 0.387721 0.621301
vt 0.585296 0.931006
vt 0.790765 0.129693
vt 0.153452 0.371521
vt 0.744349 0.630222
vt 0.01105 0.649279
vt 0.139359 0.34205
vt 0.906047 0.524174
vt 0.059596 0.911451
vt 0.987017 0.117415
vt 0.989928 0.700717
vt 0.001762 0.735642
vt 0.98169 0.11227
vt 0.996733 0.698237
vt 0.005404 0.740329
vt 0.054581 0.905674
vt 0.074731 0.07025
vt 0.996733 0.704361
vt 0.98651 0.458244
vt 0.986525 0.542217
vt 0.987087 0.089667
vt 0.048635 0.873624
vt 0.291739 0.160084
vt 0.268325 0.010256
vt 0.383566 0.542282
vt 0.446719 0.002428
vt 0.268392 0.001588
vt 0.285658 0.987288
vt 0.389848 0.53626
vt 0.267793 0.988519
vt 0.383566 0.553416
vt 0.445237 0.013454
vt 0.056184 0.900832
vt 0.077455 0.065467
vt 0.527296 0.720515
vt 0.051648 0.896669
vt 0.127891 0.057641
vt 0.533381 0.719571
vt 0.57461 0.729521
vt 0.981545 0.457866
vt 0.987087 0.085129
vt 0.532388 0.714697
vt 0.977674 0.454749
vt 0.267793 0.977076
vt 0.394482 0.611883
vt 0.394821 0.558399
vt 0.893178 0.987189
vt 0.564219 0.726122
vt 0.855611 0.933067
vt 0.977076 0.542217
vt 0.977076 0.089246
vt 0.566376 0.721646
vt 0.855573 0.928089
vt 0.90965 0.149507
vt 0.943789 0.338642
vt 0.854504 0.925129
vt 0.907683 0.146718
vt 0.128077 0.744821
vt 0.40529 0.54465
vt 0.783331 0.118378
vt 0.394482 0.621444
vt 0.404112 0.555521
vt 0.783966 0.12918
vt 0.075762 0.031831
vt 0.408017 0.202561
vt 0.525171 0.686604
vt 0.967291 0.057937
vt 0.408652 0.211018
vt 0.493697 0.157956
vt 0.533669 0.685766
vt 0.956483 0.290007
vt 0.048635 0.821571
vt 0.066648 0.865504
vt 0.066648 0.029958
vt 0.082142 0.46775
vt 0.127891 0.025661
vt 0.146154 0.226461
vt 0.269633 0.20804
vt 0.417899 0.214353
vt 0.493697 0.146438
vt 0.042559 0.837212
vt 0.086462 0.484192
vt 0.281281 0.195274
vt 0.575255 0.07327
vt 0.082142 0.486347
vt 0.136501 0.240976
vt 0.580014 0.073853
vt 0.121969 0.026835
vt 0.498312 0.149925
vt 0.57461 0.694661
vt 0.949278 0.310656
vt 0.001589 0.731831
vt 0.192106 0.996845
vt 0.977903 0.112436
vt 0.075817 0.06186
vt 0.526271 0.716898
vt 0.004416 0.735139
vt 0.071418 0.065391
vt 0.005404 0.731656
vt 0.071472 0.06186
vt 0.195498 0.993082
vt 0.261187 0.921631
vt 0.898842 0.673572
vt 0.075119 0.059281
vt 0.525171 0.714434
vt 0.005221 0.72779
vt 0.071751 0.057954
vt 0.196869 0.997164
vt 0.257108 0.9225
vt 0.332686 0.996884
vt 0.982096 0.450642
vt 0.992655 0.826931
vt 0.332686 0.991818
vt 0.534982 0.711237
vt 0.955489 0.264626
vt 0.977076 0.450642
vt 0.984246 0.546915
vt 0.985149 0.452887
vt 0.99647 0.826931
vt 0.849796 0.93107
vt 0.980439 0.547184
vt 0.996469 0.823112
vt 0.849593 0.927258
vt 0.992654 0.823112
vt 0.114664 0.2493
vt 0.336085 0.994514
vt 0.850194 0.924584
vt 0.951452 0.264181
vt 0.989928 0.8235
vt 0.261187 0.949278
vt 0.896568 0.645887
vt 0.928844 0.776875
vt 0.983124 0.029622
vt 0.071418 0.031831
vt 0.257138 0.948953
vt 0.963458 0.059442
vt 0.987348 0.028633
vt 0.497883 0.160315
vt 0.852271 0.899476
vt 0.951452 0.289606
vt 0.498956 0.157375
vt 0.855611 0.900049
vt 0.90965 0.121395
vt 0.942044 0.310656
vt 0.192692 0.713613
vt 0.542187 0.013493
vt 0.564523 0.237641
vt 0.201128 0.723593
vt 0.552946 0.231638
vt 0.186843 0.699377
vt 0.529208 0.018013
vt 0.576412 0.244975
vt 0.614027 0.276289
vt 0.010545 0.38364
vt 0.004172 0.364051
vt 0.575709 0.228545
vt 0.626848 0.265631
vt 0.022508 0.347864
vt 0.922332 0.53138
vt 0.028775 0.360797
vt 0.57461 0.784201
vt 0.031039 0.353378
vt 0.088412 0.683776
vt 0.573395 0.791818
vt 0.931265 0.525814
vt 0.010702 0.736811
vt 0.052517 0.33202
vt 0.085274 0.653812
vt 0.922332 0.497053
vt 0.201306 0.745626
vt 0.548401 0.211107
vt 0.562782 0.221224
vt 0.018081 0.336584
vt 0.568515 0.200909
vt 0.546424 0.185741
vt 0.537023 0.165286
vt 0.549638 0.165792
vt 0.557821 0.196056
vt 0.045357 0.323378
vt 0.039997 0.31635
vt 0.566718 0.171231
vt 0.560905 0.172292
vt 0.008169 0.707576
vt 0.083605 0.318619
vt 0.008078 0.699477
vt 0.091668 0.319352
vt 0.009219 0.676162
vt 0.114445 0.32464
vt 0.120533 0.313407
vt 0.12192 0.303741
vt 0.334999 0.489891
vt 0.547661 0.147737
vt 0.874544 0.140192
vt 0.936669 0.906857
vt 0.951079 0.630546
vt 0.136172 0.482745
vt 0.643059 0.830472
vt 0.930918 0.908844
vt 0.946057 0.632252
vt 0.081342 0.309302
vt 0.559238 0.150084
vt 0.066109 0.303545
vt 0.569255 0.142671
vt 0.233694 0.609796
vt 0.558169 0.13003
vt 0.193801 0.611916
vt 0.349902 0.502827
vt 0.218416 0.619919
vt 0.094605 0.300173
vt 0.355213 0.479628
vt 0.576412 0.117882
vt 0.186544 0.486664
vt 0.604282 0.838222
vt 0.828925 0.944748
vt 0.036026 0.365661
vt 0.194539 0.494219
vt 0.611406 0.846605
vt 0.898136 0.932447
vt 0.961887 0.861728
vt 0.213549 0.606645
vt 0.362059 0.488719
vt 0.566314 0.113355
vt 0.032406 0.358041
vt 0.614089 0.838299
vt 0.930528 0.93847
vt 0.036026 0.353359
vt 0.852314 0.889836
vt 0.891248 0.921048
vt 0.904246 0.147706
vt 0.936669 0.937626
vt 0.495697 0.911608
vt 0.855611 0.889727
vt 0.889772 0.253981
vt 0.892871 0.9184
vt 0.498163 0.900708
vt 0.86012 0.733105
vt 0.900643 0.252924
vt 0.432726 0.920238
vt 0.500861 0.900644
vt 0.862816 0.733124
vt 0.186544 0.507963
vt 0.318498 0.25218
vt 0.574962 0.005018
vt 0.830393 0.965649
vt 0.957034 0.875672
vt 0.203545 0.265072
vt 0.580014 0.002315
vt 0.627203 0.942073
vt 0.911451 0.945675
vt 0.961887 0.879028
vt 0.244975 0.880335
vt 0.754277 0.317138
vt 0.217852 0.931198
vt 0.541761 0.977343
vt 0.886714 0.097269
vt 0.977076 0.64852
vt 0.201934 0.933393
vt 0.785217 0.077455
vt 0.896528 0.083375
vt 0.265064 0.216652
vt 0.547978 0.977076
vt 0.892412 0.095099
vt 0.25808 0.211282
vt 0.344215 0.477341
vt 0.543845 0.985201
vt 0.575283 0.196331
vt 0.301954 0.05192
vt 0.347648 0.476853
vt 0.541761 0.988074
vt 0.986184 0.64852
vt 0.030097 0.922271
vt 0.255972 0.213328
vt 0.578213 0.196155
vt 0.244975 0.622808
vt 0.296244 0.248578
vt 0.309705 0.036607
vt 0.344215 0.461077
vt 0.576019 0.213173
vt 0.018013 0.958285
vt 0.045032 0.933066
vt 0.242625 0.623245
vt 0.578213 0.214353
vt 0.63045 0.001418
vt 0.695297 0.037875
vt 0.725832 0.888034
vt 0.300012 0.248023
vt 0.313547 0.036279
vt 0.689893 0.643059
vt 0.343591 0.018338
vt 0.922113 0.89309
vt 0.1265 0.956085
vt 0.296244 0.224554
vt 0.479792 0.952411
vt 0.590913 0.977076
vt 0.860969 0.582226
vt 0.018013 0.935273
vt 0.584693 0.979466
vt 0.747534 0.879794
vt 0.861746 0.575498
vt 0.278336 0.608835
vt 0.491957 0.891169
vt 0.835729 0.012459
vt 0.133295 0.958285
vt 0.321683 0.025464
vt 0.485901 0.949832
vt 0.01782 0.945837
vt 0.242625 0.609334
vt 0.298301 0.234634
vt 0.590913 0.988045
vt 0.302616 0.234181
vt 0.491751 0.952881
vt 0.676636 0.643059
vt 0.014661 0.946438
vt 0.738108 0.884643
vt 0.133295 0.938955
vt 0.333999 0.011809
vt 0.920998 0.882004
vt 0.345801 0.014553
vt 0.681666 0.848868
vt 0.926914 0.890325
vt 0.127481 0.937097
vt 0.233759 0.891443
vt 0.500758 0.897041
vt 0.837598 0.001674
vt 0.877227 0.590822
vt 0.129122 0.933106
vt 0.238698 0.891637
vt 0.685979 0.837421
vt 0.745595 0.326033
vt 0.927663 0.878697
vt 0.230216 0.885997
vt 0.498536 0.89095
vt 0.086462 0.21381
vt 0.095468 0.205347
vt 0.282509 0.72772
vt 0.499527 0.473318
vt 0.540306 0.290007
vt 0.723364 0.48465
vt 0.977076 0.63658
vt 0.08238 0.216154
vt 0.18193 0.74213
vt 0.287217 0.727049
vt 0.460378 0.28138
vt 0.729521 0.48465
vt 0.825033 0.653346
vt 0.982217 0.638452
vt 0.2666 0.621444
vt 0.466533 0.28138
vt 0.828822 0.657605
vt 0.293011 0.557276
vt 0.507963 0.479142
vt 0.569207 0.00961
vt 0.707039 0.344676
vt 0.827253 0.648921
vt 0.986512 0.63658
vt 0.295173 0.564261
vt 0.287563 0.568041
vt 0.716912 0.33925
vt 0.739471 0.840952
vt 0.837598 0.054039
vt 0.877227 0.538782
vt 0.584618 0.025986
vt 0.716912 0.354273
vt 0.725832 0.836094
vt 0.841665 0.651027
vt 0.710844 0.354854
vt 0.836501 0.652616
vt 0.704534 0.842837
vt 0.514206 0.712777
vt 0.746545 0.652411
vt 0.904932 0.619643
vt 0.907849 0.299014
vt 0.495448 0.715559
vt 0.732966 0.638002
vt 0.888034 0.93545
vt 0.488824 0.710492
vt 0.883482 0.942646
vt 0.003088 0.505244
vt 0.169536 0.4956
vt 0.781758 0.308751
vt 0.174725 0.498447
vt 0.458193 0.701501
vt 0.378061 0.977076
vt 0.71146 0.837421
vt 0.766801 0.314896
vt 0.166755 0.505693
vt 0.381968 0.980902
vt 0.770025 0.310168
vt 0.174725 0.507963
vt 0.378061 0.988527
vt 0.458905 0.711137
vt 0.721526 0.843022
vt 0.462182 0.707777
vt 0.473342 0.712064
vt 0.888034 0.956483
vt 0.473413 0.7217
vt 0.722316 0.860458
vt 0.71717 0.871649
vt 0.402245 0.004445
vt 0.713026 0.113396
vt 0.394285 0.001373
vt 0.706442 0.109085
vt 0.708444 0.889836
vt 0.498321 0.738528
vt 0.710018 0.103063
vt 0.715242 0.888025
vt 0.489465 0.732174
vt 0.719797 0.878236
vt 0.680886 0.588991
vt 0.760915 0.941631
vt 0.985509 0.347935
vt 0.680886 0.581218
vt 0.977076 0.911726
vt 0.977076 0.595183
vt 0.986658 0.355651
vt 0.247241 0.053397
vt 0.762079 0.930237
vt 0.977076 0.355651
vt 0.986388 0.595183
vt 0.249775 0.988507
vt 0.631431 0.981436
vt 0.675009 0.594425
vt 0.704303 0.144103
vt 0.767348 0.945675
vt 0.674349 0.589376
vt 0.704022 0.139045
vt 0.977881 0.780312
vt 0.982475 0.788598
vt 0.986108 0.808356
vt 0.997037 0.621207
vt 0.246753 0.060416
vt 0.249775 0.977076
vt 0.767348 0.934289
vt 0.421471 0.986086
vt 0.577447 0.977076
vt 0.661331 0.995387
vt 0.712298 0.994934
vt 0.977076 0.402843
vt 0.66373 0.992956
vt 0.711932 0.991818
vt 0.786971 0.991818
vt 0.977076 0.808356
vt 0.977076 0.782893
vt 0.977076 0.661816
vt 0.991329 0.445508
vt 0.979973 0.811814
vt 0.989928 0.441213
vt 0.989928 0.588143
vt 0.991467 0.61758
vt 0.980602 0.658321
vt 0.989928 0.870182
vt 0.995755 0.444458
vt 0.982731 0.754154
vt 0.989928 0.866396
vt 0.997087 0.588143
vt 0.99746 0.441213
vt 0.985606 0.780312
vt 0.989928 0.621207
vt 0.990918 0.58435
vt 0.98604 0.775988
vt 0.98629 0.756922
vt 0.995081 0.584279
vt 0.6732 0.582838
vt 0.703263 0.132419
vt 0.977076 0.77351
vt 0.977076 0.756922
vt 0.98607 0.782893
vt 0.986363 0.661816
vt 0.996352 0.868141
vt 0.268392 0.44773
vt 0.619345 0.977076
vt 0.67418 0.578046
vt 0.704303 0.127563
vt 0.977076 0.903934
vt 0.267705 0.454334
vt 0.697999 0.13171
vt 0.25218 0.050111
vt 0.516901 0.103203
vt 0.611587 0.985421
vt 0.984396 0.588998
vt 0.98576 0.907755
vt 0.061456 0.977076
vt 0.418425 0.98848
vt 0.71395 0.991818
vt 0.784924 0.991818
vt 0.313711 0.482745
vt 0.635446 0.942955
vt 0.646662 0.001944
vt 0.027019 0.970894
vt 0.075777 0.958375
vt 0.303005 0.481435
vt 0.6264 0.948852
vt 0.25767 0.450658
vt 0.524809 0.104675
vt 0.619345 0.987912
vt 0.230216 0.84283
vt 0.322808 0.60293
vt 0.500758 0.850346
vt 0.745595 0.27778
vt 0.232366 0.898892
vt 0.330397 0.596496
vt 0.016654 0.967242
vt 0.625087 0.959742
vt 0.891259 0.896933
vt 0.33486 0.572728
vt 0.526654 0.022772
vt 0.238219 0.016212
vt 0.633989 0.96549
vt 0.881574 0.897041
vt 0.897041 0.403488
vt 0.423125 0.698772
vt 0.843002 0.918485
vt 0.431496 0.360597
vt 0.651651 0.442882
vt 0.640858 0.011358
vt 0.986427 0.603045
vt 0.98694 0.099275
vt 0.996929 0.609448
vt 0.977076 0.321705
vt 0.986806 0.092247
vt 0.989928 0.608773
vt 0.977076 0.092247
vt 0.986813 0.321705
vt 0.989948 0.933179
vt 0.315225 0.465039
vt 0.646662 0.019814
vt 0.960086 0.529639
vt 0.977076 0.603045
vt 0.934284 0.725657
vt 0.953605 0.529543
vt 0.977811 0.098229
vt 0.980869 0.597763
vt 0.989928 0.927162
vt 0.636589 0.003999
vt 0.644861 0.948448
vt 0.972695 0.616941
vt 0.63488 0.01283
vt 0.969927 0.624767
vt 0.985937 0.245305
vt 0.996929 0.603329
vt 0.977077 0.3265
vt 0.986809 0.251788
vt 0.990376 0.603972
vt 0.977076 0.251788
vt 0.986814 0.3265
vt 0.994775 0.933179
vt 0.940272 0.725919
vt 0.946772 0.879028
vt 0.96972 0.63183
vt 0.977851 0.245755
vt 0.995962 0.927162
vt 0.882908 0.385012
vt 0.952881 0.878542
vt 0.963576 0.632252
vt 0.075777 0.972695
vt 0.30675 0.464938
vt 0.653867 0.943874
vt 0.052311 0.95554
vt 0.315225 0.434493
vt 0.960086 0.554796
vt 0.059769 0.951049
vt 0.306532 0.434517
vt 0.027019 0.955818
vt 0.084661 0.970044
vt 0.645155 0.940796
vt 0.895239 0.880041
vt 0.134052 0.020727
vt 0.243174 0.001324
vt 0.885565 0.879946
vt 0.351056 0.572819
vt 0.510479 0.022491
vt 0.837528 0.712044
vt 0.066874 0.969341
vt 0.891736 0.355587
vt 0.488381 0.030303
vt 0.065724 0.951764
vt 0.301625 0.43298
vt 0.653867 0.915642
vt 0.894847 0.848116
vt 0.07025 0.956067
vt 0.888847 0.848897
vt 0.07025 0.96452
vt 0.134052 0.046833
vt 0.881574 0.848884
vt 0.897041 0.355343
vt 0.283929 0.715387
vt 0.725533 0.497155
vt 0.984869 0.720185
vt 0.989928 0.988942
vt 0.461049 0.293184
vt 0.728841 0.496411
vt 0.992697 0.987333
vt 0.25218 0.064846
vt 0.256198 0.980721
vt 0.516901 0.117817
vt 0.061456 0.989238
vt 0.281482 0.271914
vt 0.282509 0.706917
vt 0.418425 0.977076
vt 0.955957 0.664369
vt 0.977076 0.720185
vt 0.986733 0.402843
vt 0.268392 0.600713
vt 0.577447 0.988197
vt 0.960086 0.664903
vt 0.977085 0.723982
vt 0.986587 0.407099
vt 0.259112 0.983826
vt 0.338961 0.977076
vt 0.520925 0.118885
vt 0.621925 0.9878
vt 0.258445 0.459886
vt 0.345394 0.981343
vt 0.525976 0.113818
vt 0.265999 0.6091
vt 0.464641 0.29361
vt 0.986176 0.726105
vt 0.996073 0.988942
vt 0.268392 0.461129
vt 0.338961 0.988489
vt 0.621925 0.977076
vt 0.696283 0.138488
vt 0.310998 0.565751
vt 0.550836 0.017539
vt 0.062994 0.978882
vt 0.57409 0.978071
vt 0.661331 0.991818
vt 0.785483 0.994357
vt 0.960086 0.654308
vt 0.644861 0.961359
vt 0.885768 0.402848
vt 0.959866 0.616941
vt 0.323311 0.596004
vt 0.037827 0.305405
vt 0.230206 0.923204
vt 0.354621 0.596721
vt 0.747834 0.248892
vt 0.144103 0.021681
vt 0.23314 0.001324
vt 0.892238 0.386936
vt 0.495401 0.0175
vt 0.842931 0.726114
vt 0.031579 0.505847
vt 0.779112 0.275431
vt 0.028513 0.492473
vt 0.765725 0.278035
vt 0.068889 0.509097
vt 0.081915 0.513043
vt 0.814182 0.893417
vt 0.023269 0.295411
vt 0.063848 0.48964
vt 0.766104 0.244452
vt 0.073609 0.488663
vt 0.457527 0.933666
vt 0.10348 0.511178
vt 0.797509 0.910992
vt 0.100427 0.492962
vt 0.431337 0.925914
vt 0.648463 0.530249
vt 0.811366 0.92049
vt 0.108739 0.496811
vt 0.800296 0.924288
vt 0.814666 0.072051
vt 0.803631 0.929464
vt 0.80939 0.070465
vt 0.983187 0.578693
vt 0.643359 0.535585
vt 0.814182 0.92769
vt 0.977076 0.57088
vt 0.033061 0.311876
vt 0.232366 0.931265
vt 0.362079 0.595815
vt 0.023269 0.318828
vt 0.071542 0.469249
vt 0.372724 0.598749
vt 0.457527 0.953727
vt 0.386095 0.588249
vt 0.837528 0.751137
vt 0.382869 0.600558
vt 0.447242 0.956483
vt 0.387807 0.583313
vt 0.472873 0.00744
vt 0.676372 0.695297
vt 0.843002 0.750137
vt 0.397376 0.60824
vt 0.43139 0.953951
vt 0.648463 0.558399
vt 0.407091 0.608835
vt 0.63884 0.556924
vt 0.783542 0.378713
vt 0.643616 0.461116
vt 0.390457 0.691886
vt 0.235301 0.502934
vt 0.654998 0.481855
vt 0.222423 0.483039
vt 0.415803 0.351565
vt 0.662874 0.457167
vt 0.176526 0.387277
vt 0.235787 0.479628
vt 0.401851 0.349475
vt 0.396409 0.713587
vt 0.516969 0.764909
vt 0.81765 0.902889
vt 0.513051 0.764308
vt 0.740026 0.794099
vt 0.166861 0.369085
vt 0.247788 0.493095
vt 0.50733 0.737671
vt 0.651129 0.541087
vt 0.72972 0.769246
vt 0.374888 0.695695
vt 0.51007 0.737096
vt 0.653867 0.542187
vt 0.051069 0.961924
vt 0.932967 0.695158
vt 0.953605 0.5547
vt 0.054269 0.968494
vt 0.940272 0.694428
vt 0.946772 0.852699
vt 0.059593 0.970894
vt 0.884616 0.355211
vt 0.952595 0.85374
vt 0.408892 0.316164
vt 0.649428 0.500785
vt 0.271011 0.517392
vt 0.653551 0.519757
vt 0.153836 0.36241
vt 0.741823 0.639358
vt 0.881033 0.524174
vt 0.260104 0.504585
vt 0.398181 0.326033
vt 0.662874 0.506135
vt 0.173664 0.359946
vt 0.258732 0.488785
vt 0.149451 0.334433
vt 0.163328 0.336779
vt 0.283136 0.493968
vt 0.286234 0.504198
vt 0.30864 0.834931
vt 0.320629 0.849765
vt 0.335039 0.183643
vt 0.079257 0.1277
vt 0.138562 0.297212
vt 0.180129 0.367463
vt 0.313424 0.835797
vt 0.316084 0.850207
vt 0.336197 0.171122
vt 0.449033 0.038935
vt 0.118285 0.500651
vt 0.815983 0.061702
vt 0.284397 0.859214
vt 0.634675 0.531814
vt 0.802068 0.065814
vt 0.803374 0.360786
vt 0.986344 0.57088
vt 0.407135 0.048392
vt 0.686435 0.620524
vt 0.41571 0.029886
vt 0.694447 0.640499
vt 0.291808 0.80349
vt 0.80517 0.00933
vt 0.287021 0.803922
vt 0.70713 0.614409
vt 0.786016 0.307564
vt 0.284397 0.801659
vt 0.704441 0.612967
vt 0.289239 0.801325
vt 0.709336 0.612222
vt 0.802068 0.007558
vt 0.171122 0.515097
vt 0.245464 0.235969
vt 0.709707 0.602621
vt 0.811697 0.002831
vt 0.369975 0.297004
vt 0.705939 0.635913
vt 0.778572 0.327773
vt 0.369975 0.344046
vt 0.405963 0.604058
vt 0.702064 0.684847
vt 0.778572 0.380072
vt 0.374668 0.317562
vt 0.782223 0.350842
vt 0.288686 0.51669
vt 0.15054 0.611049
vt 0.31024 0.512911
vt 0.146245 0.316252
vt 0.30983 0.495152
vt 0.170005 0.606645
vt 0.327668 0.504107
vt 0.174107 0.619771
vt 0.334944 0.516704
vt 0.005404 0.902331
vt 0.344313 0.96549
vt 0.578897 0.83616
vt 0.180129 0.297232
vt 0.341716 0.953939
vt 0.590364 0.838661
vt 0.815206 0.944699
vt 0.177037 0.290382
vt 0.347648 0.949134
vt 0.481869 0.352704
vt 0.495697 0.934868
vt 0.627203 0.909419
vt 0.911451 0.913865
vt 0.17353 0.303165
vt 0.002127 0.902445
vt 0.347648 0.964754
vt 0.497155 0.356655
vt 0.55136 0.421501
vt 0.464732 0.920457
vt 0.477962 0.344795
vt 0.50436 0.932955
vt 0.168889 0.316348
vt 0.316084 0.790702
vt 0.335039 0.244339
vt 0.815206 0.967291
vt 0.164712 0.315907
vt 0.199515 0.280665
vt 0.639457 0.934858
vn 0.427099 -0.839499 0.335899
vn 0.426915 -0.903833 0.028801
vn 0.426915 -0.903833 0.028801
vn 0.426915 -0.903833 0.028801
vn 0.240194 -0.733282 0.636085
vn 0.1841 -0.922598 0.338999
vn 0.2523 -0.966299 0.0511
vn 0.2523 -0.966299 0.0511
vn -0.0017 -0.764601 0.644501
vn 0.0647 -0.9957 0.0663
vn 0.0647 -0.9957 0.0663
vn 0.0647 -0.9957 0.0663
vn -0.078798 -0.923674 0.374989
vn -0.078798 -0.923674 0.374989
vn -0.169093 -0.98526 0.025899
vn -0.169093 -0.98526 0.025899
vn -0.217297 -0.68479 0.69559
vn -0.217297 -0.68479 0.69559
vn -0.217297 -0.68479 0.69559
vn -0.217297 -0.68479 0.69559
vn -0.217297 -0.68479 0.69559
vn -0.324507 -0.87922 0.348808
vn -0.324507 -0.87922 0.348808
vn -0.438909 -0.897918 0.033201
vn 0.321397 -0.201798 0.925192
vn 0.321397 -0.201798 0.925192
vn 0.321397 -0.201798 0.925192
vn 0.679992 -0.437095 0.588693
vn 0.679992 -0.437095 0.588693
vn 0.679992 -0.437095 0.588693
vn 0.608507 -0.607707 0.510306
vn 0.608507 -0.607707 0.510306
vn 0.627634 -0.777142 0.046103
vn 0.627634 -0.777142 0.046103
vn 0.782087 -0.58059 0.226396
vn 0.333314 -0.108605 0.93654
vn 0.333314 -0.108605 0.93654
vn -0.238406 0.088502 0.967125
vn -0.238406 0.088502 0.967125
vn -0.238406 0.088502 0.967125
vn 0.77271 -0.316704 0.550107
vn 0.77271 -0.316704 0.550107
vn 0.860876 -0.471487 0.191295
vn 0.786078 -0.084798 0.612283
vn 0.786078 -0.084798 0.612283
vn 0.952598 -0.2118 0.2184
vn 0.952598 -0.2118 0.2184
vn -0.227292 0.128095 -0.965365
vn -0.227292 0.128095 -0.965365
vn -0.227292 0.128095 -0.965365
vn -0.952599 0.2819 0.1144
vn -0.952599 0.2819 0.1144
vn -0.952599 0.2819 0.1144
vn -0.952599 0.2819 0.1144
vn -0.905316 0.052301 0.421507
vn -0.905316 0.052301 0.421507
vn -0.905316 0.052301 0.421507
vn 0.236389 -0.319985 0.917458
vn 0.236389 -0.319985 0.917458
vn -0.139896 0.164695 0.976373
vn -0.139896 0.164695 0.976373
vn 0.0625 -0.369302 0.927205
vn 0.0625 -0.369302 0.927205
vn -0.065697 0.236691 0.969361
vn -0.065697 0.236691 0.969361
vn 0.383289 -0.671681 0.633982
vn -0.519686 0.771379 0.36729
vn -0.519686 0.771379 0.36729
vn -0.519686 0.771379 0.36729
vn -0.519686 0.771379 0.36729
vn -0.209798 0.808592 0.549694
vn -0.209798 0.808592 0.549694
vn -0.209798 0.808592 0.549694
vn -0.209798 0.808592 0.549694
vn 0.0557 -0.03 0.997997
vn 0.87279 -0.466495 0.143598
vn 0.87279 -0.466495 0.143598
vn -0.633221 0.60032 0.488516
vn -0.633221 0.60032 0.488516
vn -0.633221 0.60032 0.488516
vn -0.633221 0.60032 0.488516
vn -0.633221 0.60032 0.488516
vn 0.319504 0.0227 0.947313
vn 0.319504 0.0227 0.947313
vn -0.233503 -0.0218 0.972112
vn -0.233503 -0.0218 0.972112
vn 0.990662 -0.025199 0.133995
vn 0.990662 -0.025199 0.133995
vn 0.990662 -0.025199 0.133995
vn 0.990662 -0.025199 0.133995
vn 0.740906 0.110801 0.662406
vn 0.964369 0.124396 0.233492
vn 0.964369 0.124396 0.233492
vn 0.965362 0.25679 -0.046198
vn 0.965362 0.25679 -0.046198
vn 0.965362 0.25679 -0.046198
vn 0.965362 0.25679 -0.046198
vn -0.852999 -0.1127 0.509599
vn -0.852999 -0.1127 0.509599
vn -0.852999 -0.1127 0.509599
vn 0.327599 0.1288 0.935997
vn 0.327599 0.1288 0.935997
vn -0.268397 -0.141298 0.952889
vn -0.268397 -0.141298 0.952889
vn 0.217502 0.214902 0.952108
vn 0.217502 0.214902 0.952108
vn 0.804724 0.311409 0.505415
vn 0.875226 0.479514 0.063602
vn 0.875226 0.479514 0.063602
vn 0.875226 0.479514 0.063602
vn 0.756318 0.549113 0.355609
vn 0.756318 0.549113 0.355609
vn 0.584694 0.427795 0.689293
vn 0.584694 0.427795 0.689293
vn 0.507708 0.576509 0.64021
vn 0.507708 0.576509 0.64021
vn 0.507708 0.576509 0.64021
vn 0.740671 0.644475 0.189893
vn 0.740671 0.644475 0.189893
vn -0.129303 -0.234306 0.963525
vn -0.129303 -0.234306 0.963525
vn -0.129303 -0.234306 0.963525
vn -0.129303 -0.234306 0.963525
vn 0.482085 -0.519784 0.705279
vn 0.482085 -0.519784 0.705279
vn 0.482085 -0.519784 0.705279
vn 0.482085 -0.519784 0.705279
vn -0.752028 -0.463217 0.468917
vn -0.752028 -0.463217 0.468917
vn -0.752028 -0.463217 0.468917
vn -0.752028 -0.463217 0.468917
vn -0.752028 -0.463217 0.468917
vn -0.752028 -0.463217 0.468917
vn -0.630196 -0.620296 0.466997
vn -0.630196 -0.620296 0.466997
vn -0.630196 -0.620296 0.466997
vn -0.630196 -0.620296 0.466997
vn -0.630196 -0.620296 0.466997
vn -0.630196 -0.620296 0.466997
vn -0.948408 0.314403 0.0409
vn -0.948408 0.314403 0.0409
vn -0.948408 0.314403 0.0409
vn -0.948408 0.314403 0.0409
vn -0.327791 -0.790877 0.516785
vn -0.327791 -0.790877 0.516785
vn -0.327791 -0.790877 0.516785
vn 0.352698 -0.714697 0.603997
vn 0.352698 -0.714697 0.603997
vn 0.352698 -0.714697 0.603997
vn -0.592201 -0.541301 0.596901
vn -0.592201 -0.541301 0.596901
vn -0.592201 -0.541301 0.596901
vn -0.592201 -0.541301 0.596901
vn -0.0468 -0.7975 0.6015
vn -0.0468 -0.7975 0.6015
vn -0.0468 -0.7975 0.6015
vn -0.048901 -0.348006 0.936216
vn -0.048901 -0.348006 0.936216
vn 0.093101 0.285302 0.953905
vn 0.093101 0.285302 0.953905
vn 0.093101 0.285302 0.953905
vn 0.189199 0.0219 -0.981695
vn 0.189199 0.0219 -0.981695
vn 0.189199 0.0219 -0.981695
vn 0.189199 0.0219 -0.981695
vn -0.844992 0.377796 0.378496
vn -0.844992 0.377796 0.378496
vn -0.844992 0.377796 0.378496
vn -0.844992 0.377796 0.378496
vn 0.135603 0.874219 0.46621
vn 0.135603 0.874219 0.46621
vn 0.135603 0.874219 0.46621
vn 0.135603 0.874219 0.46621
vn 0.135603 0.874219 0.46621
vn 0.400916 0.807532 0.432617
vn 0.400916 0.807532 0.432617
vn 0.400916 0.807532 0.432617
vn 0.400916 0.807532 0.432617
vn 0.400916 0.807532 0.432617
vn 0.400916 0.807532 0.432617
vn 0.210199 -0.844198 0.493099
vn 0.210199 -0.844198 0.493099
vn 0.275485 -0.908652 0.313783
vn 0.275485 -0.908652 0.313783
vn 0.275485 -0.908652 0.313783
vn -0.612724 -0.677126 0.407516
vn -0.612724 -0.677126 0.407516
vn -0.612724 -0.677126 0.407516
vn 0.867113 -0.453107 0.206903
vn 0.867113 -0.453107 0.206903
vn 0.867113 -0.453107 0.206903
vn -0.912014 0.400606 -0.088001
vn -0.912014 0.400606 -0.088001
vn 0.320996 -0.915588 0.242197
vn 0.320996 -0.915588 0.242197
vn 0.320996 -0.915588 0.242197
vn 0.320996 -0.915588 0.242197
vn 0.928774 -0.35679 0.100397
vn 0.928774 -0.35679 0.100397
vn -0.613903 -0.444402 0.652403
vn -0.613903 -0.444402 0.652403
vn -0.613903 -0.444402 0.652403
vn -0.613903 -0.444402 0.652403
vn -0.087902 -0.838215 -0.538209
vn -0.087902 -0.838215 -0.538209
vn -0.087902 -0.838215 -0.538209
vn -0.449005 -0.85971 0.243503
vn -0.449005 -0.85971 0.243503
vn -0.214596 -0.362893 0.906784
vn -0.214596 -0.362893 0.906784
vn -0.214596 -0.362893 0.906784
vn 0.143703 0.172803 0.974417
vn 0.143703 0.172803 0.974417
vn 0.535479 0.666274 0.51898
vn 0.535479 0.666274 0.51898
vn 0.535479 0.666274 0.51898
vn -0.489513 -0.731519 0.474612
vn -0.489513 -0.731519 0.474612
vn -0.520195 -0.550095 0.653294
vn -0.520195 -0.550095 0.653294
vn -0.520195 -0.550095 0.653294
vn -0.520195 -0.550095 0.653294
vn -0.599121 -0.768127 0.225908
vn -0.124696 -0.090397 0.988068
vn -0.124696 -0.090397 0.988068
vn 0.014 -0.998998 -0.0425
vn 0.014 -0.998998 -0.0425
vn 0.672511 0.548009 0.497408
vn 0.672511 0.548009 0.497408
vn 0.672511 0.548009 0.497408
vn 0.672511 0.548009 0.497408
vn -0.21861 -0.186408 0.957842
vn -0.21861 -0.186408 0.957842
vn -0.724731 -0.68103 -0.104705
vn -0.724731 -0.68103 -0.104705
vn 0.73861 0.289704 0.608709
vn 0.73861 0.289704 0.608709
vn 0.73861 0.289704 0.608709
vn 0.73861 0.289704 0.608709
vn 0.73861 0.289704 0.608709
vn 0.797055 -0.007 0.603866
vn 0.797055 -0.007 0.603866
vn 0.797055 -0.007 0.603866
vn 0.404097 0.666396 0.626596
vn 0.404097 0.666396 0.626596
vn -0.566781 0.572681 0.59228
vn -0.566781 0.572681 0.59228
vn -0.566781 0.572681 0.59228
vn -0.566781 0.572681 0.59228
vn 0.584412 -0.108902 0.804116
vn 0.584412 -0.108902 0.804116
vn 0.584412 -0.108902 0.804116
vn -0.106695 -0.435679 0.893756
vn -0.106695 -0.435679 0.893756
vn -0.106695 -0.435679 0.893756
vn 0.196398 0.270097 0.94259
vn 0.196398 0.270097 0.94259
vn 0.196398 0.270097 0.94259
vn 0.196398 0.270097 0.94259
vn 0.0365 -0.222701 0.974203
vn 0.0365 -0.222701 0.974203
vn 0.0365 -0.222701 0.974203
vn 0.620105 -0.100101 0.778106
vn 0.620105 -0.100101 0.778106
vn 0.620105 -0.100101 0.778106
vn 0.624408 -0.249703 0.74011
vn 0.624408 -0.249703 0.74011
vn 0.624408 -0.249703 0.74011
vn 0.810401 -0.1586 0.564001
vn 0.810401 -0.1586 0.564001
vn 0.810401 -0.1586 0.564001
vn 0.810401 -0.1586 0.564001
vn -0.106495 -0.782661 0.61327
vn -0.106495 -0.782661 0.61327
vn -0.106495 -0.782661 0.61327
vn 0.0068 0.796367 0.604775
vn 0.0068 0.796367 0.604775
vn 0.0068 0.796367 0.604775
vn 0.356902 -0.786705 0.503703
vn 0.356902 -0.786705 0.503703
vn 0.356902 -0.786705 0.503703
vn 0.356902 -0.786705 0.503703
vn 0.356902 -0.786705 0.503703
vn 0.682106 0.650106 0.334803
vn 0.682106 0.650106 0.334803
vn 0.682106 0.650106 0.334803
vn 0.682106 0.650106 0.334803
vn 0.682106 0.650106 0.334803
vn -0.816474 0 0.577382
vn -0.816474 0 0.577382
vn -0.816474 0 0.577382
vn 0.612805 -0.752106 -0.242502
vn 0.612805 -0.752106 -0.242502
vn 0.612805 -0.752106 -0.242502
vn 0.904033 0.181507 0.387014
vn 0.904033 0.181507 0.387014
vn -0.338989 -0.492184 -0.801774
vn -0.338989 -0.492184 -0.801774
vn -0.191699 0.790494 0.581696
vn -0.191699 0.790494 0.581696
vn -0.191699 0.790494 0.581696
vn -0.780686 -0.267895 0.56459
vn -0.780686 -0.267895 0.56459
vn -0.780686 -0.267895 0.56459
vn -0.450802 -0.409202 0.793304
vn -0.450802 -0.409202 0.793304
vn -0.450802 -0.409202 0.793304
vn -0.450802 -0.409202 0.793304
vn 0.092906 -0.425328 0.900258
vn 0.092906 -0.425328 0.900258
vn 0.092906 -0.425328 0.900258
vn 0.187295 -0.508285 0.840575
vn 0.187295 -0.508285 0.840575
vn 0.187295 -0.508285 0.840575
vn -0.142808 -0.810243 0.56843
vn -0.142808 -0.810243 0.56843
vn -0.348296 -0.736093 0.580394
vn -0.348296 -0.736093 0.580394
vn -0.721531 0.050602 0.69053
vn -0.721531 0.050602 0.69053
vn -0.822512 0.045701 0.566908
vn -0.822512 0.045701 0.566908
vn -0.822512 0.045701 0.566908
vn -0.822512 0.045701 0.566908
vn -0.822512 0.045701 0.566908
vn 0.802509 0.523406 -0.286403
vn 0.802509 0.523406 -0.286403
vn 0.802509 0.523406 -0.286403
vn 0.802509 0.523406 -0.286403
vn 0.802509 0.523406 -0.286403
vn 0.802509 0.523406 -0.286403
vn 0.966648 0.056003 0.249912
vn 0.966648 0.056003 0.249912
vn 0.966648 0.056003 0.249912
vn 0.966648 0.056003 0.249912
vn 0.814287 -0.254096 0.521892
vn 0.814287 -0.254096 0.521892
vn 0.531927 -0.793141 0.296615
vn 0.531927 -0.793141 0.296615
vn 0.453773 0.791053 0.410275
vn 0.453773 0.791053 0.410275
vn 0.453773 0.791053 0.410275
vn 0.253986 0.871751 0.418976
vn 0.253986 0.871751 0.418976
vn 0.253986 0.871751 0.418976
vn 0.253986 0.871751 0.418976
vn -0.305504 0.85421 0.420705
vn -0.305504 0.85421 0.420705
vn -0.305504 0.85421 0.420705
vn -0.305504 0.85421 0.420705
vn 0.915223 0.328108 0.233906
vn 0.915223 0.328108 0.233906
vn 0.915223 0.328108 0.233906
vn 0.920981 0.385792 0.054399
vn 0.920981 0.385792 0.054399
vn 0.929336 -0.218408 -0.297712
vn 0.929336 -0.218408 -0.297712
vn 0.929336 -0.218408 -0.297712
vn 0.929336 -0.218408 -0.297712
vn -0.98337 -0.095797 -0.154295
vn -0.98337 -0.095797 -0.154295
vn -0.78711 0.368005 0.495006
vn -0.78711 0.368005 0.495006
vn -0.78711 0.368005 0.495006
vn -0.78711 0.368005 0.495006
vn -0.78711 0.368005 0.495006
vn -0.748617 0.46701 0.47061
vn -0.748617 0.46701 0.47061
vn -0.748617 0.46701 0.47061
vn 0.401508 -0.570311 -0.716614
vn 0.401508 -0.570311 -0.716614
vn 0.401508 -0.570311 -0.716614
vn 0.401508 -0.570311 -0.716614
vn 0.539005 -0.656506 0.527705
vn 0.539005 -0.656506 0.527705
vn 0.539005 -0.656506 0.527705
vn -0.949218 -0.148803 0.277205
vn -0.949218 -0.148803 0.277205
vn -0.949218 -0.148803 0.277205
vn -0.949218 -0.148803 0.277205
vn -0.285002 0.432302 -0.855505
vn -0.285002 0.432302 -0.855505
vn -0.285002 0.432302 -0.855505
vn -0.285002 0.432302 -0.855505
vn -0.285002 0.432302 -0.855505
vn -0.6154 -0.7869 -0.0455
vn -0.6154 -0.7869 -0.0455
vn 0.940819 0.321707 0.106602
vn 0.940819 0.321707 0.106602
vn 0.737895 -0.664396 -0.118699
vn 0.737895 -0.664396 -0.118699
vn 0.737895 -0.664396 -0.118699
vn 0.737895 -0.664396 -0.118699
vn 0.870536 -0.46932 -0.148006
vn 0.870536 -0.46932 -0.148006
vn 0.870536 -0.46932 -0.148006
vn 0.870536 -0.46932 -0.148006
vn 0.870536 -0.46932 -0.148006
vn 0.57299 -0.53819 -0.618089
vn 0.57299 -0.53819 -0.618089
vn 0.022701 -0.873823 0.485713
vn 0.022701 -0.873823 0.485713
vn 0.022701 -0.873823 0.485713
vn 0.022701 -0.873823 0.485713
vn 0.1594 -0.845999 0.5088
vn 0.1594 -0.845999 0.5088
vn 0.1594 -0.845999 0.5088
vn 0.1594 -0.845999 0.5088
vn 0.148306 -0.404716 -0.902336
vn 0.148306 -0.404716 -0.902336
vn 0.139707 0.538529 -0.830944
vn 0.139707 0.538529 -0.830944
vn -0.270007 -0.543614 -0.79472
vn -0.270007 -0.543614 -0.79472
vn -0.270007 -0.543614 -0.79472
vn -0.270007 -0.543614 -0.79472
vn -0.270007 -0.543614 -0.79472
vn -0.270007 -0.543614 -0.79472
vn 0.089702 0.807422 -0.583116
vn 0.089702 0.807422 -0.583116
vn 0.089702 0.807422 -0.583116
vn 0.089702 0.807422 -0.583116
vn 0.089702 0.807422 -0.583116
vn -0.813229 -0.066602 -0.57812
vn -0.813229 -0.066602 -0.57812
vn -0.813229 -0.066602 -0.57812
vn -0.207992 0.820167 -0.532978
vn -0.207992 0.820167 -0.532978
vn -0.207992 0.820167 -0.532978
vn -0.820472 -0.250091 -0.514082
vn -0.820472 -0.250091 -0.514082
vn -0.820472 -0.250091 -0.514082
vn 0.913026 -0.374911 0.160705
vn 0.913026 -0.374911 0.160705
vn -0.956976 0.257894 -0.132997
vn -0.956976 0.257894 -0.132997
vn 0.847464 -0.091096 0.522978
vn 0.847464 -0.091096 0.522978
vn -0.115801 -0.045901 0.992211
vn -0.115801 -0.045901 0.992211
vn -0.050001 -0.989322 -0.136903
vn -0.050001 -0.989322 -0.136903
vn -0.050001 -0.989322 -0.136903
vn -0.050001 -0.989322 -0.136903
vn -0.396107 -0.839515 -0.371906
vn -0.396107 -0.839515 -0.371906
vn -0.396107 -0.839515 -0.371906
vn -0.396107 -0.839515 -0.371906
vn -0.396107 -0.839515 -0.371906
vn -0.830513 0.442107 0.338805
vn -0.830513 0.442107 0.338805
vn -0.830513 0.442107 0.338805
vn -0.830513 0.442107 0.338805
vn -0.830513 0.442107 0.338805
vn -0.830513 0.442107 0.338805
vn -0.113102 -0.052101 0.992216
vn -0.113102 -0.052101 0.992216
vn -0.2114 -0.762 0.6121
vn -0.2114 -0.762 0.6121
vn -0.2114 -0.762 0.6121
vn -0.2114 -0.762 0.6121
vn -0.2114 -0.762 0.6121
vn -0.2114 -0.762 0.6121
vn -0.833384 0.233195 0.50109
vn -0.833384 0.233195 0.50109
vn -0.833384 0.233195 0.50109
vn -0.833384 0.233195 0.50109
vn -0.833384 0.233195 0.50109
vn 0.193607 -0.205408 0.959335
vn 0.193607 -0.205408 0.959335
vn -0.280111 0.25261 0.926135
vn -0.280111 0.25261 0.926135
vn 0.459094 -0.72339 0.515693
vn 0.459094 -0.72339 0.515693
vn 0.459094 -0.72339 0.515693
vn 0.459094 -0.72339 0.515693
vn -0.276615 0.054203 0.959451
vn -0.276615 0.054203 0.959451
vn 0.513006 -0.622808 0.590707
vn 0.513006 -0.622808 0.590707
vn 0.513006 -0.622808 0.590707
vn 0.651528 -0.398017 0.645828
vn 0.651528 -0.398017 0.645828
vn 0.651528 -0.398017 0.645828
vn 0.651528 -0.398017 0.645828
vn 0.366604 -0.507906 0.779508
vn 0.366604 -0.507906 0.779508
vn 0.366604 -0.507906 0.779508
vn -0.090797 -0.421286 0.902371
vn -0.090797 -0.421286 0.902371
vn 0.703898 -0.343899 0.621499
vn 0.703898 -0.343899 0.621499
vn 0.703898 -0.343899 0.621499
vn 0.703898 -0.343899 0.621499
vn 0.0666 -0.504902 0.860603
vn 0.0666 -0.504902 0.860603
vn 0.025399 -0.465889 0.884479
vn 0.025399 -0.465889 0.884479
vn 0.025399 -0.465889 0.884479
vn 0.025399 -0.465889 0.884479
vn -0.371609 -0.255907 0.892423
vn -0.371609 -0.255907 0.892423
vn 0.064801 -0.0125 0.99782
vn -0.285401 -0.640002 0.713403
vn -0.285401 -0.640002 0.713403
vn -0.285401 -0.640002 0.713403
vn -0.285401 -0.640002 0.713403
vn -0.312315 -0.224611 0.923044
vn -0.312315 -0.224611 0.923044
vn -0.717974 -0.690575 0.087297
vn -0.738519 -0.577115 0.348609
vn -0.738519 -0.577115 0.348609
vn -0.688287 -0.391093 0.610989
vn -0.874888 -0.482193 0.045399
vn -0.874888 -0.482193 0.045399
vn -0.874888 -0.482193 0.045399
vn 0.300298 0.116599 0.946692
vn 0.300298 0.116599 0.946692
vn -0.369984 -0.121495 0.92106
vn -0.369984 -0.121495 0.92106
vn -0.868816 -0.343706 0.356406
vn -0.831376 -0.180195 0.525685
vn -0.977985 -0.208597 0.0058
vn -0.977985 -0.208597 0.0058
vn -0.977985 -0.208597 0.0058
vn 0.808594 -0.489197 0.326898
vn 0.808594 -0.489197 0.326898
vn 0.808594 -0.489197 0.326898
vn 0.808594 -0.489197 0.326898
vn 0.808594 -0.489197 0.326898
vn 0.40931 -0.884521 0.223805
vn 0.40931 -0.884521 0.223805
vn 0.40931 -0.884521 0.223805
vn 0.020801 -0.945033 0.326312
vn 0.020801 -0.945033 0.326312
vn 0.995543 0.070003 0.063203
vn 0.995543 0.070003 0.063203
vn 0.995543 0.070003 0.063203
vn 0.972778 0.224595 -0.057099
vn 0.972778 0.224595 -0.057099
vn -0.599095 -0.368397 -0.710894
vn -0.599095 -0.368397 -0.710894
vn -0.599095 -0.368397 -0.710894
vn -0.599095 -0.368397 -0.710894
vn -0.490005 -0.236202 0.839109
vn -0.490005 -0.236202 0.839109
vn -0.490005 -0.236202 0.839109
vn -0.490005 -0.236202 0.839109
vn -0.490005 -0.236202 0.839109
vn -0.631383 -0.260293 -0.730481
vn -0.631383 -0.260293 -0.730481
vn -0.631383 -0.260293 -0.730481
vn -0.631383 -0.260293 -0.730481
vn -0.631383 -0.260293 -0.730481
vn -0.631383 -0.260293 -0.730481
vn -0.631383 -0.260293 -0.730481
vn -0.641197 0.0907 0.761997
vn -0.641197 0.0907 0.761997
vn -0.641197 0.0907 0.761997
vn -0.641197 0.0907 0.761997
vn 0.655683 0.192895 0.729981
vn 0.655683 0.192895 0.729981
vn 0.655683 0.192895 0.729981
vn 0.626506 -0.779407 0.0038
vn 0.626506 -0.779407 0.0038
vn 0.626506 -0.779407 0.0038
vn -0.0048 -0.518103 0.855305
vn -0.0048 -0.518103 0.855305
vn -0.0048 -0.518103 0.855305
vn 0.147901 -0.601704 0.784906
vn 0.147901 -0.601704 0.784906
vn 0.147901 -0.601704 0.784906
vn 0.682784 0.382191 0.622685
vn 0.682784 0.382191 0.622685
vn 0.682784 0.382191 0.622685
vn 0.993197 0.1131 0.0277
vn 0.993197 0.1131 0.0277
vn 0.993197 0.1131 0.0277
vn 0.454826 -0.857348 0.241014
vn 0.454826 -0.857348 0.241014
vn 0.454826 -0.857348 0.241014
vn 0.454826 -0.857348 0.241014
vn 0.375889 -0.549884 0.745878
vn 0.375889 -0.549884 0.745878
vn 0.375889 -0.549884 0.745878
vn -0.593301 0.0644 0.802401
vn -0.593301 0.0644 0.802401
vn -0.593301 0.0644 0.802401
vn -0.754933 0.46482 0.46262
vn -0.754933 0.46482 0.46262
vn 0.083801 -0.254602 0.963408
vn 0.083801 -0.254602 0.963408
vn 0.083801 -0.254602 0.963408
vn 0.264301 -0.0085 0.964403
vn 0.264301 -0.0085 0.964403
vn -0.362197 0.0388 0.931293
vn -0.362197 0.0388 0.931293
vn 0.232505 -0.085602 0.968821
vn 0.232505 -0.085602 0.968821
vn 0.232505 -0.085602 0.968821
vn -0.810212 0.040901 0.584708
vn -0.958189 -0.048499 0.281997
vn -0.958189 -0.048499 0.281997
vn -0.99071 0.074601 0.113701
vn -0.99071 0.074601 0.113701
vn -0.99071 0.074601 0.113701
vn -0.99071 0.074601 0.113701
vn -0.877996 0.246699 0.410198
vn -0.877996 0.246699 0.410198
vn -0.966845 0.255012 0.013401
vn -0.500992 0.211197 0.839287
vn -0.500992 0.211197 0.839287
vn -0.500992 0.211197 0.839287
vn -0.500992 0.211197 0.839287
vn -0.46019 -0.465689 0.755883
vn -0.46019 -0.465689 0.755883
vn -0.46019 -0.465689 0.755883
vn -0.46019 -0.465689 0.755883
vn -0.88232 0.44141 0.163304
vn -0.668427 0.478619 0.569323
vn -0.668427 0.478619 0.569323
vn -0.60281 -0.493308 0.62711
vn -0.60281 -0.493308 0.62711
vn -0.60281 -0.493308 0.62711
vn -0.768932 0.614826 0.175307
vn -0.824217 -0.501911 0.262206
vn -0.824217 -0.501911 0.262206
vn 0.981953 0.066604 -0.17701
vn 0.981953 0.066604 -0.17701
vn 0.90417 -0.353588 -0.239692
vn 0.90417 -0.353588 -0.239692
vn 0.3918 -0.4655 0.793601
vn 0.3918 -0.4655 0.793601
vn 0.3918 -0.4655 0.793601
vn 0.3918 -0.4655 0.793601
vn 0.3918 -0.4655 0.793601
vn 0.346008 0.033801 0.937622
vn 0.346008 0.033801 0.937622
vn 0.27579 -0.334688 0.901068
vn 0.27579 -0.334688 0.901068
vn 0.27579 -0.334688 0.901068
vn 0.639087 -0.284994 0.714385
vn 0.639087 -0.284994 0.714385
vn 0.639087 -0.284994 0.714385
vn 0.639087 -0.284994 0.714385
vn -0.161899 -0.0731 0.984096
vn -0.161899 -0.0731 0.984096
vn -0.161899 -0.0731 0.984096
vn -0.161899 -0.0731 0.984096
vn -0.044798 0.068198 0.996666
vn -0.044798 0.068198 0.996666
vn -0.071602 -0.89523 0.439815
vn -0.071602 -0.89523 0.439815
vn -0.071602 -0.89523 0.439815
vn 0.140592 -0.499973 0.854553
vn 0.140592 -0.499973 0.854553
vn 0.140592 -0.499973 0.854553
vn 0.261802 -0.707805 0.656104
vn 0.261802 -0.707805 0.656104
vn -0.084598 0.312093 0.946278
vn -0.084598 0.312093 0.946278
vn -0.084598 0.312093 0.946278
vn -0.084598 0.312093 0.946278
vn 0.359496 -0.206598 0.909989
vn 0.359496 -0.206598 0.909989
vn 0.359496 -0.206598 0.909989
vn 0.388789 0.139696 0.910674
vn 0.388789 0.139696 0.910674
vn 0.230502 0.125001 0.96501
vn 0.230502 0.125001 0.96501
vn 0.230502 0.125001 0.96501
vn 0.230502 0.125001 0.96501
vn 0.230502 0.125001 0.96501
vn 0.310309 0.103103 0.945028
vn 0.310309 0.103103 0.945028
vn 0.0044 -0.128402 0.991712
vn 0.0044 -0.128402 0.991712
vn 0.0044 -0.128402 0.991712
vn 0.20839 -0.174492 0.962354
vn 0.20839 -0.174492 0.962354
vn 0.20839 -0.174492 0.962354
vn 0.272788 -0.566275 0.777766
vn 0.272788 -0.566275 0.777766
vn -0.24101 -0.099204 0.965439
vn -0.24101 -0.099204 0.965439
vn -0.24101 -0.099204 0.965439
vn -0.24101 -0.099204 0.965439
vn -0.217105 -0.524413 0.82332
vn -0.217105 -0.524413 0.82332
vn -0.217105 -0.524413 0.82332
vn -0.273595 0.068799 0.959381
vn -0.273595 0.068799 0.959381
vn -0.273595 0.068799 0.959381
vn -0.273595 0.068799 0.959381
vn -0.273595 0.068799 0.959381
vn -0.273595 0.068799 0.959381
vn 0.690296 0.723396 -0.0138
vn 0.139899 0.261198 0.955094
vn 0.640777 -0.264091 0.720875
vn 0.640777 -0.264091 0.720875
vn 0.640777 -0.264091 0.720875
vn 0.213001 0.758805 0.615504
vn 0.369396 0.655693 0.658493
vn 0.369396 0.655693 0.658493
vn 0.369396 0.655693 0.658493
vn 0.919784 0.0102 0.392293
vn 0.919784 0.0102 0.392293
vn 0.919784 0.0102 0.392293
vn 0.919784 0.0102 0.392293
vn 0.580391 0.777488 0.242196
vn 0.381904 0.87151 0.307603
vn 0.381904 0.87151 0.307603
vn 0.167699 0.674797 0.718697
vn 0.167699 0.674797 0.718697
vn 0.270396 0.927286 0.258896
vn 0.270396 0.927286 0.258896
vn 0.254507 0.967028 -0.0091
vn -0.279484 0.398277 0.87365
vn -0.279484 0.398277 0.87365
vn -0.279484 0.398277 0.87365
vn 0.386214 0.637222 0.666923
vn 0.386214 0.637222 0.666923
vn 0.386214 0.637222 0.666923
vn 0.386214 0.637222 0.666923
vn 0.386214 0.637222 0.666923
vn 0.374383 0.736967 0.562775
vn 0.374383 0.736967 0.562775
vn 0.374383 0.736967 0.562775
vn 0.374383 0.736967 0.562775
vn -0.279815 0.584732 0.761441
vn -0.279815 0.584732 0.761441
vn -0.279815 0.584732 0.761441
vn -0.279815 0.584732 0.761441
vn -0.279815 0.584732 0.761441
vn 0.0328 -0.492497 0.869696
vn 0.0328 -0.492497 0.869696
vn 0.0328 -0.492497 0.869696
vn -0.374391 0.329692 0.86668
vn -0.374391 0.329692 0.86668
vn -0.374391 0.329692 0.86668
vn -0.374391 0.329692 0.86668
vn 0.589492 -0.057999 0.805689
vn 0.589492 -0.057999 0.805689
vn 0.589492 -0.057999 0.805689
vn 0.589492 -0.057999 0.805689
vn 0.611384 -0.187995 0.768679
vn 0.611384 -0.187995 0.768679
vn 0.611384 -0.187995 0.768679
vn 0.611384 -0.187995 0.768679
vn 0.973106 -0.114301 0.200001
vn 0.973106 -0.114301 0.200001
vn 0.973106 -0.114301 0.200001
vn 0.973106 -0.114301 0.200001
vn 0.973106 -0.114301 0.200001
vn -0.199593 -0.647376 0.735573
vn -0.199593 -0.647376 0.735573
vn -0.199593 -0.647376 0.735573
vn -0.548069 -0.663062 0.509871
vn -0.548069 -0.663062 0.509871
vn -0.548069 -0.663062 0.509871
vn 0.366385 0.703672 0.608776
vn 0.366385 0.703672 0.608776
vn 0.366385 0.703672 0.608776
vn 0.366385 0.703672 0.608776
vn 0.476581 0.823267 0.308388
vn 0.476581 0.823267 0.308388
vn 0.476581 0.823267 0.308388
vn -0.423382 -0.559076 0.712869
vn -0.423382 -0.559076 0.712869
vn -0.423382 -0.559076 0.712869
vn -0.0194 0.445689 0.894978
vn -0.0194 0.445689 0.894978
vn -0.0194 0.445689 0.894978
vn -0.0194 0.445689 0.894978
vn -0.0194 0.445689 0.894978
vn 0.0476 0.643101 0.764301
vn 0.0476 0.643101 0.764301
vn 0.370789 -0.698479 0.612081
vn 0.370789 -0.698479 0.612081
vn 0.370789 -0.698479 0.612081
vn -0.047601 -0.266608 0.962629
vn -0.047601 -0.266608 0.962629
vn -0.081901 0.82211 0.563407
vn -0.081901 0.82211 0.563407
vn 0.017601 0.29501 0.955332
vn 0.017601 0.29501 0.955332
vn -0.0809 0.886603 0.455401
vn -0.0809 0.886603 0.455401
vn -0.0809 0.886603 0.455401
vn -0.0809 0.886603 0.455401
vn -0.0809 0.886603 0.455401
vn 0.094898 0.93398 0.344493
vn 0.094898 0.93398 0.344493
vn 0.094898 0.93398 0.344493
vn 0.094898 0.93398 0.344493
vn 0.094898 0.93398 0.344493
vn 0.094898 0.93398 0.344493
vn -0.109199 0.299599 0.947795
vn -0.109199 0.299599 0.947795
vn -0.082196 0.73946 0.668164
vn -0.082196 0.73946 0.668164
vn -0.082196 0.73946 0.668164
vn 0.081397 0.919869 0.383687
vn 0.081397 0.919869 0.383687
vn -0.0025 0.872218 0.48911
vn -0.0025 0.872218 0.48911
vn 0.160096 0.939675 0.302292
vn 0.160096 0.939675 0.302292
vn -0.113793 0.67276 0.731057
vn -0.113793 0.67276 0.731057
vn -0.22859 0.93066 0.285688
vn -0.22859 0.93066 0.285688
vn -0.22859 0.93066 0.285688
vn -0.039902 0.996642 0.071503
vn -0.039902 0.996642 0.071503
vn -0.039902 0.996642 0.071503
vn -0.246406 0.964025 0.099703
vn -0.246406 0.964025 0.099703
vn 0.627584 -0.494687 0.601185
vn 0.627584 -0.494687 0.601185
vn 0.627584 -0.494687 0.601185
vn 0.644202 -0.759903 -0.0869
vn 0.644202 -0.759903 -0.0869
vn 0.644202 -0.759903 -0.0869
vn 0.644202 -0.759903 -0.0869
vn 0.644202 -0.759903 -0.0869
vn 0.963147 0.21061 0.167308
vn 0.963147 0.21061 0.167308
vn 0.963147 0.21061 0.167308
vn 0.901882 -0.424992 -0.077398
vn 0.901882 -0.424992 -0.077398
vn 0.866377 0.479687 -0.138896
vn 0.866377 0.479687 -0.138896
vn 0.088697 -0.214593 0.972668
vn 0.088697 -0.214593 0.972668
vn 0.088697 -0.214593 0.972668
vn 0.088697 -0.214593 0.972668
vn 0.542264 0.75795 0.362576
vn 0.542264 0.75795 0.362576
vn 0.542264 0.75795 0.362576
vn 0.542264 0.75795 0.362576
vn -0.555581 -0.615979 0.558481
vn -0.555581 -0.615979 0.558481
vn -0.555581 -0.615979 0.558481
vn -0.555581 -0.615979 0.558481
vn -0.587204 0.706404 0.395202
vn -0.587204 0.706404 0.395202
vn -0.401507 0.890116 0.215604
vn -0.401507 0.890116 0.215604
vn -0.243094 0.747581 0.618084
vn -0.243094 0.747581 0.618084
vn -0.256296 0.630691 0.73249
vn -0.256296 0.630691 0.73249
vn -0.256296 0.630691 0.73249
vn -0.256296 0.630691 0.73249
vn -0.256296 0.630691 0.73249
vn -0.256296 0.630691 0.73249
vn -0.256296 0.630691 0.73249
vn -0.518177 0.651871 0.553675
vn -0.669383 -0.742682 0.0187
vn -0.669383 -0.742682 0.0187
vn -0.669383 -0.742682 0.0187
vn -0.669383 -0.742682 0.0187
vn -0.669383 -0.742682 0.0187
vn -0.297694 0.671287 0.678787
vn -0.445793 0.840187 0.308795
vn -0.445793 0.840187 0.308795
vn -0.274701 0.880605 0.386102
vn 0.106405 0.97245 0.207411
vn 0.106405 0.97245 0.207411
vn 0.106405 0.97245 0.207411
vn -0.411995 0.569993 0.710892
vn -0.411995 0.569993 0.710892
vn -0.626991 0.74029 0.242597
vn -0.626991 0.74029 0.242597
vn -0.52863 0.822946 0.208112
vn -0.52863 0.822946 0.208112
vn 0.997507 -0.0192 0.067901
vn 0.997507 -0.0192 0.067901
vn 0.997507 -0.0192 0.067901
vn 0.095702 -0.876921 0.471011
vn 0.095702 -0.876921 0.471011
vn -0.529108 -0.800112 0.282604
vn -0.529108 -0.800112 0.282604
vn -0.529108 -0.800112 0.282604
vn -0.529108 -0.800112 0.282604
vn 0.828319 0.096902 -0.551813
vn 0.828319 0.096902 -0.551813
vn 0.828319 0.096902 -0.551813
vn 0.653195 -0.144399 -0.743294
vn 0.653195 -0.144399 -0.743294
vn 0.653195 -0.144399 -0.743294
vn 0.653195 -0.144399 -0.743294
vn 0.653195 -0.144399 -0.743294
vn 0.020899 -0.656681 -0.753879
vn 0.020899 -0.656681 -0.753879
vn 0.020899 -0.656681 -0.753879
vn -0.051302 -0.515024 -0.855639
vn -0.051302 -0.515024 -0.855639
vn -0.051302 -0.515024 -0.855639
vn 0.608565 0.784055 -0.122093
vn 0.608565 0.784055 -0.122093
vn 0.608565 0.784055 -0.122093
vn 0.410296 0.789993 -0.455596
vn 0.410296 0.789993 -0.455596
vn 0.410296 0.789993 -0.455596
vn 0.410296 0.789993 -0.455596
vn 0.410296 0.789993 -0.455596
vn 0.161001 0.578404 -0.799705
vn 0.161001 0.578404 -0.799705
vn 0.161001 0.578404 -0.799705
vn 0.161001 0.578404 -0.799705
vn -0.379006 0.337605 -0.861613
vn -0.379006 0.337605 -0.861613
vn -0.379006 0.337605 -0.861613
vn -0.379006 0.337605 -0.861613
vn 0.152503 -0.905319 -0.396408
vn 0.152503 -0.905319 -0.396408
vn 0.152503 -0.905319 -0.396408
vn -0.709648 -0.703947 -0.029302
vn -0.709648 -0.703947 -0.029302
vn -0.709648 -0.703947 -0.029302
vn -0.709648 -0.703947 -0.029302
vn 0.519298 -0.1397 0.843097
vn 0.519298 -0.1397 0.843097
vn 0.289612 0.089604 0.952941
vn 0.289612 0.089604 0.952941
vn 0.611065 0.397977 0.684261
vn 0.611065 0.397977 0.684261
vn 0.611065 0.397977 0.684261
vn -0.628825 -0.497419 0.597623
vn -0.628825 -0.497419 0.597623
vn -0.628825 -0.497419 0.597623
vn -0.628825 -0.497419 0.597623
vn -0.425613 -0.051702 0.903427
vn -0.425613 -0.051702 0.903427
vn -0.425613 -0.051702 0.903427
vn 0.235297 0.617091 0.750889
vn 0.235297 0.617091 0.750889
vn 0.235297 0.617091 0.750889
vn 0.235297 0.617091 0.750889
vn 0.860128 -0.080303 0.503717
vn 0.860128 -0.080303 0.503717
vn 0.860128 -0.080303 0.503717
vn 0.860128 -0.080303 0.503717
vn 0.790742 0.230412 0.56713
vn 0.790742 0.230412 0.56713
vn 0.973861 -0.150994 0.169693
vn 0.973861 -0.150994 0.169693
vn 0.973861 -0.150994 0.169693
vn 0.645928 0.741433 0.181808
vn 0.645928 0.741433 0.181808
vn 0.397077 0.845852 -0.35618
vn 0.397077 0.845852 -0.35618
vn 0.397077 0.845852 -0.35618
vn 0.071603 0.996743 -0.037102
vn 0.071603 0.996743 -0.037102
vn 0.071603 0.996743 -0.037102
vn 0.042699 0.908182 -0.416392
vn 0.042699 0.908182 -0.416392
vn 0.042699 0.908182 -0.416392
vn 0.042699 0.908182 -0.416392
vn 0.042699 0.908182 -0.416392
vn 0.042699 0.908182 -0.416392
vn 0.501302 0.841603 0.201001
vn 0.501302 0.841603 0.201001
vn 0.689419 0.582916 -0.430012
vn 0.689419 0.582916 -0.430012
vn 0.689419 0.582916 -0.430012
vn 0.689419 0.582916 -0.430012
vn 0.366796 0.877591 -0.308697
vn 0.366796 0.877591 -0.308697
vn 0.366796 0.877591 -0.308697
vn 0.366796 0.877591 -0.308697
vn 0.647671 0.045398 0.760566
vn 0.647671 0.045398 0.760566
vn 0.647671 0.045398 0.760566
vn 0.318204 0.470006 0.823311
vn 0.318204 0.470006 0.823311
vn 0.318204 0.470006 0.823311
vn 0.318204 0.470006 0.823311
vn 0.110105 -0.378716 0.91894
vn 0.110105 -0.378716 0.91894
vn 0.220492 -0.860969 0.458384
vn 0.220492 -0.860969 0.458384
vn 0.220492 -0.860969 0.458384
vn 0.765382 0.121597 0.631985
vn 0.765382 0.121597 0.631985
vn 0.765382 0.121597 0.631985
vn -0.337418 0.667835 0.663435
vn -0.337418 0.667835 0.663435
vn -0.337418 0.667835 0.663435
vn -0.802122 -0.35671 0.478913
vn -0.802122 -0.35671 0.478913
vn -0.802122 -0.35671 0.478913
vn 0.405796 -0.694194 0.594495
vn 0.405796 -0.694194 0.594495
vn 0.405796 -0.694194 0.594495
vn 0.611717 -0.677618 0.408211
vn 0.611717 -0.677618 0.408211
vn 0.611717 -0.677618 0.408211
vn 0.611717 -0.677618 0.408211
vn 0.611717 -0.677618 0.408211
vn 0.611717 -0.677618 0.408211
vn 0.479681 0.498081 0.722372
vn 0.479681 0.498081 0.722372
vn 0.479681 0.498081 0.722372
vn 0.479681 0.498081 0.722372
vn 0.479681 0.498081 0.722372
vn 0.479681 0.498081 0.722372
vn -0.136003 -0.847418 0.513211
vn -0.136003 -0.847418 0.513211
vn -0.136003 -0.847418 0.513211
vn -0.136003 -0.847418 0.513211
vn -0.136003 -0.847418 0.513211
vn 0.474887 -0.340091 0.811678
vn 0.474887 -0.340091 0.811678
vn 0.474887 -0.340091 0.811678
vn -0.870509 -0.415604 0.263603
vn -0.870509 -0.415604 0.263603
vn -0.870509 -0.415604 0.263603
vn 0.526588 0.369992 0.765383
vn 0.526588 0.369992 0.765383
vn 0.526588 0.369992 0.765383
vn -0.363508 0.145103 0.920221
vn -0.363508 0.145103 0.920221
vn -0.253408 0.859129 0.444615
vn -0.253408 0.859129 0.444615
vn -0.253408 0.859129 0.444615
vn -0.253408 0.859129 0.444615
vn -0.927761 0.304387 0.215891
vn -0.927761 0.304387 0.215891
vn -0.927761 0.304387 0.215891
vn 0.286906 0.270006 0.91912
vn 0.286906 0.270006 0.91912
vn 0.286906 0.270006 0.91912
vn 0.874673 0.166595 0.455186
vn 0.874673 0.166595 0.455186
vn 0.132694 0.928062 0.347986
vn 0.132694 0.928062 0.347986
vn 0.132694 0.928062 0.347986
vn 0.132694 0.928062 0.347986
vn 0.563497 -0.811996 -0.152099
vn 0.563497 -0.811996 -0.152099
vn 0.563497 -0.811996 -0.152099
vn -0.964315 -0.154502 -0.215003
vn -0.964315 -0.154502 -0.215003
vn 0.699593 -0.710793 0.073099
vn 0.699593 -0.710793 0.073099
vn 0.699593 -0.710793 0.073099
vn -0.868284 -0.250295 -0.428292
vn -0.868284 -0.250295 -0.428292
vn -0.868284 -0.250295 -0.428292
vn 0.850269 -0.026499 0.525681
vn 0.850269 -0.026499 0.525681
vn 0.850269 -0.026499 0.525681
vn 0.850269 -0.026499 0.525681
vn 0.850269 -0.026499 0.525681
vn 0.723569 -0.609174 0.324586
vn 0.723569 -0.609174 0.324586
vn 0.723569 -0.609174 0.324586
vn 0.723569 -0.609174 0.324586
vn 0.723569 -0.609174 0.324586
vn 0.723569 -0.609174 0.324586
vn 0.303413 -0.91824 0.254511
vn 0.303413 -0.91824 0.254511
vn 0.303413 -0.91824 0.254511
vn 0.303413 -0.91824 0.254511
vn 0.303413 -0.91824 0.254511
vn 0.255588 0.919555 0.298485
vn 0.255588 0.919555 0.298485
vn 0.255588 0.919555 0.298485
vn 0.255588 0.919555 0.298485
vn -0.0971 -0.981096 -0.167399
vn -0.0971 -0.981096 -0.167399
vn -0.0971 -0.981096 -0.167399
vn -0.0971 -0.981096 -0.167399
vn -0.0971 -0.981096 -0.167399
vn 0.854814 0.473608 0.212104
vn 0.854814 0.473608 0.212104
vn 0.854814 0.473608 0.212104
vn 0.854814 0.473608 0.212104
vn 0.599591 0.65179 0.464393
vn 0.599591 0.65179 0.464393
vn 0.599591 0.65179 0.464393
vn 0.2001 0.976901 -0.075
vn 0.2001 0.976901 -0.075
vn -0.59241 -0.795013 -0.130402
vn -0.59241 -0.795013 -0.130402
vn -0.59241 -0.795013 -0.130402
vn -0.59241 -0.795013 -0.130402
vn -0.59241 -0.795013 -0.130402
vn -0.59241 -0.795013 -0.130402
vn -0.690802 -0.720302 0.0629
vn -0.690802 -0.720302 0.0629
vn -0.690802 -0.720302 0.0629
vn -0.690802 -0.720302 0.0629
vn -0.690802 -0.720302 0.0629
vn -0.9475 -0.1776 -0.2659
vn -0.9475 -0.1776 -0.2659
vn -0.9475 -0.1776 -0.2659
vn -0.9475 -0.1776 -0.2659
vn -0.9475 -0.1776 -0.2659
vn -0.881923 0.471112 0.0163
vn -0.881923 0.471112 0.0163
vn -0.881923 0.471112 0.0163
vn -0.881923 0.471112 0.0163
vn -0.881923 0.471112 0.0163
vn -0.881923 0.471112 0.0163
vn -0.881923 0.471112 0.0163
vn -0.884379 0.385491 -0.263194
vn -0.884379 0.385491 -0.263194
vn -0.884379 0.385491 -0.263194
vn -0.884379 0.385491 -0.263194
vn -0.213005 0.931323 0.295407
vn -0.213005 0.931323 0.295407
vn -0.213005 0.931323 0.295407
vn -0.213005 0.931323 0.295407
vn -0.213005 0.931323 0.295407
vn -0.542327 0.757837 -0.362718
vn -0.542327 0.757837 -0.362718
vn -0.542327 0.757837 -0.362718
vn -0.542327 0.757837 -0.362718
vn 0.034 0.982488 0.183198
vn 0.034 0.982488 0.183198
vn 0.240803 -0.958913 0.150002
vn 0.240803 -0.958913 0.150002
vn 0.240803 -0.958913 0.150002
vn 0.240803 -0.958913 0.150002
vn 0.240803 -0.958913 0.150002
vn -0.088202 -0.994827 0.050401
vn -0.088202 -0.994827 0.050401
vn -0.088202 -0.994827 0.050401
vn 0.804878 0.154096 0.573084
vn 0.804878 0.154096 0.573084
vn 0.804878 0.154096 0.573084
vn 0.804878 0.154096 0.573084
vn 0.804878 0.154096 0.573084
vn 0.804878 0.154096 0.573084
vn -0.442111 0.829321 0.341709
vn -0.442111 0.829321 0.341709
vn -0.442111 0.829321 0.341709
vn -0.442111 0.829321 0.341709
vn -0.605417 -0.400811 -0.687619
vn -0.605417 -0.400811 -0.687619
vn -0.605417 -0.400811 -0.687619
vn -0.605417 -0.400811 -0.687619
vn -0.605417 -0.400811 -0.687619
vn -0.098899 0.894595 -0.435797
vn -0.098899 0.894595 -0.435797
vn -0.098899 0.894595 -0.435797
vn -0.098899 0.894595 -0.435797
vn -0.098899 0.894595 -0.435797
vn 0.500619 -0.290611 0.81543
vn 0.500619 -0.290611 0.81543
vn 0.500619 -0.290611 0.81543
vn 0.500619 -0.290611 0.81543
vn 0.831325 0.293109 0.472214
vn 0.831325 0.293109 0.472214
vn 0.831325 0.293109 0.472214
vn 0.609213 0.220905 0.761617
vn 0.609213 0.220905 0.761617
vn 0.609213 0.220905 0.761617
vn 0.609213 0.220905 0.761617
vn 0.159496 0.138897 0.977378
vn 0.159496 0.138897 0.977378
vn -0.137098 0.934186 -0.329395
vn -0.137098 0.934186 -0.329395
vn -0.478101 -0.1075 -0.871701
vn -0.478101 -0.1075 -0.871701
vn -0.478101 -0.1075 -0.871701
vn -0.478101 -0.1075 -0.871701
vn 0.405805 -0.254503 0.87781
vn 0.405805 -0.254503 0.87781
vn 0.405805 -0.254503 0.87781
vn 0.242004 -0.782711 0.573408
vn 0.242004 -0.782711 0.573408
vn 0.242004 -0.782711 0.573408
vn 0.242004 -0.782711 0.573408
vn 0.242004 -0.782711 0.573408
vn 0.242004 -0.782711 0.573408
vn 0.331278 -0.606059 0.723151
vn 0.331278 -0.606059 0.723151
vn 0.331278 -0.606059 0.723151
vn 0.008 -0.862428 0.506116
vn 0.008 -0.862428 0.506116
vn 0.008 -0.862428 0.506116
vn 0.008 -0.862428 0.506116
vn 0.550028 0.062003 0.832842
vn 0.550028 0.062003 0.832842
vn 0.550028 0.062003 0.832842
vn 0.550028 0.062003 0.832842
vn -0.371294 -0.784688 0.496392
vn -0.371294 -0.784688 0.496392
vn -0.371294 -0.784688 0.496392
vn -0.371294 -0.784688 0.496392
vn -0.371294 -0.784688 0.496392
vn -0.562017 -0.67922 0.472014
vn -0.562017 -0.67922 0.472014
vn 0.58599 0.356694 0.727588
vn 0.58599 0.356694 0.727588
vn 0.58599 0.356694 0.727588
vn 0.58599 0.356694 0.727588
vn 0.58599 0.356694 0.727588
vn -0.006 0.86899 0.494794
vn -0.006 0.86899 0.494794
vn -0.006 0.86899 0.494794
vn -0.063201 0.457206 0.887112
vn -0.063201 0.457206 0.887112
vn -0.063201 0.457206 0.887112
vn -0.063201 0.457206 0.887112
vn -0.063201 0.457206 0.887112
vn -0.063201 0.457206 0.887112
vn -0.391095 0.643192 0.658292
vn -0.391095 0.643192 0.658292
vn -0.391095 0.643192 0.658292
vn -0.391095 0.643192 0.658292
vn -0.391095 0.643192 0.658292
vn -0.3011 0.947099 0.1111
vn -0.3011 0.947099 0.1111
vn -0.3011 0.947099 0.1111
vn -0.3011 0.947099 0.1111
vn -0.3011 0.947099 0.1111
vn 0.372184 -0.910361 0.180892
vn 0.372184 -0.910361 0.180892
vn 0.372184 -0.910361 0.180892
vn 0.934037 -0.120005 -0.336413
vn 0.934037 -0.120005 -0.336413
vn 0.934037 -0.120005 -0.336413
vn 0.934037 -0.120005 -0.336413
vn 0.022 -0.90638 -0.421891
vn 0.022 -0.90638 -0.421891
vn 0.022 -0.90638 -0.421891
vn -0.904666 0.163794 -0.393385
vn -0.904666 0.163794 -0.393385
vn -0.904666 0.163794 -0.393385
vn 0.450196 0.864092 0.225098
vn 0.450196 0.864092 0.225098
vn 0.450196 0.864092 0.225098
vn -0.923403 0.207201 -0.323101
vn -0.923403 0.207201 -0.323101
vn -0.923403 0.207201 -0.323101
vn 0.412202 0.904905 -0.106001
vn 0.412202 0.904905 -0.106001
vn -0.811709 -0.337604 0.476605
vn -0.811709 -0.337604 0.476605
vn -0.811709 -0.337604 0.476605
vn -0.811709 -0.337604 0.476605
vn -0.662292 -0.153798 0.733291
vn -0.527392 0.151598 -0.835988
vn -0.527392 0.151598 -0.835988
vn -0.527392 0.151598 -0.835988
vn -0.909598 0.306699 0.280299
vn -0.909598 0.306699 0.280299
vn -0.909598 0.306699 0.280299
vn -0.909598 0.306699 0.280299
vn -0.475803 0.604704 0.638705
vn -0.475803 0.604704 0.638705
vn -0.475803 0.604704 0.638705
vn -0.282194 0.49799 0.819983
vn -0.282194 0.49799 0.819983
vn -0.083104 -0.246611 0.965545
vn -0.083104 -0.246611 0.965545
vn -0.083104 -0.246611 0.965545
vn -0.33121 -0.642919 0.69062
vn -0.33121 -0.642919 0.69062
vn -0.33121 -0.642919 0.69062
vn -0.64113 -0.446421 0.624229
vn -0.64113 -0.446421 0.624229
vn 0.054902 0.536622 0.842035
vn 0.054902 0.536622 0.842035
vn -0.483205 0.201902 0.851909
vn -0.483205 0.201902 0.851909
vn -0.483205 0.201902 0.851909
vn -0.925666 -0.318188 0.204692
vn -0.925666 -0.318188 0.204692
vn -0.925666 -0.318188 0.204692
vn -0.0041 0.674427 0.73833
vn -0.0041 0.674427 0.73833
vn -0.0041 0.674427 0.73833
vn 0.242508 0.540217 0.805826
vn 0.242508 0.540217 0.805826
vn 0.242508 0.540217 0.805826
vn -0.220891 -0.021499 0.975061
vn -0.220891 -0.021499 0.975061
vn -0.665407 -0.381204 0.641807
vn -0.665407 -0.381204 0.641807
vn -0.187399 0.157999 0.969494
vn -0.187399 0.157999 0.969494
vn -0.137697 0.297693 0.944679
vn -0.137697 0.297693 0.944679
vn 0.608298 0.0473 0.792298
vn 0.608298 0.0473 0.792298
vn 0.608298 0.0473 0.792298
vn 0.608298 0.0473 0.792298
vn 0.086199 -0.957888 0.273897
vn 0.086199 -0.957888 0.273897
vn 0.086199 -0.957888 0.273897
vn 0.1394 0.847599 0.511999
vn 0.1394 0.847599 0.511999
vn 0.1394 0.847599 0.511999
vn 0.1394 0.847599 0.511999
vn 0.974213 0.198103 -0.108001
vn 0.974213 0.198103 -0.108001
vn 0.974213 0.198103 -0.108001
vn 0.974213 0.198103 -0.108001
vn 0.974213 0.198103 -0.108001
vn -0.745631 -0.340114 -0.573024
vn -0.745631 -0.340114 -0.573024
vn -0.745631 -0.340114 -0.573024
vn -0.745631 -0.340114 -0.573024
vn -0.571107 0.069701 0.817911
vn -0.571107 0.069701 0.817911
vn -0.571107 0.069701 0.817911
vn -0.571107 0.069701 0.817911
vn -0.571107 0.069701 0.817911
vn -0.571107 0.069701 0.817911
vn 0.983794 0.139699 0.112399
vn 0.983794 0.139699 0.112399
vn 0.983794 0.139699 0.112399
vn 0.872399 0.0522 0.485999
vn 0.872399 0.0522 0.485999
vn 0.872399 0.0522 0.485999
vn 0.872399 0.0522 0.485999
vn 0.872399 0.0522 0.485999
vn 0.872399 0.0522 0.485999
vn 0.872399 0.0522 0.485999
vn -0.524126 -0.249612 -0.81424
vn -0.524126 -0.249612 -0.81424
vn -0.524126 -0.249612 -0.81424
vn -0.524126 -0.249612 -0.81424
vn -0.524126 -0.249612 -0.81424
vn -0.524126 -0.249612 -0.81424
vn -0.563206 0.564106 0.603807
vn -0.563206 0.564106 0.603807
vn -0.563206 0.564106 0.603807
vn -0.563206 0.564106 0.603807
vn 0.270304 -0.959015 0.085001
vn 0.270304 -0.959015 0.085001
vn 0.270304 -0.959015 0.085001
vn 0.270304 -0.959015 0.085001
vn 0.905909 0.304103 0.294703
vn 0.905909 0.304103 0.294703
vn 0.905909 0.304103 0.294703
vn 0.905909 0.304103 0.294703
vn 0.905909 0.304103 0.294703
vn 0.905909 0.304103 0.294703
vn 0.905909 0.304103 0.294703
vn 0.961827 -0.063002 -0.266307
vn 0.961827 -0.063002 -0.266307
vn 0.961827 -0.063002 -0.266307
vn 0.716934 -0.584328 0.380218
vn 0.716934 -0.584328 0.380218
vn 0.716934 -0.584328 0.380218
vn 0.716934 -0.584328 0.380218
vn 0.942603 -0.202901 -0.265201
vn 0.942603 -0.202901 -0.265201
vn 0.942603 -0.202901 -0.265201
vn 0.942603 -0.202901 -0.265201
vn 0.729385 0.291294 0.618987
vn 0.729385 0.291294 0.618987
vn 0.729385 0.291294 0.618987
vn 0.729385 0.291294 0.618987
vn 0.137801 -0.446504 0.884107
vn 0.137801 -0.446504 0.884107
vn 0.518606 0.391705 0.76001
vn 0.518606 0.391705 0.76001
vn 0.518606 0.391705 0.76001
vn 0.518606 0.391705 0.76001
vn 0.770312 0.62761 0.112802
vn 0.770312 0.62761 0.112802
vn 0.770312 0.62761 0.112802
vn 0.770312 0.62761 0.112802
vn 0.950274 0.092397 -0.297392
vn 0.950274 0.092397 -0.297392
vn 0.950274 0.092397 -0.297392
vn 0.950274 0.092397 -0.297392
vn 0.950274 0.092397 -0.297392
vn 0.950274 0.092397 -0.297392
vn -0.735106 -0.0296 0.677306
vn -0.735106 -0.0296 0.677306
vn -0.735106 -0.0296 0.677306
vn -0.735106 -0.0296 0.677306
vn -0.884725 -0.034801 0.464813
vn -0.884725 -0.034801 0.464813
vn -0.884725 -0.034801 0.464813
vn -0.884725 -0.034801 0.464813
vn 0.837599 0.515499 -0.1808
vn 0.837599 0.515499 -0.1808
vn -0.409998 0.590897 0.694797
vn -0.409998 0.590897 0.694797
vn -0.409998 0.590897 0.694797
vn -0.4357 0.6878 0.5806
vn -0.4357 0.6878 0.5806
vn -0.4357 0.6878 0.5806
vn 0.312093 0.275994 0.909079
vn 0.312093 0.275994 0.909079
vn 0.312093 0.275994 0.909079
vn 0.312093 0.275994 0.909079
vn 0.312093 0.275994 0.909079
vn 0.312093 0.275994 0.909079
vn 0.111298 -0.52049 0.846583
vn 0.111298 -0.52049 0.846583
vn 0.111298 -0.52049 0.846583
vn 0.111298 -0.52049 0.846583
vn 0.111298 -0.52049 0.846583
vn -0.195697 -0.760789 0.618791
vn -0.195697 -0.760789 0.618791
vn -0.686976 0.676876 0.264391
vn -0.686976 0.676876 0.264391
vn -0.559908 -0.757011 -0.336805
vn -0.559908 -0.757011 -0.336805
vn -0.559908 -0.757011 -0.336805
vn -0.559908 -0.757011 -0.336805
vn -0.96702 0.136703 -0.214905
vn -0.96702 0.136703 -0.214905
vn -0.96702 0.136703 -0.214905
vn -0.971937 0.028501 -0.233509
vn -0.971937 0.028501 -0.233509
vn -0.971937 0.028501 -0.233509
vn 0.864689 -0.480194 0.147398
vn 0.864689 -0.480194 0.147398
vn 0.864689 -0.480194 0.147398
vn 0.864689 -0.480194 0.147398
vn 0.864689 -0.480194 0.147398
vn 0.864689 -0.480194 0.147398
vn -0.619423 0.194707 -0.760529
vn -0.619423 0.194707 -0.760529
vn -0.619423 0.194707 -0.760529
vn -0.619423 0.194707 -0.760529
vn 0.952468 -0.074098 0.29549
vn 0.952468 -0.074098 0.29549
vn 0.952468 -0.074098 0.29549
vn -0.488414 -0.605117 -0.628718
vn -0.488414 -0.605117 -0.628718
vn -0.488414 -0.605117 -0.628718
vn -0.570025 0.720932 0.394117
vn -0.570025 0.720932 0.394117
vn -0.570025 0.720932 0.394117
vn -0.570025 0.720932 0.394117
vn 0.923409 0.168602 0.344803
vn 0.923409 0.168602 0.344803
vn 0.923409 0.168602 0.344803
vn 0.923409 0.168602 0.344803
vn -0.0538 -0.998507 -0.0095
vn -0.0538 -0.998507 -0.0095
vn -0.0538 -0.998507 -0.0095
vn -0.0538 -0.998507 -0.0095
vn -0.097301 -0.275702 0.956306
vn -0.097301 -0.275702 0.956306
vn -0.097301 -0.275702 0.956306
vn 0.879646 -0.465571 -0.097294
vn 0.879646 -0.465571 -0.097294
vn 0.879646 -0.465571 -0.097294
vn 0.879646 -0.465571 -0.097294
vn 0.879646 -0.465571 -0.097294
vn 0.879646 -0.465571 -0.097294
vn 0.634595 0.365797 0.680795
vn 0.634595 0.365797 0.680795
vn 0.634595 0.365797 0.680795
vn 0.982971 0.068298 0.170595
vn 0.982971 0.068298 0.170595
vn 0.982971 0.068298 0.170595
vn 0.982971 0.068298 0.170595
vn -0.53981 -0.767614 -0.345506
vn -0.53981 -0.767614 -0.345506
vn -0.53981 -0.767614 -0.345506
vn -0.490817 0.84783 0.200707
vn -0.490817 0.84783 0.200707
vn -0.570677 -0.821167 0.0035
vn -0.570677 -0.821167 0.0035
vn -0.570677 -0.821167 0.0035
vn -0.570677 -0.821167 0.0035
vn -0.570677 -0.821167 0.0035
vn -0.423011 0.906124 0
vn -0.423011 0.906124 0
vn 0.83001 -0.198302 -0.521306
vn 0.83001 -0.198302 -0.521306
vn 0.83001 -0.198302 -0.521306
vn 0.767496 -0.275999 0.578597
vn 0.767496 -0.275999 0.578597
vn 0.767496 -0.275999 0.578597
vn 0.767496 -0.275999 0.578597
vn 0.253687 -0.413278 0.874554
vn 0.253687 -0.413278 0.874554
vn 0.253687 -0.413278 0.874554
vn -0.089199 -0.549092 0.830988
vn -0.089199 -0.549092 0.830988
vn -0.089199 -0.549092 0.830988
vn -0.504478 -0.740168 0.444581
vn -0.504478 -0.740168 0.444581
vn -0.504478 -0.740168 0.444581
vn 0.793919 -0.320308 0.516812
vn 0.793919 -0.320308 0.516812
vn 0.793919 -0.320308 0.516812
vn 0.793919 -0.320308 0.516812
vn 0.23589 -0.825665 0.512478
vn 0.23589 -0.825665 0.512478
vn 0.23589 -0.825665 0.512478
vn 0.23589 -0.825665 0.512478
vn 0.23589 -0.825665 0.512478
vn 0.23589 -0.825665 0.512478
vn 0.23589 -0.825665 0.512478
vn 0.23589 -0.825665 0.512478
vn 0.23589 -0.825665 0.512478
vn 0.079999 0.460796 0.883893
vn 0.079999 0.460796 0.883893
vn 0.079999 0.460796 0.883893
vn 0.079999 0.460796 0.883893
vn 0.890017 0.444508 0.101402
vn 0.890017 0.444508 0.101402
vn 0.890017 0.444508 0.101402
vn 0.722498 -0.669198 -0.173699
vn 0.722498 -0.669198 -0.173699
vn 0.722498 -0.669198 -0.173699
vn -0.0903 -0.1253 0.988001
vn -0.0903 -0.1253 0.988001
vn -0.0903 -0.1253 0.988001
vn -0.0903 -0.1253 0.988001
vn 0.423204 -0.191302 0.885608
vn 0.423204 -0.191302 0.885608
vn 0.423204 -0.191302 0.885608
vn 0.423204 -0.191302 0.885608
vn 0.392305 -0.902111 0.179702
vn 0.392305 -0.902111 0.179702
vn 0.392305 -0.902111 0.179702
vn -0.016499 -0.965766 0.258891
vn -0.016499 -0.965766 0.258891
vn -0.016499 -0.965766 0.258891
vn -0.842194 0.532496 0.084599
vn -0.842194 0.532496 0.084599
vn -0.842194 0.532496 0.084599
vn -0.842194 0.532496 0.084599
vn -0.842194 0.532496 0.084599
vn -0.842194 0.532496 0.084599
vn -0.842194 0.532496 0.084599
vn -0.551297 -0.808196 0.207099
vn -0.551297 -0.808196 0.207099
vn -0.551297 -0.808196 0.207099
vn -0.551297 -0.808196 0.207099
vn -0.451222 0.838741 0.304815
vn -0.451222 0.838741 0.304815
vn -0.890008 0.431904 0.146101
vn -0.890008 0.431904 0.146101
vn -0.890008 0.431904 0.146101
vn -0.890008 0.431904 0.146101
vn -0.890008 0.431904 0.146101
vn -0.890008 0.431904 0.146101
vn -0.890008 0.431904 0.146101
vn -0.890008 0.431904 0.146101
vn -0.201498 -0.226297 -0.952989
vn -0.201498 -0.226297 -0.952989
vn -0.201498 -0.226297 -0.952989
vn -0.201498 -0.226297 -0.952989
vn -0.201498 -0.226297 -0.952989
vn -0.772445 -0.366822 -0.51843
vn -0.772445 -0.366822 -0.51843
vn -0.772445 -0.366822 -0.51843
vn -0.198689 0.34918 0.915749
vn -0.198689 0.34918 0.915749
vn -0.198689 0.34918 0.915749
vn -0.198689 0.34918 0.915749
vn -0.198689 0.34918 0.915749
vn -0.198689 0.34918 0.915749
vn -0.198689 0.34918 0.915749
vn -0.198689 0.34918 0.915749
vn -0.198689 0.34918 0.915749
vn -0.0102 -0.992428 -0.122403
vn -0.0102 -0.992428 -0.122403
vn -0.0102 -0.992428 -0.122403
vn -0.0102 -0.992428 -0.122403
vn 0.051199 -0.637583 -0.768679
vn 0.051199 -0.637583 -0.768679
vn 0.818182 0.341992 0.46219
vn 0.818182 0.341992 0.46219
vn 0.818182 0.341992 0.46219
vn 0.818182 0.341992 0.46219
vn 0.818182 0.341992 0.46219
vn -0.182698 0.715791 0.673992
vn -0.182698 0.715791 0.673992
vn -0.182698 0.715791 0.673992
vn 0.878211 -0.416105 -0.235803
vn 0.878211 -0.416105 -0.235803
vn 0.211801 0.899606 0.381902
vn 0.211801 0.899606 0.381902
vn 0.211801 0.899606 0.381902
vn 0.211801 0.899606 0.381902
vn 0.381219 -0.167708 -0.909146
vn 0.381219 -0.167708 -0.909146
vn 0.381219 -0.167708 -0.909146
vn 0.381219 -0.167708 -0.909146
vn 0.381219 -0.167708 -0.909146
vn 0.267299 -0.857397 0.439798
vn 0.267299 -0.857397 0.439798
vn 0.267299 -0.857397 0.439798
vn 0.267299 -0.857397 0.439798
vn 0.865689 0.328296 -0.377895
vn 0.865689 0.328296 -0.377895
vn 0.865689 0.328296 -0.377895
vn 0.865689 0.328296 -0.377895
vn 0.524187 0.347492 0.777481
vn 0.524187 0.347492 0.777481
vn 0.524187 0.347492 0.777481
vn -0.263302 0.149201 0.953106
vn -0.263302 0.149201 0.953106
vn -0.263302 0.149201 0.953106
vn -0.749222 0.019901 0.66202
vn -0.749222 0.019901 0.66202
vn -0.749222 0.019901 0.66202
vn -0.749222 0.019901 0.66202
vn -0.410605 0.889111 -0.202202
vn -0.410605 0.889111 -0.202202
vn -0.410605 0.889111 -0.202202
vn -0.410605 0.889111 -0.202202
vn 0.943773 0.201494 0.262093
vn 0.943773 0.201494 0.262093
vn 0.943773 0.201494 0.262093
vn -0.38791 0.241406 -0.889522
vn -0.38791 0.241406 -0.889522
vn -0.38791 0.241406 -0.889522
vn -0.38791 0.241406 -0.889522
vn -0.227605 0.858621 -0.459311
vn -0.227605 0.858621 -0.459311
vn -0.227605 0.858621 -0.459311
vn -0.906024 -0.307208 -0.291108
vn -0.906024 -0.307208 -0.291108
vn -0.906024 -0.307208 -0.291108
vn -0.906024 -0.307208 -0.291108
vn -0.906024 -0.307208 -0.291108
vn -0.809005 -0.436203 -0.394002
vn -0.809005 -0.436203 -0.394002
vn -0.809005 -0.436203 -0.394002
vn -0.809005 -0.436203 -0.394002
vn -0.861491 0.373496 0.343996
vn -0.861491 0.373496 0.343996
vn -0.861491 0.373496 0.343996
vn -0.582703 -0.282501 -0.762004
vn -0.582703 -0.282501 -0.762004
vn -0.946067 0.321289 -0.041599
vn -0.946067 0.321289 -0.041599
vn -0.946067 0.321289 -0.041599
vn -0.946067 0.321289 -0.041599
vn 0.973176 0.111397 -0.201295
vn 0.973176 0.111397 -0.201295
vn 0.973176 0.111397 -0.201295
vn -0.755991 -0.617392 0.217497
vn -0.755991 -0.617392 0.217497
vn -0.755991 -0.617392 0.217497
vn -0.107793 -0.646159 0.755552
vn -0.107793 -0.646159 0.755552
vn 0.840579 -0.051999 0.539187
vn 0.840579 -0.051999 0.539187
vn 0.840579 -0.051999 0.539187
vn 0.840579 -0.051999 0.539187
vn -0.034701 0.587716 0.808323
vn -0.034701 0.587716 0.808323
vn -0.034701 0.587716 0.808323
vn 0.025001 0.988324 0.150304
vn 0.025001 0.988324 0.150304
vn 0.025001 0.988324 0.150304
vn 0.025001 0.988324 0.150304
vn 0.025001 0.988324 0.150304
vn 0.312402 0.908606 0.277202
vn 0.312402 0.908606 0.277202
vn 0.312402 0.908606 0.277202
vn -0.495998 0.792396 0.355098
vn -0.495998 0.792396 0.355098
vn -0.495998 0.792396 0.355098
vn -0.751235 0.20611 0.627029
vn -0.751235 0.20611 0.627029
vn -0.751235 0.20611 0.627029
vn -0.751235 0.20611 0.627029
vn -0.764602 0.631502 0.1288
vn -0.764602 0.631502 0.1288
vn 0.367398 -0.870195 0.328298
vn 0.367398 -0.870195 0.328298
vn 0.367398 -0.870195 0.328298
vn 0.367398 -0.870195 0.328298
vn 0.650886 -0.627987 -0.426591
vn 0.650886 -0.627987 -0.426591
vn 0.650886 -0.627987 -0.426591
vn -0.302202 0.278002 -0.911805
vn -0.302202 0.278002 -0.911805
vn -0.302202 0.278002 -0.911805
vn -0.414075 -0.561966 -0.716056
vn -0.414075 -0.561966 -0.716056
vn -0.414075 -0.561966 -0.716056
vn -0.414075 -0.561966 -0.716056
vn 0.4551 -0.790899 -0.4091
vn 0.4551 -0.790899 -0.4091
vn 0.4551 -0.790899 -0.4091
vn 0.988644 -0.030701 -0.147107
vn 0.988644 -0.030701 -0.147107
vn 0.988644 -0.030701 -0.147107
vn 0.988644 -0.030701 -0.147107
vn -0.7127 -0.4659 0.5244
vn -0.7127 -0.4659 0.5244
vn -0.7127 -0.4659 0.5244
vn -0.920324 -0.325708 -0.216606
vn -0.920324 -0.325708 -0.216606
vn -0.920324 -0.325708 -0.216606
vn 0.1139 -0.640698 -0.759298
vn 0.1139 -0.640698 -0.759298
vn 0.1139 -0.640698 -0.759298
vn 0.795568 -0.395484 0.458981
vn 0.795568 -0.395484 0.458981
vn -0.491389 -0.465689 -0.735983
vn -0.491389 -0.465689 -0.735983
vn -0.491389 -0.465689 -0.735983
vn 0.813196 0.560497 0.156699
vn 0.813196 0.560497 0.156699
vn 0.500089 0.793283 0.347293
vn 0.500089 0.793283 0.347293
vn 0.500089 0.793283 0.347293
vn 0.503302 0.760702 0.409901
vn 0.503302 0.760702 0.409901
vn 0.503302 0.760702 0.409901
vn 0.503302 0.760702 0.409901
vn 0.503302 0.760702 0.409901
vn 0.456889 0.885279 0.086798
vn 0.456889 0.885279 0.086798
vn 0.456889 0.885279 0.086798
vn 0.456889 0.885279 0.086798
vn 0.700496 0.535897 -0.471297
vn 0.700496 0.535897 -0.471297
vn 0.700496 0.535897 -0.471297
vn 0.700496 0.535897 -0.471297
vn 0.703323 0.689522 0.172906
vn 0.703323 0.689522 0.172906
vn 0.703323 0.689522 0.172906
vn 0.052299 -0.98919 -0.136999
vn 0.052299 -0.98919 -0.136999
vn 0.052299 -0.98919 -0.136999
vn 0.052299 -0.98919 -0.136999
vn 0.052299 -0.98919 -0.136999
vn -0.141206 -0.811437 0.567126
vn -0.141206 -0.811437 0.567126
vn -0.141206 -0.811437 0.567126
vn -0.141206 -0.811437 0.567126
vn 0.388315 -0.799931 -0.457518
vn 0.388315 -0.799931 -0.457518
vn 0.388315 -0.799931 -0.457518
vn 0.388315 -0.799931 -0.457518
vn -0.233407 -0.929826 0.284508
vn -0.233407 -0.929826 0.284508
vn -0.233407 -0.929826 0.284508
vn 0.091898 -0.772781 -0.627984
vn 0.091898 -0.772781 -0.627984
vn 0.091898 -0.772781 -0.627984
vn 0.655788 0.312594 -0.687188
vn 0.655788 0.312594 -0.687188
vn 0.655788 0.312594 -0.687188
vn -0.172003 0.984118 0.043901
vn -0.172003 0.984118 0.043901
vn -0.172003 0.984118 0.043901
vn -0.172003 0.984118 0.043901
vn 0.0385 0.837808 -0.544605
vn 0.0385 0.837808 -0.544605
vn 0.0385 0.837808 -0.544605
vn -0.850807 -0.084101 -0.518704
vn -0.850807 -0.084101 -0.518704
vn -0.850807 -0.084101 -0.518704
vn -0.850807 -0.084101 -0.518704
vn -0.246989 -0.214591 -0.944959
vn -0.246989 -0.214591 -0.944959
vn -0.246989 -0.214591 -0.944959
vn -0.246989 -0.214591 -0.944959
vn -0.246989 -0.214591 -0.944959
vn -0.246989 -0.214591 -0.944959
vn 0.765403 -0.405902 0.499402
vn 0.765403 -0.405902 0.499402
vn 0.765403 -0.405902 0.499402
vn 0.754595 -0.409297 0.512896
vn 0.754595 -0.409297 0.512896
vn 0.754595 -0.409297 0.512896
vn 0.754595 -0.409297 0.512896
vn 0.403095 -0.860188 0.312396
vn 0.403095 -0.860188 0.312396
vn 0.403095 -0.860188 0.312396
vn 0.403095 -0.860188 0.312396
vn 0.486498 -0.788396 0.376498
vn 0.486498 -0.788396 0.376498
vn 0.612706 0.091401 0.785008
vn 0.612706 0.091401 0.785008
vn 0.612706 0.091401 0.785008
vn 0.612706 0.091401 0.785008
vn 0.524204 -0.0122 0.851506
vn 0.524204 -0.0122 0.851506
vn 0.524204 -0.0122 0.851506
vn 0.524204 -0.0122 0.851506
vn 0.707939 0.697638 0.110106
vn 0.707939 0.697638 0.110106
vn 0.707939 0.697638 0.110106
vn 0.707939 0.697638 0.110106
vn 0.707939 0.697638 0.110106
vn 0.446007 0.722912 0.527709
vn 0.446007 0.722912 0.527709
vn 0.446007 0.722912 0.527709
vn 0.446007 0.722912 0.527709
vn 0.446007 0.722912 0.527709
vn 0.446007 0.722912 0.527709
vn 0.446007 0.722912 0.527709
vn 0.446007 0.722912 0.527709
vn 0.233198 -0.932292 0.276498
vn 0.233198 -0.932292 0.276498
vn 0.233198 -0.932292 0.276498
vn 0.233198 -0.932292 0.276498
vn 0.233198 -0.932292 0.276498
vn 0.233198 -0.932292 0.276498
vn 0.598409 -0.736411 -0.315605
vn 0.598409 -0.736411 -0.315605
vn 0.598409 -0.736411 -0.315605
vn 0.598409 -0.736411 -0.315605
vn 0.895779 -0.292393 -0.334792
vn 0.895779 -0.292393 -0.334792
vn 0.909639 -0.140506 -0.390917
vn 0.909639 -0.140506 -0.390917
vn 0.909639 -0.140506 -0.390917
vn 0.626231 -0.570828 -0.531027
vn 0.626231 -0.570828 -0.531027
vn 0.626231 -0.570828 -0.531027
vn 0.626231 -0.570828 -0.531027
vn 0.922085 0.186297 -0.339194
vn 0.922085 0.186297 -0.339194
vn 0.754706 0.567605 -0.329003
vn 0.754706 0.567605 -0.329003
vn 0.754706 0.567605 -0.329003
vn -0.697188 -0.712687 -0.077499
vn -0.697188 -0.712687 -0.077499
vn -0.697188 -0.712687 -0.077499
vn -0.697188 -0.712687 -0.077499
vn -0.79 -0.5947 -0.1491
vn -0.79 -0.5947 -0.1491
vn 0.061099 -0.593795 -0.802293
vn 0.061099 -0.593795 -0.802293
vn 0.061099 -0.593795 -0.802293
vn -0.330992 -0.594785 -0.732581
vn -0.330992 -0.594785 -0.732581
vn -0.330992 -0.594785 -0.732581
vn -0.330992 -0.594785 -0.732581
vn -0.2571 -0.4764 -0.840799
vn -0.2571 -0.4764 -0.840799
vn -0.2571 -0.4764 -0.840799
vn -0.028501 0.760323 -0.64892
vn -0.028501 0.760323 -0.64892
vn -0.028501 0.760323 -0.64892
vn -0.459911 -0.050601 -0.886522
vn -0.459911 -0.050601 -0.886522
vn -0.459911 -0.050601 -0.886522
vn -0.248899 0.522197 -0.815696
vn -0.248899 0.522197 -0.815696
vn -0.248899 0.522197 -0.815696
vn -0.391883 0.626573 -0.673671
vn -0.391883 0.626573 -0.673671
vn -0.701525 -0.675724 0.226408
vn -0.701525 -0.675724 0.226408
vn -0.701525 -0.675724 0.226408
vn -0.926576 -0.170596 0.335191
vn -0.926576 -0.170596 0.335191
vn -0.926576 -0.170596 0.335191
vn -0.346584 0.835562 0.426281
vn -0.346584 0.835562 0.426281
vn -0.346584 0.835562 0.426281
vn -0.346584 0.835562 0.426281
vn -0.988577 -0.101298 0.111597
vn -0.988577 -0.101298 0.111597
vn -0.988577 -0.101298 0.111597
vn -0.819552 0.51017 0.260885
vn -0.819552 0.51017 0.260885
vn -0.819552 0.51017 0.260885
vn -0.819552 0.51017 0.260885
vn -0.596009 -0.237304 -0.767112
vn -0.596009 -0.237304 -0.767112
vn -0.596009 -0.237304 -0.767112
vn 0.059999 0.759791 -0.647393
vn 0.059999 0.759791 -0.647393
vn 0.059999 0.759791 -0.647393
vn -0.922737 -0.327013 -0.204008
vn -0.922737 -0.327013 -0.204008
vn -0.922737 -0.327013 -0.204008
vn -0.922737 -0.327013 -0.204008
vn -0.574218 -0.350411 -0.739923
vn -0.574218 -0.350411 -0.739923
vn -0.574218 -0.350411 -0.739923
vn -0.969235 0.093203 0.227808
vn -0.969235 0.093203 0.227808
vn -0.969235 0.093203 0.227808
vn -0.981492 0.115699 0.152599
vn -0.981492 0.115699 0.152599
vn -0.981492 0.115699 0.152599
vn -0.699898 0.701098 -0.1364
vn -0.699898 0.701098 -0.1364
vn -0.699898 0.701098 -0.1364
vn -0.699898 0.701098 -0.1364
vn -0.535416 0.249407 -0.806924
vn -0.535416 0.249407 -0.806924
vn -0.535416 0.249407 -0.806924
vn 0.407909 -0.809119 -0.42301
vn 0.407909 -0.809119 -0.42301
vn 0.407909 -0.809119 -0.42301
vn 0.407909 -0.809119 -0.42301
vn 0.407909 -0.809119 -0.42301
vn 0.879068 -0.415485 -0.233692
vn 0.879068 -0.415485 -0.233692
vn 0.845881 -0.406691 -0.345092
vn 0.845881 -0.406691 -0.345092
vn 0.845881 -0.406691 -0.345092
vn 0.845881 -0.406691 -0.345092
vn 0.845881 -0.406691 -0.345092
vn 0.118605 -0.715732 -0.68823
vn 0.118605 -0.715732 -0.68823
vn 0.118605 -0.715732 -0.68823
vn 0.118605 -0.715732 -0.68823
vn 0.118605 -0.715732 -0.68823
vn 0.8378 0.3452 -0.423
vn 0.8378 0.3452 -0.423
vn 0.8378 0.3452 -0.423
vn 0.8378 0.3452 -0.423
vn 0.569828 0.497925 -0.653733
vn 0.569828 0.497925 -0.653733
vn 0.569828 0.497925 -0.653733
vn 0.569828 0.497925 -0.653733
vn 0.569828 0.497925 -0.653733
vn 0.569828 0.497925 -0.653733
vn 0.569828 0.497925 -0.653733
vn 0.251195 0.763784 -0.594588
vn 0.251195 0.763784 -0.594588
vn 0.251195 0.763784 -0.594588
vn 0.251195 0.763784 -0.594588
vn -0.253601 -0.637402 -0.727602
vn -0.253601 -0.637402 -0.727602
vn -0.253601 -0.637402 -0.727602
vn -0.253601 -0.637402 -0.727602
vn -0.188393 -0.212792 -0.958764
vn -0.188393 -0.212792 -0.958764
vn -0.188393 -0.212792 -0.958764
vn -0.137199 0.401797 -0.905393
vn -0.137199 0.401797 -0.905393
vn -0.137199 0.401797 -0.905393
vn -0.123399 0.739192 -0.662093
vn -0.123399 0.739192 -0.662093
vn -0.482491 0.53699 -0.691986
vn -0.482491 0.53699 -0.691986
vn -0.482491 0.53699 -0.691986
vn -0.551483 -0.084697 -0.829875
vn -0.551483 -0.084697 -0.829875
vn -0.551483 -0.084697 -0.829875
vn -0.097104 -0.97724 0.188608
vn -0.097104 -0.97724 0.188608
vn 0.082598 0.976676 -0.198195
vn 0.082598 0.976676 -0.198195
vn -0.694482 0.514587 -0.502887
vn -0.694482 0.514587 -0.502887
vn 0.578619 -0.233608 -0.781426
vn 0.578619 -0.233608 -0.781426
vn 0.578619 -0.233608 -0.781426
vn 0.578619 -0.233608 -0.781426
vn 0.610885 0.086498 0.78698
vn 0.610885 0.086498 0.78698
vn 0.610885 0.086498 0.78698
vn 0.610885 0.086498 0.78698
vn 0.92609 -0.199098 0.320496
vn 0.92609 -0.199098 0.320496
vn 0.92609 -0.199098 0.320496
vn 0.92609 -0.199098 0.320496
vn 0.92609 -0.199098 0.320496
vn -0.553391 -0.832787 0.015
vn -0.553391 -0.832787 0.015
vn -0.553391 -0.832787 0.015
vn -0.553391 -0.832787 0.015
vn -0.553391 -0.832787 0.015
vn -0.520328 -0.74964 -0.409022
vn -0.520328 -0.74964 -0.409022
vn -0.520328 -0.74964 -0.409022
vn -0.061899 -0.72279 -0.68829
vn -0.061899 -0.72279 -0.68829
vn -0.061899 -0.72279 -0.68829
vn -0.069197 -0.580573 -0.811262
vn -0.069197 -0.580573 -0.811262
vn -0.069197 -0.580573 -0.811262
vn 0.362602 0.858805 0.361902
vn 0.362602 0.858805 0.361902
vn 0.362602 0.858805 0.361902
vn 0.362602 0.858805 0.361902
vn 0.362602 0.858805 0.361902
vn 0.813486 0.57669 -0.075299
vn 0.813486 0.57669 -0.075299
vn 0.813486 0.57669 -0.075299
vn 0.813486 0.57669 -0.075299
vn -0.482983 0.590479 0.646577
vn -0.482983 0.590479 0.646577
vn -0.482983 0.590479 0.646577
vn -0.482983 0.590479 0.646577
vn -0.452213 0.498015 -0.739922
vn -0.452213 0.498015 -0.739922
vn -0.452213 0.498015 -0.739922
vn -0.452213 0.498015 -0.739922
vn 0.951638 -0.307212 -0.0023
vn 0.951638 -0.307212 -0.0023
vn 0.951638 -0.307212 -0.0023
vn 0.080901 0.966318 0.244305
vn 0.080901 0.966318 0.244305
vn 0.080901 0.966318 0.244305
vn 0.080901 0.966318 0.244305
vn -0.154706 0.591624 0.791232
vn -0.154706 0.591624 0.791232
vn -0.154706 0.591624 0.791232
vn -0.154706 0.591624 0.791232
vn 0.984094 -0.097499 -0.148499
vn 0.984094 -0.097499 -0.148499
vn 0.984094 -0.097499 -0.148499
vn 0.98063 -0.024701 -0.194306
vn 0.98063 -0.024701 -0.194306
vn 0.98063 -0.024701 -0.194306
vn 0.46472 0.880538 0.093204
vn 0.46472 0.880538 0.093204
vn 0.46472 0.880538 0.093204
vn 0.46472 0.880538 0.093204
vn -0.050302 0.957143 0.285213
vn -0.050302 0.957143 0.285213
vn -0.050302 0.957143 0.285213
vn -0.050302 0.957143 0.285213
vn 0.603521 -0.174906 -0.777927
vn 0.603521 -0.174906 -0.777927
vn 0.603521 -0.174906 -0.777927
vn 0.603521 -0.174906 -0.777927
vn -0.933306 0.194101 0.302102
vn -0.933306 0.194101 0.302102
vn -0.933306 0.194101 0.302102
vn -0.933306 0.194101 0.302102
vn -0.038699 0.941283 -0.335394
vn -0.038699 0.941283 -0.335394
vn -0.038699 0.941283 -0.335394
vn -0.038699 0.941283 -0.335394
vn -0.0375 0.611305 -0.790506
vn -0.0375 0.611305 -0.790506
vn -0.0375 0.611305 -0.790506
vn -0.0375 0.611305 -0.790506
vn -0.0375 0.611305 -0.790506
vn -0.953859 0.22069 -0.203591
vn -0.953859 0.22069 -0.203591
vn -0.635629 0.674731 -0.375117
vn -0.635629 0.674731 -0.375117
vn -0.635629 0.674731 -0.375117
vn -0.272104 -0.928412 0.253003
vn -0.272104 -0.928412 0.253003
vn 0.302598 0.772995 -0.557596
vn 0.302598 0.772995 -0.557596
vn 0.616411 -0.269105 0.740013
vn 0.616411 -0.269105 0.740013
vn 0.616411 -0.269105 0.740013
vn 0.616411 -0.269105 0.740013
vn -0.359418 0.508226 -0.78264
vn -0.359418 0.508226 -0.78264
vn -0.359418 0.508226 -0.78264
vn -0.359418 0.508226 -0.78264
vn -0.359418 0.508226 -0.78264
vn -0.221507 -0.786926 0.575919
vn -0.221507 -0.786926 0.575919
vn -0.221507 -0.786926 0.575919
vn -0.221507 -0.786926 0.575919
vn 0.723995 -0.536896 0.433097
vn 0.723995 -0.536896 0.433097
vn 0.874237 0.437919 0.209609
vn 0.874237 0.437919 0.209609
vn 0.046 0.961309 -0.271603
vn 0.046 0.961309 -0.271603
vn 0.046 0.961309 -0.271603
vn 0.046 0.961309 -0.271603
vn 0.153599 -0.421996 0.893491
vn 0.153599 -0.421996 0.893491
vn 0.153599 -0.421996 0.893491
vn 0.153599 -0.421996 0.893491
vn 0.703197 0.695697 -0.146699
vn 0.703197 0.695697 -0.146699
vn 0.703197 0.695697 -0.146699
vn 0.866831 -0.191607 0.460316
vn 0.866831 -0.191607 0.460316
vn 0.866831 -0.191607 0.460316
vn 0.866831 -0.191607 0.460316
vn 0.786266 -0.188992 -0.588275
vn 0.786266 -0.188992 -0.588275
vn 0.786266 -0.188992 -0.588275
vn -0.139503 -0.855818 0.498111
vn -0.139503 -0.855818 0.498111
vn -0.139503 -0.855818 0.498111
vn -0.139503 -0.855818 0.498111
vn -0.139503 -0.855818 0.498111
vn -0.0503 -0.787394 -0.614395
vn -0.0503 -0.787394 -0.614395
vn -0.0503 -0.787394 -0.614395
vn -0.0503 -0.787394 -0.614395
vn -0.796289 -0.603492 -0.041499
vn -0.796289 -0.603492 -0.041499
vn -0.796289 -0.603492 -0.041499
vn 0.789357 0.522972 0.321583
vn 0.789357 0.522972 0.321583
vn 0.799128 -0.523119 0.296211
vn 0.799128 -0.523119 0.296211
vn 0.799128 -0.523119 0.296211
vn 0.399009 0.567013 0.720616
vn 0.399009 0.567013 0.720616
vn 0.399009 0.567013 0.720616
vn 0.399009 0.567013 0.720616
vn -0.81099 -0.501694 0.300996
vn -0.81099 -0.501694 0.300996
vn -0.81099 -0.501694 0.300996
vn -0.81099 -0.501694 0.300996
vn -0.639615 0.508112 0.576814
vn -0.639615 0.508112 0.576814
vn -0.639615 0.508112 0.576814
vn -0.639615 0.508112 0.576814
vn -0.639615 0.508112 0.576814
vn -0.639615 0.508112 0.576814
vn 0.169302 0.844009 0.508906
vn 0.169302 0.844009 0.508906
vn 0.169302 0.844009 0.508906
vn 0.169302 0.844009 0.508906
vn 0.169302 0.844009 0.508906
vn 0.1526 0.799398 -0.581099
vn 0.1526 0.799398 -0.581099
vn 0.1526 0.799398 -0.581099
vn 0.374707 -0.924617 0.068401
vn 0.374707 -0.924617 0.068401
vn 0.374707 -0.924617 0.068401
vn 0.114002 0.718315 0.686314
vn 0.114002 0.718315 0.686314
vn 0.114002 0.718315 0.686314
vn 0.0111 0.708013 0.706113
vn 0.0111 0.708013 0.706113
vn 0.0111 0.708013 0.706113
vn -0.157999 0.779696 0.605897
vn -0.157999 0.779696 0.605897
vn -0.157999 0.779696 0.605897
vn -0.157999 0.779696 0.605897
vn 0.614478 0.743774 0.263091
vn 0.614478 0.743774 0.263091
vn 0.614478 0.743774 0.263091
vn 0.614478 0.743774 0.263091
vn 0.92048 0.256195 0.295094
vn 0.751997 0.450498 0.481198
vn 0.751997 0.450498 0.481198
vn -0.951208 0.221602 -0.214702
vn -0.951208 0.221602 -0.214702
vn -0.951208 0.221602 -0.214702
vn -0.951208 0.221602 -0.214702
vn 0.416999 0.483399 0.769699
vn 0.416999 0.483399 0.769699
vn 0.416999 0.483399 0.769699
vn -0.831399 -0.5026 -0.237
vn -0.831399 -0.5026 -0.237
vn -0.965681 -0.0167 -0.259195
vn -0.965681 -0.0167 -0.259195
vn -0.965681 -0.0167 -0.259195
vn -0.965681 -0.0167 -0.259195
vn -0.965681 -0.0167 -0.259195
vn -0.544191 -0.0112 0.838886
vn -0.544191 -0.0112 0.838886
vn -0.544191 -0.0112 0.838886
vn 0.368288 0.29559 0.881471
vn 0.368288 0.29559 0.881471
vn 0.368288 0.29559 0.881471
vn -0.847911 0.235003 0.475206
vn -0.847911 0.235003 0.475206
vn -0.847911 0.235003 0.475206
vn -0.847911 0.235003 0.475206
vn -0.847911 0.235003 0.475206
vn -0.2057 -0.830902 0.517001
vn -0.2057 -0.830902 0.517001
vn -0.2057 -0.830902 0.517001
vn -0.777729 0.217908 -0.589622
vn -0.777729 0.217908 -0.589622
vn -0.777729 0.217908 -0.589622
vn -0.895387 -0.343795 0.282996
vn -0.895387 -0.343795 0.282996
vn -0.895387 -0.343795 0.282996
vn -0.858291 0.0219 0.512695
vn -0.858291 0.0219 0.512695
vn 0.479287 0.830578 0.283592
vn 0.479287 0.830578 0.283592
vn 0.479287 0.830578 0.283592
vn -0.149702 -0.422506 0.893912
vn -0.149702 -0.422506 0.893912
vn -0.386491 -0.368492 0.845481
vn -0.386491 -0.368492 0.845481
vn -0.386491 -0.368492 0.845481
vn -0.098098 0.47979 0.871882
vn -0.098098 0.47979 0.871882
vn -0.098098 0.47979 0.871882
vn -0.821485 -0.412992 0.393193
vn -0.507797 0.0584 0.859495
vn -0.507797 0.0584 0.859495
vn -0.507797 0.0584 0.859495
vn -0.507797 0.0584 0.859495
vn -0.229191 0.210891 0.950261
vn -0.229191 0.210891 0.950261
vn -0.229191 0.210891 0.950261
vn -0.0189 0.163802 0.986312
vn -0.0068 0.202492 0.97926
vn -0.0068 0.202492 0.97926
vn 0.405999 0.801198 0.439599
vn 0.405999 0.801198 0.439599
vn -0.726355 -0.33028 0.602763
vn -0.726355 -0.33028 0.602763
vn 0.184095 0.626484 0.757381
vn 0.184095 0.626484 0.757381
vn 0.184095 0.626484 0.757381
vn 0.364398 0.870395 0.331098
vn 0.364398 0.870395 0.331098
vn -0.407597 -0.792594 0.453497
vn -0.407597 -0.792594 0.453497
vn -0.407597 -0.792594 0.453497
vn -0.529193 -0.383895 0.75669
vn -0.529193 -0.383895 0.75669
vn -0.529193 -0.383895 0.75669
vn -0.529193 -0.383895 0.75669
vn -0.529193 -0.383895 0.75669
vn -0.372607 -0.155203 0.914918
vn -0.372607 -0.155203 0.914918
vn -0.372607 -0.155203 0.914918
vn -0.372607 -0.155203 0.914918
vn -0.350493 -0.0125 0.936482
vn -0.350493 -0.0125 0.936482
vn -0.121295 -0.470981 0.873765
vn -0.121295 -0.470981 0.873765
vn -0.121295 -0.470981 0.873765
vn -0.046298 -0.773274 0.632379
vn -0.046298 -0.773274 0.632379
vn -0.046298 -0.773274 0.632379
vn -0.110901 0.0209 0.993612
vn -0.110901 0.0209 0.993612
vn -0.044702 -0.259011 0.964839
vn -0.044702 -0.259011 0.964839
vn -0.044702 -0.259011 0.964839
vn -0.044702 -0.259011 0.964839
vn 0.086298 0.680887 0.727286
vn -0.207587 0.32728 0.921843
vn -0.207587 0.32728 0.921843
vn -0.066101 0.696705 0.714305
vn 0.226909 0.910035 0.346913
vn 0.226909 0.910035 0.346913
vn 0.27679 0.934267 0.224792
vn 0.27679 0.934267 0.224792
vn -0.0292 0.901401 0.432
vn -0.0292 0.901401 0.432
vn 0.105596 0.955861 0.274189
vn 0.105596 0.955861 0.274189
vn -0.253793 0.914876 0.313992
vn 0.2951 0.7542 0.5866
vn 0.2951 0.7542 0.5866
vn 0.2951 0.7542 0.5866
vn 0.242306 0.890321 0.385509
vn 0.242306 0.890321 0.385509
vn 0.201795 0.855877 0.476187
vn 0.201795 0.855877 0.476187
vn 0.115994 0.937255 0.328784
vn 0.115994 0.937255 0.328784
vn -0.110703 0.956529 0.269808
vn -0.110703 0.956529 0.269808
vn -0.057702 0.975127 0.214006
vn -0.057702 0.975127 0.214006
vn -0.057702 0.975127 0.214006
vn -0.057702 0.975127 0.214006
vn 0.076002 0.857517 0.50881
vn 0.076002 0.857517 0.50881
vn 0.076002 0.857517 0.50881
vn 0.076002 0.857517 0.50881
vn 0.327682 0.529071 0.782757
vn 0.327682 0.529071 0.782757
vn 0.9678 0.2393 -0.0781
vn 0.9678 0.2393 -0.0781
vn 0.9678 0.2393 -0.0781
vn 0.9678 0.2393 -0.0781
vn 0.706593 0.511095 0.489395
vn 0.706593 0.511095 0.489395
vn 0.706593 0.511095 0.489395
vn 0.741133 0.559525 -0.371017
vn 0.741133 0.559525 -0.371017
vn 0.741133 0.559525 -0.371017
vn 0.741133 0.559525 -0.371017
vn -0.550871 0.74646 -0.37328
vn -0.550871 0.74646 -0.37328
vn -0.550871 0.74646 -0.37328
vn -0.277094 0.700384 0.657785
vn -0.277094 0.700384 0.657785
vn -0.277094 0.700384 0.657785
vn -0.573201 0.817801 0.0514
vn -0.573201 0.817801 0.0514
vn 0.572101 0.507901 -0.644001
vn 0.572101 0.507901 -0.644001
vn 0.572101 0.507901 -0.644001
vn -0.1438 0.777597 -0.612098
vn -0.1438 0.777597 -0.612098
vn -0.1438 0.777597 -0.612098
vn -0.1438 0.777597 -0.612098
vn 0.556207 0.491106 0.670409
vn 0.556207 0.491106 0.670409
vn 0.556207 0.491106 0.670409
vn 0.556207 0.491106 0.670409
vn 0.556207 0.491106 0.670409
vn 0.145796 0.988573 -0.038299
vn 0.145796 0.988573 -0.038299
vn 0.145796 0.988573 -0.038299
vn 0.145796 0.988573 -0.038299
vn 0.145796 0.988573 -0.038299
vn -0.039201 0.783924 0.619619
vn -0.039201 0.783924 0.619619
vn -0.039201 0.783924 0.619619
vn 0.697004 0.661404 -0.277002
vn 0.697004 0.661404 -0.277002
vn 0.697004 0.661404 -0.277002
vn 0.697004 0.661404 -0.277002
vn 0.697004 0.661404 -0.277002
vn 0.697004 0.661404 -0.277002
vn 0.697004 0.661404 -0.277002
vn 0.697004 0.661404 -0.277002
vn 0.78643 0.585922 -0.195507
vn 0.78643 0.585922 -0.195507
vn 0.78643 0.585922 -0.195507
vn 0.78643 0.585922 -0.195507
vn 0.319686 0.427381 -0.845663
vn 0.319686 0.427381 -0.845663
vn 0.319686 0.427381 -0.845663
vn -0.621368 0.750161 0.226188
vn -0.621368 0.750161 0.226188
vn -0.621368 0.750161 0.226188
vn -0.621368 0.750161 0.226188
vn -0.621368 0.750161 0.226188
vn -0.777712 0.450807 0.438107
vn -0.777712 0.450807 0.438107
vn -0.777712 0.450807 0.438107
vn -0.777712 0.450807 0.438107
vn -0.777712 0.450807 0.438107
vn -0.282306 0.534811 -0.796417
vn -0.282306 0.534811 -0.796417
vn -0.282306 0.534811 -0.796417
vn -0.439004 0.746506 -0.500004
vn -0.439004 0.746506 -0.500004
vn -0.439004 0.746506 -0.500004
vn -0.439004 0.746506 -0.500004
vn -0.439004 0.746506 -0.500004
vn 0.557803 0.135701 0.818805
vn 0.557803 0.135701 0.818805
vn 0.557803 0.135701 0.818805
vn 0.835195 0.518897 0.182199
vn 0.835195 0.518897 0.182199
vn 0.162898 0.943491 0.288597
vn 0.162898 0.943491 0.288597
vn 0.162898 0.943491 0.288597
vn 0.162898 0.943491 0.288597
vn 0.162898 0.943491 0.288597
vn 0.995259 0.090196 0.036398
vn 0.995259 0.090196 0.036398
vn 0.995259 0.090196 0.036398
vn -0.277902 0.478404 0.833007
vn -0.277902 0.478404 0.833007
vn -0.277902 0.478404 0.833007
vn -0.277902 0.478404 0.833007
vn -0.178502 0.77431 0.607108
vn -0.178502 0.77431 0.607108
vn -0.40659 -0.074398 0.910577
vn -0.40659 -0.074398 0.910577
vn -0.40659 -0.074398 0.910577
vn -0.40659 -0.074398 0.910577
vn 0.797505 -0.0331 0.602404
vn 0.797505 -0.0331 0.602404
vn 0.797505 -0.0331 0.602404
vn 0.797505 -0.0331 0.602404
vn 0.329002 -0.103801 0.938607
vn 0.329002 -0.103801 0.938607
vn 0.29709 -0.717276 0.630279
vn 0.29709 -0.717276 0.630279
vn 0.29709 -0.717276 0.630279
vn -0.467409 -0.649612 0.599611
vn -0.467409 -0.649612 0.599611
vn -0.467409 -0.649612 0.599611
vn 0.044301 0.792919 0.607715
vn 0.044301 0.792919 0.607715
vn 0.044301 0.792919 0.607715
vn 0.044301 0.792919 0.607715
vn -0.761814 0.261405 0.592711
vn -0.761814 0.261405 0.592711
vn -0.761814 0.261405 0.592711
vn 0.116001 0.0357 0.992607
vn 0.116001 0.0357 0.992607
vn 0.116001 0.0357 0.992607
vn 0.792127 -0.558319 0.246608
vn 0.792127 -0.558319 0.246608
vn 0.792127 -0.558319 0.246608
vn 0.566276 0.603574 0.561276
vn 0.566276 0.603574 0.561276
vn 0.566276 0.603574 0.561276
vn 0.4593 -0.5695 0.681699
vn 0.4593 -0.5695 0.681699
vn 0.4593 -0.5695 0.681699
vn -0.546503 -0.603903 0.580203
vn -0.546503 -0.603903 0.580203
vn -0.546503 -0.603903 0.580203
vn -0.682665 0.464776 0.563871
vn -0.682665 0.464776 0.563871
vn -0.682665 0.464776 0.563871
vn -0.273815 -0.812644 -0.514428
vn -0.273815 -0.812644 -0.514428
vn -0.273815 -0.812644 -0.514428
vn 0.23039 -0.711568 0.66377
vn 0.23039 -0.711568 0.66377
vn 0.23039 -0.711568 0.66377
vn 0.23039 -0.711568 0.66377
vn 0.23039 -0.711568 0.66377
vn -0.403098 0.439898 -0.802497
vn -0.403098 0.439898 -0.802497
vn -0.403098 0.439898 -0.802497
vn 0.213195 0.120297 0.969576
vn 0.213195 0.120297 0.969576
vn -0.145097 0.154497 0.977281
vn -0.145097 0.154497 0.977281
vn -0.145097 0.154497 0.977281
vn -0.610118 -0.478214 0.631718
vn -0.610118 -0.478214 0.631718
vn -0.610118 -0.478214 0.631718
vn -0.335002 -0.170801 0.926607
vn -0.335002 -0.170801 0.926607
vn -0.335002 -0.170801 0.926607
vn -0.335002 -0.170801 0.926607
vn 0.53681 -0.762615 0.360907
vn 0.53681 -0.762615 0.360907
vn 0.53681 -0.762615 0.360907
vn 0.53681 -0.762615 0.360907
vn 0.53681 -0.762615 0.360907
vn 0.53681 -0.762615 0.360907
vn 0.102901 -0.377405 0.920313
vn 0.102901 -0.377405 0.920313
vn 0.102901 -0.377405 0.920313
vn -0.495996 -0.674295 0.547096
vn -0.495996 -0.674295 0.547096
vn -0.495996 -0.674295 0.547096
vn -0.495996 -0.674295 0.547096
vn -0.089001 -0.772207 0.629106
vn -0.089001 -0.772207 0.629106
vn -0.089001 -0.772207 0.629106
vn -0.089001 -0.772207 0.629106
vn -0.089001 -0.772207 0.629106
vn 0.266893 -0.708881 0.652883
vn 0.266893 -0.708881 0.652883
vn 0.266893 -0.708881 0.652883
vn 0.266893 -0.708881 0.652883
vn -0.455114 -0.482115 0.748623
vn -0.455114 -0.482115 0.748623
vn -0.455114 -0.482115 0.748623
vn -0.249197 -0.76699 0.591293
vn -0.249197 -0.76699 0.591293
vn -0.249197 -0.76699 0.591293
vn -0.249197 -0.76699 0.591293
vn -0.0055 -0.365084 0.930958
vn -0.0055 -0.365084 0.930958
vn -0.0055 -0.365084 0.930958
vn 0.0581 -0.927692 0.368797
vn 0.0581 -0.927692 0.368797
vn 0.0581 -0.927692 0.368797
vn 0.0581 -0.927692 0.368797
vn 0.38571 -0.671018 -0.633217
vn 0.38571 -0.671018 -0.633217
vn 0.38571 -0.671018 -0.633217
vn 0.38571 -0.671018 -0.633217
vn -0.236201 -0.943405 0.232801
vn -0.236201 -0.943405 0.232801
vn -0.236201 -0.943405 0.232801
vn -0.254297 -0.960689 0.111399
vn -0.254297 -0.960689 0.111399
vn -0.254297 -0.960689 0.111399
vn -0.254297 -0.960689 0.111399
vn -0.579337 -0.169111 0.797352
vn -0.579337 -0.169111 0.797352
vn -0.653602 0.0073 0.756803
vn -0.653602 0.0073 0.756803
vn -0.653602 0.0073 0.756803
vn 0.7919 -0.1365 0.5952
vn 0.645175 -0.182693 0.741871
vn 0.645175 -0.182693 0.741871
vn -0.34931 -0.026701 0.936627
vn -0.34931 -0.026701 0.936627
vn -0.34931 -0.026701 0.936627
vn -0.34931 -0.026701 0.936627
vn -0.301201 -0.1806 0.936302
vn -0.301201 -0.1806 0.936302
vn -0.342214 -0.173107 0.923538
vn -0.342214 -0.173107 0.923538
vn -0.342214 -0.173107 0.923538
vn -0.47549 -0.104598 0.873481
vn -0.47549 -0.104598 0.873481
vn -0.47549 -0.104598 0.873481
vn -0.542509 0.132002 0.829614
vn -0.542509 0.132002 0.829614
vn -0.542509 0.132002 0.829614
vn -0.454519 -0.107405 0.884238
vn -0.454519 -0.107405 0.884238
vn -0.454519 -0.107405 0.884238
vn 0.644065 0.013099 0.764859
vn 0.644065 0.013099 0.764859
vn 0.644065 0.013099 0.764859
vn 0.644065 0.013099 0.764859
vn 0.733575 -0.072998 0.675677
vn 0.733575 -0.072998 0.675677
vn 0.176895 0.124897 0.976273
vn 0.176895 0.124897 0.976273
vn 0.652088 -0.241096 0.718787
vn 0.652088 -0.241096 0.718787
vn 0.652088 -0.241096 0.718787
vn 0.585108 -0.207303 0.784011
vn 0.585108 -0.207303 0.784011
vn 0.585108 -0.207303 0.784011
vn 0.585108 -0.207303 0.784011
vn 0.592316 0.050501 0.804122
vn 0.592316 0.050501 0.804122
vn 0.705797 0.209599 0.676697
vn 0.705797 0.209599 0.676697
vn 0.705797 0.209599 0.676697
vn 0.705797 0.209599 0.676697
vn 0.785481 0.519287 -0.336692
vn 0.785481 0.519287 -0.336692
vn 0.785481 0.519287 -0.336692
vn 0.457812 0.888824 0.020001
vn 0.457812 0.888824 0.020001
vn 0.457812 0.888824 0.020001
vn 0.457812 0.888824 0.020001
vn 0.457812 0.888824 0.020001
vn 0.78769 -0.107099 -0.606692
vn 0.78769 -0.107099 -0.606692
vn 0.78769 -0.107099 -0.606692
vn 0.78769 -0.107099 -0.606692
vn -0.396402 -0.156701 0.904605
vn -0.396402 -0.156701 0.904605
vn -0.885887 0.462493 0.036099
vn -0.885887 0.462493 0.036099
vn -0.885887 0.462493 0.036099
vn -0.885887 0.462493 0.036099
vn -0.885887 0.462493 0.036099
vn 0.29709 -0.717276 -0.630279
vn 0.29709 -0.717276 -0.630279
vn 0.29709 -0.717276 -0.630279
vn 0.181798 0.74819 -0.638092
vn 0.181798 0.74819 -0.638092
vn 0.181798 0.74819 -0.638092
vn 0.181798 0.74819 -0.638092
vn -0.607106 -0.510305 -0.609106
vn -0.607106 -0.510305 -0.609106
vn -0.607106 -0.510305 -0.609106
vn -0.607106 -0.510305 -0.609106
vn -0.607106 -0.510305 -0.609106
vn -0.752798 0.607898 -0.252499
vn -0.752798 0.607898 -0.252499
vn -0.752798 0.607898 -0.252499
vn 0.5057 -0.8586 -0.0841
vn 0.5057 -0.8586 -0.0841
vn 0.5057 -0.8586 -0.0841
vn -0.188105 -0.858421 -0.477211
vn -0.188105 -0.858421 -0.477211
vn -0.188105 -0.858421 -0.477211
vn -0.188105 -0.858421 -0.477211
vn -0.188105 -0.858421 -0.477211
vn -0.188105 -0.858421 -0.477211
vn 0.908213 -0.0317 0.417306
vn 0.908213 -0.0317 0.417306
vn 0.908213 -0.0317 0.417306
vn 0.908213 -0.0317 0.417306
vn -0.154307 -0.347915 0.92474
vn -0.154307 -0.347915 0.92474
vn -0.154307 -0.347915 0.92474
vn -0.154307 -0.347915 0.92474
vn -0.049502 0.361017 0.931244
vn -0.049502 0.361017 0.931244
vn 0.613804 0.770404 -0.172401
vn 0.613804 0.770404 -0.172401
vn 0.613804 0.770404 -0.172401
vn -0.564632 -0.435424 0.701139
vn -0.564632 -0.435424 0.701139
vn -0.564632 -0.435424 0.701139
vn -0.564632 -0.435424 0.701139
vn -0.147699 0.943197 -0.297599
vn -0.147699 0.943197 -0.297599
vn -0.147699 0.943197 -0.297599
vn -0.147699 0.943197 -0.297599
vn -0.731288 0.281895 0.62109
vn -0.731288 0.281895 0.62109
vn -0.731288 0.281895 0.62109
vn -0.731288 0.281895 0.62109
vn -0.67071 -0.378106 0.63811
vn -0.67071 -0.378106 0.63811
vn -0.67071 -0.378106 0.63811
vn -0.67071 -0.378106 0.63811
vn -0.67071 -0.378106 0.63811
vn -0.699884 -0.077098 -0.710084
vn -0.699884 -0.077098 -0.710084
vn -0.699884 -0.077098 -0.710084
vn -0.699884 -0.077098 -0.710084
vn 0.069498 -0.900679 -0.42889
vn 0.069498 -0.900679 -0.42889
vn 0.069498 -0.900679 -0.42889
vn 0.069498 -0.900679 -0.42889
vn -0.734 0.0273 0.6786
vn -0.734 0.0273 0.6786
vn -0.734 0.0273 0.6786
vn -0.734 0.0273 0.6786
vn -0.929834 0.348613 0.117804
vn -0.929834 0.348613 0.117804
vn -0.931009 -0.228402 -0.284703
vn -0.931009 -0.228402 -0.284703
vn -0.931009 -0.228402 -0.284703
vn 0.755498 -0.654798 0.0215
vn 0.755498 -0.654798 0.0215
vn 0.755498 -0.654798 0.0215
vn 0.794867 0.575876 0.191192
vn 0.794867 0.575876 0.191192
vn 0.794867 0.575876 0.191192
vn 0.075701 -0.255604 0.963813
vn 0.075701 -0.255604 0.963813
vn -0.289504 -0.622609 0.727011
vn -0.289504 -0.622609 0.727011
vn -0.289504 -0.622609 0.727011
vn -0.289504 -0.622609 0.727011
vn -0.2382 0.434901 0.868402
vn -0.2382 0.434901 0.868402
vn -0.2382 0.434901 0.868402
vn -0.742568 0.203291 0.638173
vn -0.742568 0.203291 0.638173
vn -0.742568 0.203291 0.638173
vn -0.200109 0.84964 -0.487923
vn -0.200109 0.84964 -0.487923
vn -0.200109 0.84964 -0.487923
vn -0.200109 0.84964 -0.487923
vn -0.805454 -0.18309 -0.563668
vn -0.805454 -0.18309 -0.563668
vn -0.805454 -0.18309 -0.563668
vn -0.805454 -0.18309 -0.563668
vn -0.839295 0.185099 0.511197
vn -0.839295 0.185099 0.511197
vn -0.839295 0.185099 0.511197
vn -0.839295 0.185099 0.511197
vn -0.839295 0.185099 0.511197
vn -0.406406 0.118202 0.906014
vn -0.406406 0.118202 0.906014
vn -0.894121 -0.027001 0.447011
vn -0.894121 -0.027001 0.447011
vn -0.894121 -0.027001 0.447011
vn -0.964228 0.136704 -0.227106
vn -0.964228 0.136704 -0.227106
vn -0.964228 0.136704 -0.227106
vn -0.964228 0.136704 -0.227106
vn -0.964228 0.136704 -0.227106
vn -0.964228 0.136704 -0.227106
vn -0.871778 -0.350291 0.342491
vn -0.871778 -0.350291 0.342491
vn -0.871778 -0.350291 0.342491
vn -0.871778 -0.350291 0.342491
vn -0.871778 -0.350291 0.342491
vn -0.871778 -0.350291 0.342491
vn -0.871778 -0.350291 0.342491
vn -0.865722 -0.443611 -0.231806
vn -0.865722 -0.443611 -0.231806
vn -0.865722 -0.443611 -0.231806
vn -0.865722 -0.443611 -0.231806
vn -0.865722 -0.443611 -0.231806
vn -0.865722 -0.443611 -0.231806
vn -0.465881 -0.082797 0.880965
vn -0.465881 -0.082797 0.880965
vn -0.465881 -0.082797 0.880965
vn -0.443591 -0.863582 0.239695
vn -0.443591 -0.863582 0.239695
vn -0.747011 -0.439506 0.498807
vn -0.747011 -0.439506 0.498807
vn -0.747011 -0.439506 0.498807
vn -0.747011 -0.439506 0.498807
vn -0.747011 -0.439506 0.498807
vn -0.747011 -0.439506 0.498807
vn -0.747011 -0.439506 0.498807
vn -0.747011 -0.439506 0.498807
vn -0.747011 -0.439506 0.498807
vn -0.865799 0.3441 0.3633
vn -0.865799 0.3441 0.3633
vn 0.707579 -0.437787 0.554684
vn 0.707579 -0.437787 0.554684
vn 0.707579 -0.437787 0.554684
vn 0.308997 -0.273497 0.91089
vn 0.308997 -0.273497 0.91089
vn 0.308997 -0.273497 0.91089
vn -0.21181 0.147307 0.966146
vn -0.21181 0.147307 0.966146
vn -0.21181 0.147307 0.966146
vn 0.789227 -0.608521 0.082603
vn 0.644118 -0.679118 0.35201
vn 0.644118 -0.679118 0.35201
vn 0.592815 -0.80532 -0.0054
vn 0.592815 -0.80532 -0.0054
vn 0.592815 -0.80532 -0.0054
vn 0.351596 -0.120299 0.92839
vn 0.351596 -0.120299 0.92839
vn 0.803724 -0.204606 0.558717
vn 0.803724 -0.204606 0.558717
vn -0.352012 0.060602 0.934032
vn -0.352012 0.060602 0.934032
vn -0.954561 0.297688 -0.013999
vn -0.954561 0.297688 -0.013999
vn -0.954561 0.297688 -0.013999
vn 0.874814 -0.414607 0.250604
vn 0.893153 -0.448977 -0.026399
vn 0.957328 -0.265008 0.115303
vn 0.61007 -0.654168 0.447078
vn 0.61007 -0.654168 0.447078
vn 0.61007 -0.654168 0.447078
vn -0.498992 -0.866285 -0.0236
vn -0.498992 -0.866285 -0.0236
vn -0.498992 -0.866285 -0.0236
vn -0.498992 -0.866285 -0.0236
vn -0.498992 -0.866285 -0.0236
vn 0.658467 0.307185 0.687065
vn 0.658467 0.307185 0.687065
vn 0.658467 0.307185 0.687065
vn 0.658467 0.307185 0.687065
vn 0.658467 0.307185 0.687065
vn -0.042399 0.173698 -0.983886
vn -0.042399 0.173698 -0.983886
vn -0.042399 0.173698 -0.983886
vn -0.042399 0.173698 -0.983886
vn -0.042399 0.173698 -0.983886
vn 0.719436 -0.688935 0.088204
vn 0.719436 -0.688935 0.088204
vn 0.719436 -0.688935 0.088204
vn 0.719436 -0.688935 0.088204
vn 0.991668 -0.016999 0.127696
vn 0.991668 -0.016999 0.127696
vn 0.991668 -0.016999 0.127696
vn 0.991668 -0.016999 0.127696
vn 0.991668 -0.016999 0.127696
vn 0.940152 -0.260714 -0.219412
vn 0.940152 -0.260714 -0.219412
vn 0.940152 -0.260714 -0.219412
vn 0.940152 -0.260714 -0.219412
vn 0.411411 0.884224 -0.221106
vn 0.411411 0.884224 -0.221106
vn 0.411411 0.884224 -0.221106
vn 0.683889 0.456793 0.568891
vn 0.683889 0.456793 0.568891
vn 0.683889 0.456793 0.568891
vn 0.0594 0.996996 0.0497
vn 0.0594 0.996996 0.0497
vn 0.0594 0.996996 0.0497
vn -0.202403 0.811413 0.548309
vn -0.202403 0.811413 0.548309
vn -0.202403 0.811413 0.548309
vn -0.202403 0.811413 0.548309
vn 0.494102 -0.603103 -0.626203
vn 0.494102 -0.603103 -0.626203
vn 0.494102 -0.603103 -0.626203
vn -0.116 -0.8016 -0.5865
vn -0.116 -0.8016 -0.5865
vn -0.116 -0.8016 -0.5865
vn -0.116 -0.8016 -0.5865
vn -0.116 -0.8016 -0.5865
vn -0.116 -0.8016 -0.5865
vn 0.504093 0.599492 -0.621691
vn 0.504093 0.599492 -0.621691
vn 0.504093 0.599492 -0.621691
vn -0.465085 -0.775376 -0.427187
vn -0.465085 -0.775376 -0.427187
vn -0.465085 -0.775376 -0.427187
vn -0.656398 0.303899 -0.690498
vn -0.656398 0.303899 -0.690498
vn -0.656398 0.303899 -0.690498
vn -0.514125 0.63623 -0.575228
vn -0.514125 0.63623 -0.575228
vn -0.514125 0.63623 -0.575228
vn -0.514125 0.63623 -0.575228
vn -0.514125 0.63623 -0.575228
vn -0.514125 0.63623 -0.575228
vn -0.514125 0.63623 -0.575228
vn -0.514125 0.63623 -0.575228
vn -0.620774 0.076297 -0.780268
vn -0.620774 0.076297 -0.780268
vn -0.620774 0.076297 -0.780268
vn 0.307795 0.103698 -0.945785
vn 0.307795 0.103698 -0.945785
vn 0.307795 0.103698 -0.945785
vn 0.307795 0.103698 -0.945785
vn 0.091597 -0.402389 0.910875
vn 0.091597 -0.402389 0.910875
vn 0.091597 -0.402389 0.910875
vn 0.281389 0.74697 -0.602376
vn 0.281389 0.74697 -0.602376
vn 0.281389 0.74697 -0.602376
vn 0.281389 0.74697 -0.602376
vn 0.281389 0.74697 -0.602376
vn -0.330906 -0.326406 0.885416
vn -0.330906 -0.326406 0.885416
vn -0.330906 -0.326406 0.885416
vn -0.330906 -0.326406 0.885416
vn -0.424512 -0.895526 0.133504
vn -0.424512 -0.895526 0.133504
vn -0.424512 -0.895526 0.133504
vn -0.424512 -0.895526 0.133504
vn -0.917094 -0.196999 0.346598
vn -0.917094 -0.196999 0.346598
vn -0.917094 -0.196999 0.346598
vn -0.826384 -0.077199 -0.55779
vn -0.826384 -0.077199 -0.55779
vn -0.826384 -0.077199 -0.55779
vn -0.826384 -0.077199 -0.55779
vn -0.826384 -0.077199 -0.55779
vn -0.46171 -0.343508 -0.817818
vn -0.46171 -0.343508 -0.817818
vn -0.46171 -0.343508 -0.817818
vn -0.772696 0.537997 0.336898
vn -0.772696 0.537997 0.336898
vn -0.772696 0.537997 0.336898
vn -0.772696 0.537997 0.336898
vn -0.772696 0.537997 0.336898
vn -0.772696 0.537997 0.336898
vn -0.247304 0.328605 0.911515
vn -0.247304 0.328605 0.911515
vn -0.247304 0.328605 0.911515
vn 0.309807 -0.935622 0.169204
vn 0.309807 -0.935622 0.169204
vn -0.607906 0.668007 0.429204
vn -0.607906 0.668007 0.429204
vn -0.607906 0.668007 0.429204
vn -0.021501 -0.840223 -0.541815
vn -0.021501 -0.840223 -0.541815
vn -0.021501 -0.840223 -0.541815
vn -0.021501 -0.840223 -0.541815
vn -0.021501 -0.840223 -0.541815
vn -0.0209 0.201397 0.979287
vn -0.0209 0.201397 0.979287
vn 0.078603 0.909631 0.407914
vn 0.078603 0.909631 0.407914
vn 0.078603 0.909631 0.407914
vn -0.318711 -0.0059 0.947833
vn -0.318711 -0.0059 0.947833
vn -0.318711 -0.0059 0.947833
vn -0.169601 -0.161401 0.972206
vn -0.169601 -0.161401 0.972206
vn -0.169601 -0.161401 0.972206
vn 0.1959 0.519999 0.831399
vn 0.1959 0.519999 0.831399
vn -0.081604 0.648728 -0.756633
vn -0.081604 0.648728 -0.756633
vn -0.081604 0.648728 -0.756633
vn -0.258197 -0.707191 0.658191
vn -0.258197 -0.707191 0.658191
vn -0.258197 -0.707191 0.658191
vn -0.665198 -0.668199 -0.333199
vn -0.665198 -0.668199 -0.333199
vn -0.665198 -0.668199 -0.333199
vn -0.665198 -0.668199 -0.333199
vn -0.505977 -0.345185 0.790465
vn -0.505977 -0.345185 0.790465
vn -0.505977 -0.345185 0.790465
vn -0.294902 -0.257401 -0.920205
vn -0.294902 -0.257401 -0.920205
vn -0.294902 -0.257401 -0.920205
vn -0.294902 -0.257401 -0.920205
vn -0.294902 -0.257401 -0.920205
vn -0.50963 -0.762846 0.397924
vn -0.50963 -0.762846 0.397924
vn -0.50963 -0.762846 0.397924
vn -0.50963 -0.762846 0.397924
vn -0.50963 -0.762846 0.397924
vn -0.544666 0.079795 0.834848
vn -0.544666 0.079795 0.834848
vn -0.544666 0.079795 0.834848
vn -0.544666 0.079795 0.834848
vn 0.363897 0.925892 0.101499
vn 0.363897 0.925892 0.101499
vn 0.1121 -0.5708 0.813401
vn 0.1121 -0.5708 0.813401
vn 0.1335 0.320199 0.937897
vn 0.1335 0.320199 0.937897
vn 0.1335 0.320199 0.937897
vn 0.263694 0.054299 0.963077
vn 0.263694 0.054299 0.963077
vn -0.274298 0.524995 0.805693
vn -0.274298 0.524995 0.805693
vn 0.2145 -0.8306 -0.5139
vn 0.2145 -0.8306 -0.5139
vn 0.2145 -0.8306 -0.5139
vn -0.0124 0.546183 0.837574
vn -0.0124 0.546183 0.837574
vn 0.398807 0.346106 0.849214
vn 0.398807 0.346106 0.849214
vn 0.398807 0.346106 0.849214
vn 0.066902 -0.294109 0.953428
vn 0.066902 -0.294109 0.953428
vn 0.279008 -0.174905 0.944226
vn 0.279008 -0.174905 0.944226
vn 0.279008 -0.174905 0.944226
vn 0.0088 0.385403 0.922707
vn 0.0088 0.385403 0.922707
vn -0.323318 -0.482827 0.813845
vn -0.323318 -0.482827 0.813845
vn -0.323318 -0.482827 0.813845
vn 0.139108 -0.567632 0.811445
vn 0.139108 -0.567632 0.811445
vn 0.228694 -0.141396 -0.963175
vn 0.228694 -0.141396 -0.963175
vn 0.228694 -0.141396 -0.963175
vn 0.298406 0.825416 -0.479209
vn 0.298406 0.825416 -0.479209
vn 0.298406 0.825416 -0.479209
vn 0.298406 0.825416 -0.479209
vn 0.102505 0.988247 0.113405
vn 0.102505 0.988247 0.113405
vn 0.102505 0.988247 0.113405
vn 0.816324 -0.36021 -0.451513
vn 0.816324 -0.36021 -0.451513
vn 0.816324 -0.36021 -0.451513
vn 0.816324 -0.36021 -0.451513
vn 0.431388 0.816978 -0.38269
vn 0.431388 0.816978 -0.38269
vn 0.431388 0.816978 -0.38269
vn 0.431388 0.816978 -0.38269
vn 0.431388 0.816978 -0.38269
vn 0.123005 -0.986739 -0.105904
vn 0.123005 -0.986739 -0.105904
vn 0.123005 -0.986739 -0.105904
vn 0.426802 0.844005 0.324802
vn 0.426802 0.844005 0.324802
vn 0.494892 -0.310495 0.811588
vn 0.494892 -0.310495 0.811588
vn 0.494892 -0.310495 0.811588
vn -0.087803 0.914427 -0.395112
vn -0.087803 0.914427 -0.395112
vn -0.087803 0.914427 -0.395112
vn -0.087803 0.914427 -0.395112
vn -0.087803 0.914427 -0.395112
vn -0.087803 0.914427 -0.395112
vn -0.087803 0.914427 -0.395112
vn -0.087803 0.914427 -0.395112
vn -0.105496 -0.060698 -0.992566
vn -0.105496 -0.060698 -0.992566
vn -0.105496 -0.060698 -0.992566
vn -0.105496 -0.060698 -0.992566
vn -0.275905 0.442608 0.853215
vn -0.275905 0.442608 0.853215
vn -0.275905 0.442608 0.853215
vn -0.077703 -0.990134 -0.116604
vn -0.077703 -0.990134 -0.116604
vn -0.077703 -0.990134 -0.116604
vn -0.75461 -0.526507 -0.391605
vn -0.75461 -0.526507 -0.391605
vn -0.75461 -0.526507 -0.391605
vn -0.75461 -0.526507 -0.391605
vn -0.75461 -0.526507 -0.391605
vn -0.558427 -0.680432 0.474523
vn -0.558427 -0.680432 0.474523
vn -0.558427 -0.680432 0.474523
vn -0.630976 -0.718473 0.292689
vn -0.630976 -0.718473 0.292689
vn -0.630976 -0.718473 0.292689
vn -0.630976 -0.718473 0.292689
vn -0.630976 -0.718473 0.292689
vn 0.940697 -0.06 0.333899
vn 0.940697 -0.06 0.333899
vn 0.998607 -0.0455 0.0267
vn 0.998607 -0.0455 0.0267
vn 0.984909 0.143201 0.097201
vn 0.984909 0.143201 0.097201
vn 0.984909 0.143201 0.097201
vn 0.767774 -0.0073 0.640679
vn 0.295996 -0.0366 0.954488
vn 0.295996 -0.0366 0.954488
vn 0.673595 0.166099 0.720195
vn 0.673595 0.166099 0.720195
vn 0.884423 0.177505 0.431611
vn -0.993317 0.002 -0.115402
vn -0.993317 0.002 -0.115402
vn -0.993317 0.002 -0.115402
vn -0.993317 0.002 -0.115402
vn -0.142395 0.026199 -0.989463
vn -0.3746 -0.0665 0.924799
vn -0.3746 -0.0665 0.924799
vn -0.358789 -0.028899 -0.932971
vn -0.970107 -0.230702 -0.075301
vn -0.970107 -0.230702 -0.075301
vn -0.970107 -0.230702 -0.075301
vn 0.771257 0.334025 0.54184
vn 0.952905 -0.0977 -0.287101
vn 0.952905 -0.0977 -0.287101
vn 0.952905 -0.0977 -0.287101
vn 0.952905 -0.0977 -0.287101
vn 0.093496 -0.927561 -0.361785
vn 0.093496 -0.927561 -0.361785
vn 0.093496 -0.927561 -0.361785
vn 0.093496 -0.927561 -0.361785
vn 0.093496 -0.927561 -0.361785
vn 0.093496 -0.927561 -0.361785
vn 0.761309 0.286603 -0.581607
vn 0.761309 0.286603 -0.581607
vn 0.761309 0.286603 -0.581607
vn 0.761309 0.286603 -0.581607
vn 0.761309 0.286603 -0.581607
vn 0.316102 0.127601 0.940105
vn 0.316102 0.127601 0.940105
vn -0.33658 -0.183789 0.923545
vn -0.33658 -0.183789 0.923545
vn 0.631868 0.450277 0.630868
vn -0.633587 0.290194 -0.717185
vn -0.633587 0.290194 -0.717185
vn -0.762091 -0.377695 -0.525894
vn -0.762091 -0.377695 -0.525894
vn -0.762091 -0.377695 -0.525894
vn -0.762091 -0.377695 -0.525894
vn 0.921027 0.33081 0.205606
vn 0.803687 0.545691 0.237296
vn 0.803687 0.545691 0.237296
vn 0.787995 0.613396 -0.053
vn 0.209801 -0.750902 0.626202
vn 0.417497 -0.907993 0.0353
vn 0.417497 -0.907993 0.0353
vn 0.2813 -0.934902 0.2164
vn -0.080299 -0.773091 0.629192
vn -0.080299 -0.773091 0.629192
vn 0.0588 -0.949307 0.308802
vn 0.0588 -0.949307 0.308802
vn 0.146105 -0.988632 0.035501
vn 0.146105 -0.988632 0.035501
vn -0.182791 -0.949456 0.255188
vn -0.182791 -0.949456 0.255188
vn -0.0861 -0.995401 0.042
vn -0.0861 -0.995401 0.042
vn -0.0861 -0.995401 0.042
vn -0.3499 -0.881701 0.3165
vn -0.325812 -0.945334 0.0138
vn 0.115602 -0.768015 -0.629912
vn 0.115602 -0.768015 -0.629912
vn 0.115602 -0.768015 -0.629912
vn 0.496693 -0.865787 0.060899
vn 0.496693 -0.865787 0.060899
vn 0.496693 -0.865787 0.060899
vn 0.496693 -0.865787 0.060899
vn 0.496693 -0.865787 0.060899
vn 0.496693 -0.865787 0.060899
vn 0.496693 -0.865787 0.060899
vn 0.496693 -0.865787 0.060899
vn 0.088198 -0.806884 0.584088
vn 0.088198 -0.806884 0.584088
vn 0.088198 -0.806884 0.584088
vn 0.088198 -0.806884 0.584088
vn 0.088198 -0.806884 0.584088
vn 0.088198 -0.806884 0.584088
vn 0.090997 -0.579082 0.810175
vn 0.090997 -0.579082 0.810175
vn -0.65604 -0.715444 0.240315
vn -0.65604 -0.715444 0.240315
vn -0.65604 -0.715444 0.240315
vn -0.578362 -0.564363 -0.589061
vn -0.578362 -0.564363 -0.589061
vn -0.578362 -0.564363 -0.589061
vn 0.188993 -0.362386 0.912665
vn 0.188993 -0.362386 0.912665
vn 0.471885 -0.594381 0.65118
vn 0.441303 -0.788005 0.429303
vn 0.071103 -0.321212 0.944334
vn 0.071103 -0.321212 0.944334
vn -0.172401 0.285301 0.942805
vn -0.172401 0.285301 0.942805
vn -0.519187 0.746981 0.415289
vn -0.519187 0.746981 0.415289
vn -0.519187 0.746981 0.415289
vn -0.519187 0.746981 0.415289
vn 0.186396 0.968977 0.162296
vn 0.186396 0.968977 0.162296
vn -0.255298 0.874595 0.412198
vn -0.255298 0.874595 0.412198
vn -0.255298 0.874595 0.412198
vn -0.255298 0.874595 0.412198
vn -0.255298 0.874595 0.412198
vn -0.255298 0.874595 0.412198
vn -0.919922 0.326908 0.216505
vn -0.919922 0.326908 0.216505
vn -0.65564 0.543333 0.524332
vn -0.65564 0.543333 0.524332
vn -0.862909 0.442605 0.243903
vn -0.862909 0.442605 0.243903
vn -0.862909 0.442605 0.243903
vn -0.862909 0.442605 0.243903
vn -0.391294 0.097499 -0.915086
vn -0.391294 0.097499 -0.915086
vn -0.199105 0.067902 -0.977623
vn -0.153107 0.076503 -0.985244
vn 0.429509 -0.90112 -0.059201
vn 0.429509 -0.90112 -0.059201
vn 0.745117 -0.666815 0.0126
vn 0.745117 -0.666815 0.0126
vn -0.0266 0.313204 0.949313
vn -0.0266 0.313204 0.949313
vn -0.043697 -0.254285 0.966142
vn -0.043697 -0.254285 0.966142
vn 0.089198 0.94648 0.310193
vn 0.089198 0.94648 0.310193
vn 0.089198 0.94648 0.310193
vn 0.089198 0.94648 0.310193
vn 0.347216 0.528124 -0.774936
vn 0.347216 0.528124 -0.774936
vn 0.347216 0.528124 -0.774936
vn 0.347216 0.528124 -0.774936
vn 0.312511 0.84553 0.432915
vn 0.312511 0.84553 0.432915
vn 0.312511 0.84553 0.432915
vn 0.312511 0.84553 0.432915
vn -0.329208 0.862022 0.38541
vn -0.329208 0.862022 0.38541
vn -0.430302 -0.901203 -0.0517
vn -0.430302 -0.901203 -0.0517
vn 0.052803 -0.282715 0.95775
vn 0.052803 -0.282715 0.95775
vn 0.052803 -0.282715 0.95775
vn 0.052803 -0.282715 0.95775
vn 0.052803 -0.282715 0.95775
vn -0.236298 -0.969894 -0.0589
vn -0.236298 -0.969894 -0.0589
vn -0.236298 -0.969894 -0.0589
vn -0.236298 -0.969894 -0.0589
vn 0.329599 -0.183099 0.926196
vn 0.329599 -0.183099 0.926196
vn 0.329599 -0.183099 0.926196
vn -0.101199 -0.0235 0.994589
vn -0.101199 -0.0235 0.994589
vn 0.876105 -0.334502 -0.347202
vn 0.876105 -0.334502 -0.347202
vn 0.876105 -0.334502 -0.347202
vn 0.876105 -0.334502 -0.347202
vn 0.326398 -0.208299 0.921995
vn 0.326398 -0.208299 0.921995
vn 0.326398 -0.208299 0.921995
vn 0.069901 0.427907 0.901115
vn 0.069901 0.427907 0.901115
vn 0.737332 0.675529 0.0017
vn 0.737332 0.675529 0.0017
vn 0.737332 0.675529 0.0017
vn 0.737332 0.675529 0.0017
vn 0.737332 0.675529 0.0017
vn 0.857889 -0.430195 -0.280996
vn 0.857889 -0.430195 -0.280996
vn 0.857889 -0.430195 -0.280996
vn 0.966604 -0.242701 0.0823
vn 0.966604 -0.242701 0.0823
vn 0.966604 -0.242701 0.0823
vn 0.641882 0.643382 -0.417189
vn 0.641882 0.643382 -0.417189
vn 0.641882 0.643382 -0.417189
vn 0.641882 0.643382 -0.417189
vn -0.0953 -0.0099 0.995399
vn 0.0156 0.0013 -0.999877
vn 0.0156 0.0013 -0.999877
vn -0.114305 -0.448118 0.886637
vn -0.114305 -0.448118 0.886637
vn -0.114305 -0.448118 0.886637
vn -0.221706 0.256307 0.940826
vn -0.221706 0.256307 0.940826
vn -0.217412 0.114406 0.969352
vn -0.217412 0.114406 0.969352
vn -0.217412 0.114406 0.969352
vn -0.217412 0.114406 0.969352
vn -0.048299 0.463492 0.884784
vn -0.048299 0.463492 0.884784
vn -0.175804 -0.381208 0.90762
vn -0.175804 -0.381208 0.90762
vn -0.175804 -0.381208 0.90762
vn -0.120401 0.417404 0.900709
vn -0.120401 0.417404 0.900709
vn -0.106898 -0.492391 0.863785
vn -0.106898 -0.492391 0.863785
vn -0.106898 -0.492391 0.863785
vn -0.106898 -0.492391 0.863785
vn 0.732342 -0.550832 -0.400323
vn 0.732342 -0.550832 -0.400323
vn 0.732342 -0.550832 -0.400323
vn 0.732342 -0.550832 -0.400323
vn 0.033801 -0.290008 0.956427
vn 0.033801 -0.290008 0.956427
vn 0.033801 -0.290008 0.956427
vn -0.132893 -0.567671 0.812459
vn -0.132893 -0.567671 0.812459
vn -0.132893 -0.567671 0.812459
vn -0.132893 -0.567671 0.812459
vn 0.270997 -0.220898 0.936891
vn 0.270997 -0.220898 0.936891
vn 0.270997 -0.220898 0.936891
vn 0.180203 0.506308 0.843314
vn 0.180203 0.506308 0.843314
vn 0.180203 0.506308 0.843314
vn -0.260302 0.353703 0.898408
vn -0.260302 0.353703 0.898408
vn 0.455105 0.85221 -0.258103
vn 0.455105 0.85221 -0.258103
vn 0.455105 0.85221 -0.258103
vn 0.455105 0.85221 -0.258103
vn 0.036501 0.963938 -0.26361
vn 0.036501 0.963938 -0.26361
vn 0.036501 0.963938 -0.26361
vn -0.271704 0.107002 0.956414
vn -0.271704 0.107002 0.956414
vn -0.271704 0.107002 0.956414
vn -0.271704 0.107002 0.956414
vn -0.182491 0.621869 0.761562
vn -0.589896 0.0658 0.804794
vn -0.589896 0.0658 0.804794
vn -0.589896 0.0658 0.804794
vn -0.672326 -0.49962 0.546221
vn -0.672326 -0.49962 0.546221
vn -0.672326 -0.49962 0.546221
vn -0.672326 -0.49962 0.546221
vn -0.808885 0.230296 0.54099
vn -0.808885 0.230296 0.54099
vn -0.808885 0.230296 0.54099
vn -0.579294 0.172798 0.796592
vn -0.579294 0.172798 0.796592
vn -0.579294 0.172798 0.796592
vn -0.769481 -0.174796 0.614285
vn -0.769481 -0.174796 0.614285
vn -0.769481 -0.174796 0.614285
vn -0.469196 -0.190998 0.862192
vn -0.469196 -0.190998 0.862192
vn -0.469196 -0.190998 0.862192
vn -0.469196 -0.190998 0.862192
vn -0.752309 0.580407 0.311704
vn -0.752309 0.580407 0.311704
vn 0.536202 -0.462501 0.706102
vn 0.536202 -0.462501 0.706102
vn 0.536202 -0.462501 0.706102
vn 0.627214 0.394209 0.671715
vn 0.627214 0.394209 0.671715
vn 0.627214 0.394209 0.671715
vn 0.627214 0.394209 0.671715
vn -0.064698 0.559386 0.826379
vn -0.064698 0.559386 0.826379
vn -0.674894 -0.407496 0.615195
vn -0.674894 -0.407496 0.615195
vn -0.674894 -0.407496 0.615195
vn -0.674894 -0.407496 0.615195
vn -0.572302 0.360601 0.736503
vn -0.572302 0.360601 0.736503
vn -0.572302 0.360601 0.736503
vn -0.572302 0.360601 0.736503
vn -0.530494 0.189698 -0.826191
vn -0.530494 0.189698 -0.826191
vn -0.530494 0.189698 -0.826191
vn -0.530494 0.189698 -0.826191
vn -0.624318 0.770022 -0.131504
vn -0.624318 0.770022 -0.131504
vn -0.624318 0.770022 -0.131504
vn -0.680713 0.274405 -0.679213
vn -0.680713 0.274405 -0.679213
vn -0.680713 0.274405 -0.679213
vn -0.680713 0.274405 -0.679213
vn -0.680713 0.274405 -0.679213
vn -0.680713 0.274405 -0.679213
vn -0.680713 0.274405 -0.679213
vn -0.680713 0.274405 -0.679213
vn -0.42188 0.023099 -0.906357
vn -0.42188 0.023099 -0.906357
vn -0.355291 -0.140896 -0.924076
vn -0.355291 -0.140896 -0.924076
vn -0.847892 -0.520995 -0.098199
vn -0.847892 -0.520995 -0.098199
vn -0.847892 -0.520995 -0.098199
vn -0.847892 -0.520995 -0.098199
vn -0.230704 -0.126102 -0.964818
vn -0.053402 -0.053402 -0.997144
vn -0.262997 -0.330596 0.906388
vn -0.262997 -0.330596 0.906388
vn -0.262997 -0.330596 0.906388
vn 0.288186 0.271586 0.918254
vn 0.288186 0.271586 0.918254
vn 0.288186 0.271586 0.918254
vn 0.288186 0.271586 0.918254
vn -0.695607 -0.712007 -0.095801
vn -0.695607 -0.712007 -0.095801
vn -0.695607 -0.712007 -0.095801
vn -0.309907 -0.203104 -0.92882
vn -0.309907 -0.203104 -0.92882
vn 0.409073 0.635058 0.655256
vn 0.409073 0.635058 0.655256
vn 0.409073 0.635058 0.655256
vn 0.409073 0.635058 0.655256
vn 0.409073 0.635058 0.655256
vn 0 0 -1
vn -0.46941 -0.875719 -0.113002
vn -0.46941 -0.875719 -0.113002
vn -0.46941 -0.875719 -0.113002
vn -0.46941 -0.875719 -0.113002
vn -0.46941 -0.875719 -0.113002
vn 0.336494 -0.097898 0.936583
vn 0.336494 -0.097898 0.936583
vn 0.336494 -0.097898 0.936583
vn 0.336494 -0.097898 0.936583
vn 0.336494 -0.097898 0.936583
vn 0.336494 -0.097898 0.936583
vn 0.280913 -0.019101 0.959543
vn 0.280913 -0.019101 0.959543
vn -0.204097 0.152598 0.966984
vn -0.204097 0.152598 0.966984
vn 0.0021 0.302514 0.953143
vn 0.0021 0.302514 0.953143
vn 0.0021 0.302514 0.953143
vn 0.0021 0.302514 0.953143
vn -0.080298 0.046599 0.995681
vn -0.080298 0.046599 0.995681
vn -0.587077 0.054898 0.807668
vn -0.587077 0.054898 0.807668
vn -0.587077 0.054898 0.807668
vn -0.587077 0.054898 0.807668
vn -0.587077 0.054898 0.807668
vn -0.587077 0.054898 0.807668
vn -0.0913 0.995205 -0.0351
vn -0.0913 0.995205 -0.0351
vn 0 0 -1
vn -0.177706 -0.976934 -0.118404
vn -0.177706 -0.976934 -0.118404
vn -0.177706 -0.976934 -0.118404
vn -0.654235 0.755941 -0.023001
vn -0.654235 0.755941 -0.023001
vn -0.654235 0.755941 -0.023001
vn -0.654235 0.755941 -0.023001
vn 0.344407 -0.938819 0.0015
vn 0.344407 -0.938819 0.0015
vn 0.344407 -0.938819 0.0015
vn 0.344407 -0.938819 0.0015
vn 0.344407 -0.938819 0.0015
vn 0.344407 -0.938819 0.0015
vn 0.661899 -0.731298 -0.1646
vn 0.661899 -0.731298 -0.1646
vn 0.661899 -0.731298 -0.1646
vn 0.661899 -0.731298 -0.1646
vn 0 0 -1
vn 0.110404 0.340513 0.933735
vn 0.110404 0.340513 0.933735
vn 0.110404 0.340513 0.933735
vn -0.223293 -0.345489 0.91147
vn -0.223293 -0.345489 0.91147
vn -0.223293 -0.345489 0.91147
vn -0.296008 -0.676517 0.674317
vn -0.296008 -0.676517 0.674317
vn -0.296008 -0.676517 0.674317
vn 0.577211 0.711914 0.400008
vn 0.577211 0.711914 0.400008
vn 0.577211 0.711914 0.400008
vn -0.504694 -0.750591 0.426495
vn -0.504694 -0.750591 0.426495
vn 0.285098 0.260598 0.922393
vn 0.285098 0.260598 0.922393
vn -0.652182 -0.72098 0.234194
vn -0.5382 -0.8428 -0.0054
vn -0.85323 -0.521418 -0.011
vn -0.85323 -0.521418 -0.011
vn 0.259811 0.089104 -0.96154
vn 0.259811 0.089104 -0.96154
vn 0.193207 0.25871 -0.946436
vn 0.193207 0.25871 -0.946436
vn 0.193207 0.25871 -0.946436
vn 0.857017 0.49291 0.150203
vn 0.857017 0.49291 0.150203
vn 0.857017 0.49291 0.150203
vn 0.290617 0.272716 -0.917152
vn 0.290617 0.272716 -0.917152
vn 0.290617 0.272716 -0.917152
vn 0.929609 0.231702 0.286603
vn 0.929609 0.231702 0.286603
vn 0.929609 0.231702 0.286603
vn 0.929609 0.231702 0.286603
vn -0.267704 -0.218003 0.938514
vn -0.267704 -0.218003 0.938514
vn -0.560616 -0.573517 0.597317
vn -0.560616 -0.573517 0.597317
vn -0.713921 -0.700221 -0.0026
vn -0.764439 -0.57563 0.290315
vn -0.764439 -0.57563 0.290315
vn -0.850396 -0.525997 -0.0124
vn -0.850396 -0.525997 -0.0124
vn -0.850396 -0.525997 -0.0124
vn -0.242209 -0.112004 0.963737
vn -0.242209 -0.112004 0.963737
vn -0.719705 -0.388503 0.575404
vn 0.368198 0.123599 0.921495
vn 0.368198 0.123599 0.921495
vn -0.818306 -0.295502 0.493004
vn -0.394512 -0.113704 0.911829
vn -0.394512 -0.113704 0.911829
vn -0.922023 -0.374209 0.099202
vn -0.922023 -0.374209 0.099202
vn -0.943424 -0.199305 0.265007
vn -0.943424 -0.199305 0.265007
vn -0.539694 -0.230498 0.809692
vn -0.539694 -0.230498 0.809692
vn -0.539694 -0.230498 0.809692
vn -0.539694 -0.230498 0.809692
vn 0.0074 -0.935818 -0.352407
vn 0.0074 -0.935818 -0.352407
vn 0.0074 -0.935818 -0.352407
vn 0.0074 -0.935818 -0.352407
vn 0.524102 -0.0094 -0.851604
vn 0.524102 -0.0094 -0.851604
vn 0.524102 -0.0094 -0.851604
vn 0.562615 -0.135604 -0.815522
vn 0.562615 -0.135604 -0.815522
vn 0.562615 -0.135604 -0.815522
vn 0.894722 -0.0035 0.446611
vn 0.894722 -0.0035 0.446611
vn 0.337601 -0.0492 -0.940003
vn 0.976027 -0.192105 0.102303
vn 0.976027 -0.192105 0.102303
vn 0.976027 -0.192105 0.102303
vn 0.257903 -0.129802 -0.957412
vn 0.854826 -0.516616 -0.048801
vn 0.854826 -0.516616 -0.048801
vn 0.854826 -0.516616 -0.048801
vn 0.854826 -0.516616 -0.048801
vn -0.963664 -0.26709 -0.0038
vn -0.963664 -0.26709 -0.0038
vn 0.210591 -0.309886 0.927158
vn 0.210591 -0.309886 0.927158
vn 0.232196 -0.256696 0.938185
vn 0.232196 -0.256696 0.938185
vn 0.316886 -0.014099 0.948359
vn 0.316886 -0.014099 0.948359
vn 0.383089 -0.109697 0.917175
vn 0.383089 -0.109697 0.917175
vn 0.383089 -0.109697 0.917175
vn -0.398698 0.0906 0.912596
vn -0.398698 0.0906 0.912596
vn -0.779794 -0.026 0.625496
vn -0.858698 0.2333 0.456299
vn -0.858698 0.2333 0.456299
vn 0.267099 -0.798498 0.539499
vn 0.267099 -0.798498 0.539499
vn 0.267099 -0.798498 0.539499
vn 0.267099 -0.798498 0.539499
vn -0.945283 0.079199 0.316494
vn -0.945283 0.079199 0.316494
vn -0.99491 -0.077001 0.065001
vn -0.99491 -0.077001 0.065001
vn -0.99491 -0.077001 0.065001
vn -0.748315 -0.646713 0.147603
vn -0.748315 -0.646713 0.147603
vn -0.748315 -0.646713 0.147603
vn -0.748315 -0.646713 0.147603
vn -0.991881 0.123698 -0.029499
vn -0.991881 0.123698 -0.029499
vn -0.334194 0.206596 0.919583
vn -0.334194 0.206596 0.919583
vn -0.334194 0.206596 0.919583
vn -0.069603 -0.987141 0.143906
vn -0.069603 -0.987141 0.143906
vn -0.069603 -0.987141 0.143906
vn -0.74473 0.385416 0.544822
vn -0.74473 0.385416 0.544822
vn -0.74473 0.385416 0.544822
vn 0.814278 -0.525586 -0.246393
vn 0.814278 -0.525586 -0.246393
vn 0.814278 -0.525586 -0.246393
vn 0.814278 -0.525586 -0.246393
vn 0.480503 -0.283502 0.829906
vn 0.480503 -0.283502 0.829906
vn 0.480503 -0.283502 0.829906
vn 0.480503 -0.283502 0.829906
vn -0.752098 -0.1046 0.650698
vn -0.752098 -0.1046 0.650698
vn -0.752098 -0.1046 0.650698
vn -0.752098 -0.1046 0.650698
vn 0.472014 -0.790924 0.389412
vn 0.472014 -0.790924 0.389412
vn 0.472014 -0.790924 0.389412
vn -0.658092 -0.204298 0.724691
vn -0.658092 -0.204298 0.724691
vn -0.658092 -0.204298 0.724691
vn -0.658092 -0.204298 0.724691
vn -0.190996 -0.567687 0.800782
vn -0.190996 -0.567687 0.800782
vn -0.190996 -0.567687 0.800782
vn -0.190996 -0.567687 0.800782
vn -0.190996 -0.567687 0.800782
vn -0.190996 -0.567687 0.800782
vn -0.190996 -0.567687 0.800782
vn 0.147699 -0.820393 0.552395
vn 0.147699 -0.820393 0.552395
vn 0.147699 -0.820393 0.552395
vn -0.778389 -0.307896 0.547093
vn -0.778389 -0.307896 0.547093
vn -0.778389 -0.307896 0.547093
vn -0.829539 0.491723 0.264713
vn -0.79868 0.600685 0.035899
vn -0.943464 0.306388 0.126495
vn -0.886685 0.460692 -0.039399
vn -0.189305 -0.450411 0.872521
vn -0.189305 -0.450411 0.872521
vn -0.189305 -0.450411 0.872521
vn -0.189305 -0.450411 0.872521
vn 0.547095 -0.384197 0.743693
vn 0.547095 -0.384197 0.743693
vn 0.547095 -0.384197 0.743693
vn 0.547095 -0.384197 0.743693
vn 0.123994 -0.757063 0.641468
vn 0.123994 -0.757063 0.641468
vn 0.123994 -0.757063 0.641468
vn -0.249207 0.263107 0.932025
vn -0.249207 0.263107 0.932025
vn -0.249207 0.263107 0.932025
vn -0.335895 0.047799 0.940686
vn -0.335895 0.047799 0.940686
vn -0.335895 0.047799 0.940686
vn -0.254209 0.066902 0.964833
vn -0.254209 0.066902 0.964833
vn -0.254209 0.066902 0.964833
vn 0.184599 0.433397 0.882094
vn 0.184599 0.433397 0.882094
vn -0.314612 -0.282411 0.906236
vn -0.314612 -0.282411 0.906236
vn -0.314612 -0.282411 0.906236
vn -0.314612 -0.282411 0.906236
vn 0.4854 -0.5453 0.6834
vn 0.4854 -0.5453 0.6834
vn 0.4854 -0.5453 0.6834
vn -0.788904 0.260001 0.556803
vn -0.788904 0.260001 0.556803
vn -0.788904 0.260001 0.556803
vn -0.098198 0.888478 0.448289
vn -0.098198 0.888478 0.448289
vn -0.098198 0.888478 0.448289
vn -0.349085 0.255589 0.901562
vn -0.349085 0.255589 0.901562
vn -0.349085 0.255589 0.901562
vn -0.73667 0.49618 0.459481
vn -0.73667 0.49618 0.459481
vn -0.73667 0.49618 0.459481
vn -0.73667 0.49618 0.459481
vn -0.729113 0.375307 0.57231
vn -0.729113 0.375307 0.57231
vn -0.729113 0.375307 0.57231
vn -0.729113 0.375307 0.57231
vn -0.680895 0.224898 0.696995
vn -0.680895 0.224898 0.696995
vn -0.680895 0.224898 0.696995
vn -0.680895 0.224898 0.696995
vn -0.680895 0.224898 0.696995
vn -0.680895 0.224898 0.696995
vn -0.680895 0.224898 0.696995
vn -0.325406 0.656412 0.680613
vn -0.325406 0.656412 0.680613
vn -0.325406 0.656412 0.680613
vn -0.325406 0.656412 0.680613
vn -0.233301 0.450403 0.861805
vn -0.233301 0.450403 0.861805
vn 0.056199 0.301895 0.951683
vn 0.056199 0.301895 0.951683
vn -0.514399 0.1631 0.841898
vn -0.514399 0.1631 0.841898
vn -0.514399 0.1631 0.841898
vn -0.514399 0.1631 0.841898
vn -0.704428 0.208608 0.678427
vn -0.704428 0.208608 0.678427
vn -0.704428 0.208608 0.678427
vn -0.411997 0.301398 0.859894
vn -0.411997 0.301398 0.859894
vn -0.411997 0.301398 0.859894
vn -0.411997 0.301398 0.859894
vn -0.411997 0.301398 0.859894
vn -0.553298 0.305099 0.775097
vn -0.553298 0.305099 0.775097
vn -0.553298 0.305099 0.775097
vn -0.553298 0.305099 0.775097
vn -0.116094 0.457777 0.881455
vn -0.116094 0.457777 0.881455
vn -0.580113 0.614714 0.534412
vn -0.580113 0.614714 0.534412
vn -0.580113 0.614714 0.534412
vn -0.580113 0.614714 0.534412
vn -0.874704 0.302201 0.378902
vn -0.874704 0.302201 0.378902
vn -0.874704 0.302201 0.378902
vn -0.874704 0.302201 0.378902
vn -0.874704 0.302201 0.378902
vn -0.874704 0.302201 0.378902
vn -0.392802 0.746404 0.537203
vn -0.392802 0.746404 0.537203
vn -0.392802 0.746404 0.537203
vn -0.392802 0.746404 0.537203
vn -0.392802 0.746404 0.537203
vn -0.765196 -0.0197 0.643496
vn -0.765196 -0.0197 0.643496
vn -0.765196 -0.0197 0.643496
vn -0.765196 -0.0197 0.643496
vn -0.960696 0.212099 0.179099
vn -0.960696 0.212099 0.179099
vn -0.960696 0.212099 0.179099
vn -0.960696 0.212099 0.179099
vn -0.676537 -0.265615 -0.686838
vn -0.676537 -0.265615 -0.686838
vn -0.676537 -0.265615 -0.686838
vn -0.676537 -0.265615 -0.686838
vn -0.676537 -0.265615 -0.686838
vn -0.894578 0.247994 0.371791
vn -0.894578 0.247994 0.371791
vn -0.894578 0.247994 0.371791
vn -0.894578 0.247994 0.371791
vn -0.894578 0.247994 0.371791
vn -0.894578 0.247994 0.371791
vn -0.928292 -0.089999 -0.360797
vn -0.928292 -0.089999 -0.360797
vn -0.928292 -0.089999 -0.360797
vn -0.928292 -0.089999 -0.360797
vn -0.238588 0.20539 0.949153
vn -0.238588 0.20539 0.949153
vn -0.238588 0.20539 0.949153
vn -0.238588 0.20539 0.949153
vn -0.238588 0.20539 0.949153
vn -0.776335 -0.317314 0.544624
vn -0.776335 -0.317314 0.544624
vn -0.776335 -0.317314 0.544624
vn -0.776335 -0.317314 0.544624
vn 0.083898 0.314393 0.945578
vn 0.083898 0.314393 0.945578
vn 0.0232 0.531096 0.846994
vn 0.0232 0.531096 0.846994
vn -0.677177 -0.094897 0.729675
vn -0.796575 0.399887 0.453386
vn -0.796575 0.399887 0.453386
vn -0.371303 0.658005 0.655105
vn -0.371303 0.658005 0.655105
vn -0.496578 0.152093 0.854563
vn -0.496578 0.152093 0.854563
vn -0.496578 0.152093 0.854563
vn -0.496578 0.152093 0.854563
vn -0.496578 0.152093 0.854563
vn -0.429284 0.876368 0.218392
vn -0.429284 0.876368 0.218392
vn -0.667878 0.574981 0.472584
vn -0.667878 0.574981 0.472584
vn -0.667878 0.574981 0.472584
vn -0.719013 0.635211 0.282005
vn -0.719013 0.635211 0.282005
vn -0.454601 0.853502 0.254701
vn -0.454601 0.853502 0.254701
vn -0.338906 0.907817 0.247005
vn -0.338906 0.907817 0.247005
vn -0.338906 0.907817 0.247005
vn -0.527691 0.810886 0.252996
vn -0.527691 0.810886 0.252996
vn -0.639403 0.701203 0.315401
vn -0.639403 0.701203 0.315401
vn -0.646528 0.157607 0.746432
vn -0.646528 0.157607 0.746432
vn -0.537385 0.507186 0.673781
vn -0.537385 0.507186 0.673781
vn -0.844135 0.111905 0.524322
vn -0.844135 0.111905 0.524322
vn -0.942523 0.161704 0.292407
vn -0.942523 0.161704 0.292407
vn -0.820451 0.50597 0.266184
vn -0.769711 0.620009 0.152102
vn -0.769711 0.620009 0.152102
vn -0.769711 0.620009 0.152102
vn -0.769711 0.620009 0.152102
vn -0.769711 0.620009 0.152102
vn -0.975327 0.204406 0.083402
vn -0.975327 0.204406 0.083402
vn -0.219908 0.475418 0.851832
vn -0.219908 0.475418 0.851832
vn -0.219908 0.475418 0.851832
vn -0.219908 0.475418 0.851832
vn -0.219908 0.475418 0.851832
vn -0.4654 0.884201 -0.0399
vn -0.4654 0.884201 -0.0399
vn -0.4654 0.884201 -0.0399
vn -0.4654 0.884201 -0.0399
vn 0.050801 0.804619 -0.591614
vn 0.050801 0.804619 -0.591614
vn 0.050801 0.804619 -0.591614
vn 0.050801 0.804619 -0.591614
vn 0.050801 0.804619 -0.591614
vn 0.050801 0.804619 -0.591614
vn -0.932526 0.104303 0.34571
vn -0.932526 0.104303 0.34571
vn -0.932526 0.104303 0.34571
vn -0.932526 0.104303 0.34571
vn -0.932526 0.104303 0.34571
vn -0.932526 0.104303 0.34571
vn -0.447413 0.0021 0.894325
vn -0.447413 0.0021 0.894325
vn -0.447413 0.0021 0.894325
vn 0.98088 -0.107398 0.162297
vn 0.98088 -0.107398 0.162297
vn 0.98088 -0.107398 0.162297
vn 0.98088 -0.107398 0.162297
vn 0.98088 -0.107398 0.162297
vn -0.083401 -0.132201 -0.987708
vn -0.083401 -0.132201 -0.987708
vn -0.083401 -0.132201 -0.987708
vn -0.083401 -0.132201 -0.987708
vn -0.083401 -0.132201 -0.987708
vn -0.083401 -0.132201 -0.987708
vn -0.083401 -0.132201 -0.987708
vn 0.080202 -0.945727 0.314909
vn 0.080202 -0.945727 0.314909
vn 0.080202 -0.945727 0.314909
vn 0.080202 -0.945727 0.314909
vn 0.106905 -0.610028 0.785135
vn 0.106905 -0.610028 0.785135
vn 0.106905 -0.610028 0.785135
vn 0.106905 -0.610028 0.785135
vn -0.24481 0.46892 0.848636
vn -0.24481 0.46892 0.848636
vn 0.070298 0.975366 0.209093
vn 0.070298 0.975366 0.209093
vn 0.070298 0.975366 0.209093
vn -0.28991 0.417415 -0.86123
vn -0.28991 0.417415 -0.86123
vn -0.28991 0.417415 -0.86123
vn 0.651808 0.537407 0.535107
vn 0.651808 0.537407 0.535107
vn 0.651808 0.537407 0.535107
vn 0.651808 0.537407 0.535107
vn 0.452923 0.603831 0.655934
vn 0.452923 0.603831 0.655934
vn 0.162999 0.951093 0.262398
vn 0.162999 0.951093 0.262398
vn -0.926092 0.242198 0.289298
vn -0.926092 0.242198 0.289298
vn -0.926092 0.242198 0.289298
vn 0.341996 -0.721891 0.601592
vn 0.341996 -0.721891 0.601592
vn 0.341996 -0.721891 0.601592
vn 0.660092 -0.066999 0.748191
vn 0.660092 -0.066999 0.748191
vn 0.660092 -0.066999 0.748191
vn 0.660092 -0.066999 0.748191
vn -0.081497 0.361086 0.928965
vn -0.081497 0.361086 0.928965
vn -0.081497 0.361086 0.928965
vn -0.081497 0.361086 0.928965
vn 0.131498 0.274395 0.952584
vn 0.131498 0.274395 0.952584
vn -0.010401 0.024401 0.999648
vn -0.010401 0.024401 0.999648
vn -0.511684 -0.501284 0.697778
vn -0.511684 -0.501284 0.697778
vn 0.169501 0.400002 0.900704
vn 0.169501 0.400002 0.900704
vn -0.238005 -0.361908 0.901319
vn -0.238005 -0.361908 0.901319
vn 0.124801 0.322502 0.938306
vn 0.124801 0.322502 0.938306
vn -0.254497 -0.745592 0.615893
vn -0.254497 -0.745592 0.615893
vn 0.340001 0.0836 0.936702
vn 0.340001 0.0836 0.936702
vn 0.340001 0.0836 0.936702
vn -0.298004 -0.76651 0.568908
vn -0.298004 -0.76651 0.568908
vn -0.445293 0.284495 0.848986
vn -0.445293 0.284495 0.848986
vn -0.384693 0.670588 0.634289
vn -0.384693 0.670588 0.634289
vn -0.384693 0.670588 0.634289
vn 0.901163 0.323987 -0.287988
vn 0.901163 0.323987 -0.287988
vn 0.901163 0.323987 -0.287988
vn 0.901163 0.323987 -0.287988
vn 0.901163 0.323987 -0.287988
vn 0.656726 -0.191808 -0.729329
vn 0.656726 -0.191808 -0.729329
vn 0.656726 -0.191808 -0.729329
vn 0.656726 -0.191808 -0.729329
vn -0.104002 -0.987016 -0.122402
vn -0.104002 -0.987016 -0.122402
vn -0.104002 -0.987016 -0.122402
vn 0.1775 0.3698 -0.911999
vn 0.1775 0.3698 -0.911999
vn 0.1775 0.3698 -0.911999
vn 0.1775 0.3698 -0.911999
vn -0.603594 -0.637293 -0.479095
vn -0.603594 -0.637293 -0.479095
vn -0.603594 -0.637293 -0.479095
vn 0.89346 0.029399 0.44818
vn 0.89346 0.029399 0.44818
vn 0.89346 0.029399 0.44818
vn 0.825288 -0.238896 -0.511692
vn 0.825288 -0.238896 -0.511692
vn 0.825288 -0.238896 -0.511692
vn -0.072402 0.930328 0.359511
vn -0.072402 0.930328 0.359511
vn -0.072402 0.930328 0.359511
vn 0.224706 0.087102 -0.970526
vn 0.224706 0.087102 -0.970526
vn 0.224706 0.087102 -0.970526
vn -0.229792 0.691576 -0.684776
vn -0.229792 0.691576 -0.684776
vn -0.229792 0.691576 -0.684776
vn 0.459282 0.801869 -0.382185
vn 0.459282 0.801869 -0.382185
vn 0.459282 0.801869 -0.382185
vn 0.459282 0.801869 -0.382185
vn 0.459282 0.801869 -0.382185
vn -0.146503 0.89882 -0.413109
vn -0.146503 0.89882 -0.413109
vn -0.146503 0.89882 -0.413109
vn -0.146503 0.89882 -0.413109
vn -0.907628 -0.087703 -0.410512
vn -0.907628 -0.087703 -0.410512
vn -0.907628 -0.087703 -0.410512
vn -0.907628 -0.087703 -0.410512
vn -0.907628 -0.087703 -0.410512
vn 0.215905 -0.976124 -0.023801
vn 0.215905 -0.976124 -0.023801
vn 0.215905 -0.976124 -0.023801
vn 0.338906 -0.637712 -0.691713
vn 0.338906 -0.637712 -0.691713
vn 0.338906 -0.637712 -0.691713
vn 0.749289 0.058099 -0.65969
vn 0.749289 0.058099 -0.65969
vn 0.749289 0.058099 -0.65969
vn 0.937891 0.332297 0.099699
vn 0.937891 0.332297 0.099699
vn 0.937891 0.332297 0.099699
vn -0.091297 -0.796071 0.598278
vn -0.091297 -0.796071 0.598278
vn -0.091297 -0.796071 0.598278
vn -0.080196 -0.806062 -0.586372
vn -0.080196 -0.806062 -0.586372
vn -0.080196 -0.806062 -0.586372
vn -0.080196 -0.806062 -0.586372
vn 0.146894 -0.802868 0.577777
vn 0.146894 -0.802868 0.577777
vn 0.146894 -0.802868 0.577777
vn -0.861401 -0.1602 0.482
vn -0.861401 -0.1602 0.482
vn -0.861401 -0.1602 0.482
vn 0.137501 -0.802707 -0.580305
vn 0.137501 -0.802707 -0.580305
vn 0.137501 -0.802707 -0.580305
vn -0.735993 -0.196998 -0.647693
vn -0.735993 -0.196998 -0.647693
vn -0.735993 -0.196998 -0.647693
vn -0.612976 -0.466782 0.637475
vn -0.612976 -0.466782 0.637475
vn -0.612976 -0.466782 0.637475
vn -0.623988 -0.511591 -0.590689
vn -0.623988 -0.511591 -0.590689
vn -0.623988 -0.511591 -0.590689
vn -0.623988 -0.511591 -0.590689
vn -0.302014 -0.548025 -0.780036
vn -0.302014 -0.548025 -0.780036
vn 0.535799 0.700299 0.471699
vn 0.535799 0.700299 0.471699
vn 0.6228 0.647 0.4399
vn 0.6228 0.647 0.4399
vn 0.892525 -0.431612 0.130804
vn 0.892525 -0.431612 0.130804
vn 0.892525 -0.431612 0.130804
vn 0.892525 -0.431612 0.130804
vn 0.892525 -0.431612 0.130804
vn 0.616902 0.782902 0.0806
vn 0.688292 0.719892 0.089499
vn 0.442605 0.81541 0.373105
vn 0.442605 0.81541 0.373105
vn 0.442605 0.81541 0.373105
vn -0.0029 -0.025199 -0.999678
vn 0.400214 0.695524 -0.596721
vn 0.400214 0.695524 -0.596721
vn 0.400214 0.695524 -0.596721
vn -0.56217 -0.047497 -0.825656
vn -0.56217 -0.047497 -0.825656
vn -0.56217 -0.047497 -0.825656
vn -0.544519 -0.831129 0.112804
vn -0.186396 0.946981 0.261695
vn -0.186396 0.946981 0.261695
vn -0.186396 0.946981 0.261695
vn -0.190493 0.955863 -0.223691
vn -0.190493 0.955863 -0.223691
vn -0.190493 0.955863 -0.223691
vn -0.370317 0.616728 -0.694631
vn -0.370317 0.616728 -0.694631
vn -0.370317 0.616728 -0.694631
vn 0.0063 -0.232896 0.972481
vn 0.0063 -0.232896 0.972481
vn -0.132598 0.070099 0.988688
vn -0.132598 0.070099 0.988688
vn -0.132598 0.070099 0.988688
vn -0.132598 0.070099 0.988688
vn 0.137094 0.663769 0.735266
vn 0.137094 0.663769 0.735266
vn 0.137094 0.663769 0.735266
vn 0.603403 0.271201 0.749903
vn 0.603403 0.271201 0.749903
vn 0.603403 0.271201 0.749903
vn 0.603403 0.271201 0.749903
vn 0.560582 0.208293 0.801475
vn 0.560582 0.208293 0.801475
vn -0.387613 -0.58352 0.713625
vn -0.387613 -0.58352 0.713625
vn -0.387613 -0.58352 0.713625
vn 0.511988 0.518988 0.684485
vn 0.511988 0.518988 0.684485
vn 0.511988 0.518988 0.684485
vn 0.077599 0.83969 0.537494
vn 0.077599 0.83969 0.537494
vn 0.298006 0.831116 0.469509
vn 0.298006 0.831116 0.469509
vn 0.298006 0.831116 0.469509
vn 0.298006 0.831116 0.469509
vn 0.0241 0.984113 0.175902
vn 0.0241 0.984113 0.175902
vn 0.197491 0.975554 0.096395
vn 0.197491 0.975554 0.096395
vn 0.534685 0.795078 0.286292
vn 0.534685 0.795078 0.286292
vn 0.534685 0.795078 0.286292
vn 0.748088 0.61479 0.249796
vn 0.748088 0.61479 0.249796
vn 0.608709 0.584309 0.536708
vn 0.608709 0.584309 0.536708
vn 0.326581 0.658261 0.67826
vn 0.326581 0.658261 0.67826
vn 0.326581 0.658261 0.67826
vn 0.326581 0.658261 0.67826
vn 0.271489 0.693571 0.667272
vn 0.271489 0.693571 0.667272
vn 0.271489 0.693571 0.667272
vn 0.271489 0.693571 0.667272
vn 0.743974 0.587479 0.318389
vn 0.743974 0.587479 0.318389
vn 0.369503 0.908107 0.197001
vn 0.369503 0.908107 0.197001
vn 0.578975 0.815264 0.011499
vn -0.822549 -0.040297 0.567265
vn -0.822549 -0.040297 0.567265
vn -0.822549 -0.040297 0.567265
vn 0.073701 0.645713 -0.760015
vn 0.073701 0.645713 -0.760015
vn 0.073701 0.645713 -0.760015
vn 0.0143 0.822619 0.568413
vn 0.0143 0.822619 0.568413
vn 0.0143 0.822619 0.568413
vn 0.0143 0.822619 0.568413
vn 0.0143 0.822619 0.568413
vn 0.0143 0.822619 0.568413
vn 0.425989 0.648183 0.631183
vn 0.425989 0.648183 0.631183
vn 0.425989 0.648183 0.631183
vn 0.425989 0.648183 0.631183
vn -0.796226 -0.523417 0.30341
vn -0.796226 -0.523417 0.30341
vn -0.796226 -0.523417 0.30341
vn -0.243399 0.526798 0.814396
vn -0.243399 0.526798 0.814396
vn -0.243399 0.526798 0.814396
vn 0.131298 0.234596 0.963185
vn 0.131298 0.234596 0.963185
vn 0.131298 0.234596 0.963185
vn -0.1671 -0.445001 0.879802
vn -0.1671 -0.445001 0.879802
vn -0.1671 -0.445001 0.879802
vn 0.267508 0.67662 0.686021
vn 0.267508 0.67662 0.686021
vn 0.267508 0.67662 0.686021
vn 0.376895 0.828788 0.413594
vn 0.376895 0.828788 0.413594
vn 0.539791 0.800186 0.261396
vn 0.481487 0.864376 0.144996
vn 0.402106 0.910714 0.094401
vn 0.224107 0.973831 0.037801
vn -0.926707 -0.353203 0.128301
vn -0.926707 -0.353203 0.128301
vn -0.906174 -0.229694 -0.35509
vn -0.906174 -0.229694 -0.35509
vn -0.906174 -0.229694 -0.35509
vn -0.822624 0.446913 0.35151
vn -0.822624 0.446913 0.35151
vn -0.822624 0.446913 0.35151
vn -0.714837 0.681735 0.155708
vn -0.714837 0.681735 0.155708
vn -0.714837 0.681735 0.155708
vn 0.043399 0.508988 0.859679
vn 0.043399 0.508988 0.859679
vn 0.0118 0.795773 0.60548
vn 0.157492 0.918153 0.363581
vn 0.157492 0.918153 0.363581
vn 0.021601 -0.469211 0.882822
vn 0.021601 -0.469211 0.882822
vn -0.061803 0.269411 0.96104
vn -0.061803 0.269411 0.96104
vn -0.214889 0.741964 0.635069
vn 0.0101 0.999787 -0.018
vn 0.0101 0.999787 -0.018
vn -0.099798 0.957081 0.272095
vn -0.099798 0.957081 0.272095
vn -0.214106 0.976525 -0.023601
vn -0.214106 0.976525 -0.023601
vn -0.214106 0.976525 -0.023601
vn -0.138105 0.685323 0.715024
vn -0.138105 0.685323 0.715024
vn -0.487125 0.134307 0.862943
vn -0.487125 0.134307 0.862943
vn -0.487125 0.134307 0.862943
vn -0.60009 -0.787887 0.138298
vn 0.0061 0.703686 0.710485
vn 0.0061 0.703686 0.710485
vn 0.0061 0.703686 0.710485
vn 0.0061 0.703686 0.710485
vn -0.675403 -0.496902 0.544903
vn -0.675403 -0.496902 0.544903
vn -0.759771 -0.632676 0.149894
vn -0.759771 -0.632676 0.149894
vn -0.759771 -0.632676 0.149894
vn -0.555811 0.400608 0.728414
vn -0.555811 0.400608 0.728414
vn -0.396601 0.258301 0.880902
vn -0.396601 0.258301 0.880902
vn -0.396601 0.258301 0.880902
vn -0.231006 0.762521 0.604316
vn -0.231006 0.762521 0.604316
vn -0.231006 0.762521 0.604316
vn -0.231006 0.762521 0.604316
vn -0.907145 -0.19441 0.373219
vn -0.907145 -0.19441 0.373219
vn -0.907145 -0.19441 0.373219
vn -0.768292 0.283097 0.574094
vn -0.768292 0.283097 0.574094
vn -0.768292 0.283097 0.574094
vn -0.460387 0.884276 0.078098
vn -0.460387 0.884276 0.078098
vn -0.246896 0.738188 0.62779
vn -0.246896 0.738188 0.62779
vn -0.246896 0.738188 0.62779
vn 0.289216 0.737542 -0.610234
vn 0.289216 0.737542 -0.610234
vn 0.289216 0.737542 -0.610234
vn 0.289216 0.737542 -0.610234
vn 0.289216 0.737542 -0.610234
vn 0.289216 0.737542 -0.610234
vn -0.146104 0.210906 0.966526
vn -0.146104 0.210906 0.966526
vn -0.436601 0.636502 0.635802
vn -0.288598 0.918593 0.269998
vn -0.45621 0.828319 0.325207
vn -0.45621 0.828319 0.325207
vn -0.422017 0.905236 -0.049502
vn -0.422017 0.905236 -0.049502
vn -0.422017 0.905236 -0.049502
vn -0.606288 0.794585 -0.032399
vn -0.606288 0.794585 -0.032399
vn 0.239103 0.970911 0.0127
vn 0.239103 0.970911 0.0127
vn -0.63322 0.558318 0.536017
vn -0.63322 0.558318 0.536017
vn 0.84931 -0.085001 0.521006
vn 0.84931 -0.085001 0.521006
vn 0.84931 -0.085001 0.521006
vn 0.881209 0.142602 0.450705
vn 0.881209 0.142602 0.450705
vn 0.881209 0.142602 0.450705
vn 0.881209 0.142602 0.450705
vn 0.881209 0.142602 0.450705
vn -0.044302 0.354119 0.93415
vn -0.044302 0.354119 0.93415
vn -0.230803 0.252703 0.939612
vn -0.230803 0.252703 0.939612
vn -0.230803 0.252703 0.939612
vn -0.230803 0.252703 0.939612
vn -0.230803 0.252703 0.939612
vn 0.319599 0.861297 0.394999
vn 0.319599 0.861297 0.394999
vn 0.319599 0.861297 0.394999
vn 0.496896 -0.268298 0.825294
vn 0.496896 -0.268298 0.825294
vn -0.560673 0.641169 0.523974
vn -0.560673 0.641169 0.523974
vn -0.560673 0.641169 0.523974
vn -0.560673 0.641169 0.523974
vn -0.6792 0.6927 0.2426
vn -0.6792 0.6927 0.2426
vn 0.273818 -0.938662 -0.209614
vn 0.273818 -0.938662 -0.209614
vn 0.247494 -0.764682 -0.594986
vn 0.0366 -0.943691 -0.328797
vn 0.0366 -0.943691 -0.328797
vn 0.0366 -0.943691 -0.328797
vn 0.0366 -0.943691 -0.328797
vn 0.074098 -0.764476 -0.64038
vn -0.0711 -0.674001 -0.735301
vn -0.0711 -0.674001 -0.735301
vn -0.163204 -0.911924 -0.37651
vn -0.163204 -0.911924 -0.37651
vn 0.0589 -0.3684 -0.9278
vn 0.0589 -0.3684 -0.9278
vn -0.304392 -0.937776 -0.167096
vn -0.304392 -0.937776 -0.167096
vn -0.304392 -0.937776 -0.167096
vn -0.304392 -0.937776 -0.167096
vn -0.337517 -0.806141 -0.486024
vn -0.337517 -0.806141 -0.486024
vn 0.859891 -0.503095 -0.086499
vn 0.724568 -0.510177 -0.463379
vn 0.724568 -0.510177 -0.463379
vn 0.734535 -0.668232 -0.118006
vn 0.59434 -0.674845 -0.437429
vn 0.59434 -0.674845 -0.437429
vn 0.36029 -0.325591 -0.874175
vn 0.36029 -0.325591 -0.874175
vn 0.960638 -0.270911 -0.061502
vn 0.863417 -0.301606 -0.404408
vn 0.863417 -0.301606 -0.404408
vn 0.967194 -0.108299 -0.229799
vn 0.967194 -0.108299 -0.229799
vn 0.827297 -0.0632 -0.558198
vn -0.738372 0.370386 -0.563579
vn -0.738372 0.370386 -0.563579
vn -0.738372 0.370386 -0.563579
vn -0.738372 0.370386 -0.563579
vn 0.453121 -0.174808 -0.874141
vn 0.453121 -0.174808 -0.874141
vn 0.453121 -0.174808 -0.874141
vn 0.453121 -0.174808 -0.874141
vn -0.1538 0.0717 -0.985497
vn 0.474292 -0.816786 -0.328494
vn 0.474292 -0.816786 -0.328494
vn 0.421217 -0.606625 -0.674227
vn -0.496427 0.661236 -0.56243
vn -0.496427 0.661236 -0.56243
vn -0.496427 0.661236 -0.56243
vn -0.496427 0.661236 -0.56243
vn 0.166409 -0.320117 -0.932649
vn 0.166409 -0.320117 -0.932649
vn -0.1007 0.157301 -0.982403
vn 0.981275 0.067498 -0.180395
vn 0.981275 0.067498 -0.180395
vn 0.981275 0.067498 -0.180395
vn 0.796136 0.135606 -0.589727
vn -0.828611 -0.0044 -0.559807
vn -0.828611 -0.0044 -0.559807
vn -0.828611 -0.0044 -0.559807
vn -0.755878 -0.356589 -0.549084
vn -0.755878 -0.356589 -0.549084
vn -0.755878 -0.356589 -0.549084
vn 0.386688 -0.0086 -0.922171
vn 0.386688 -0.0086 -0.922171
vn -0.184305 0.0092 -0.982826
vn 0.371087 0.130596 -0.919369
vn 0.371087 0.130596 -0.919369
vn -0.179007 -0.068803 -0.981439
vn 0.87277 0.439985 -0.211393
vn 0.817791 0.343996 -0.461395
vn 0.756395 0.587596 -0.287398
vn 0.756395 0.587596 -0.287398
vn 0.629601 0.484801 -0.607101
vn 0.350791 0.226794 -0.908576
vn 0.350791 0.226794 -0.908576
vn -0.468091 -0.698186 -0.541689
vn -0.468091 -0.698186 -0.541689
vn -0.468091 -0.698186 -0.541689
vn -0.126906 -0.130106 -0.983345
vn 0.219194 0.280892 -0.934373
vn 0.219194 0.280892 -0.934373
vn 0.219194 0.280892 -0.934373
vn -0.129193 0.823257 -0.552771
vn -0.129193 0.823257 -0.552771
vn -0.129193 0.823257 -0.552771
vn -0.129193 0.823257 -0.552771
vn 0.317401 0.774202 -0.547602
vn 0.317401 0.774202 -0.547602
vn -0.0168 0.179696 -0.983579
vn -0.0168 0.179696 -0.983579
vn 0.753417 -0.640415 -0.149103
vn 0.753417 -0.640415 -0.149103
vn 0.572928 -0.733637 -0.365418
vn 0.572928 -0.733637 -0.365418
vn -0.192405 -0.966827 -0.168005
vn -0.192405 -0.966827 -0.168005
vn 0.521608 -0.813113 -0.258404
vn 0.521608 -0.813113 -0.258404
vn 0.521608 -0.813113 -0.258404
vn -0.616426 -0.652928 -0.440119
vn -0.616426 -0.652928 -0.440119
vn -0.616426 -0.652928 -0.440119
vn -0.877031 -0.424115 -0.225708
vn -0.877031 -0.424115 -0.225708
vn -0.558413 -0.658515 -0.504512
vn -0.558413 -0.658515 -0.504512
vn -0.558413 -0.658515 -0.504512
vn -0.090204 -0.836737 0.540124
vn -0.090204 -0.836737 0.540124
vn -0.090204 -0.836737 0.540124
vn -0.3622 -0.6012 -0.712299
vn -0.3622 -0.6012 -0.712299
vn -0.3622 -0.6012 -0.712299
vn -0.3622 -0.6012 -0.712299
vn -0.571813 -0.810018 -0.130003
vn -0.550603 -0.660704 -0.510203
vn -0.550603 -0.660704 -0.510203
vn -0.119302 -0.371805 -0.920613
vn -0.119302 -0.371805 -0.920613
vn 0.077 0.169001 -0.982604
vn -0.284 -0.2872 -0.914801
vn -0.284 -0.2872 -0.914801
vn 0.141298 0.112199 -0.983588
vn 0.141298 0.112199 -0.983588
vn 0.604707 0.567507 -0.558807
vn 0.604707 0.567507 -0.558807
vn 0.604707 0.567507 -0.558807
vn 0.829518 0.186804 -0.526312
vn 0.829518 0.186804 -0.526312
vn 0.829518 0.186804 -0.526312
vn 0.829518 0.186804 -0.526312
vn 0.829518 0.186804 -0.526312
vn 0.352707 -0.704713 -0.615611
vn 0.352707 -0.704713 -0.615611
vn 0.352707 -0.704713 -0.615611
vn -0.467979 -0.66427 -0.582873
vn -0.467979 -0.66427 -0.582873
vn -0.467979 -0.66427 -0.582873
vn -0.0468 -0.7975 -0.6015
vn -0.0468 -0.7975 -0.6015
vn -0.0468 -0.7975 -0.6015
vn -0.0468 -0.7975 -0.6015
vn 0.932227 0.303809 -0.196606
vn 0.932227 0.303809 -0.196606
vn 0.932227 0.303809 -0.196606
vn 0.883377 0.195395 -0.425989
vn 0.883377 0.195395 -0.425989
vn 0.330406 0.927017 -0.177403
vn 0.330406 0.927017 -0.177403
vn 0.330406 0.927017 -0.177403
vn 0.4645 0.723199 -0.5111
vn 0.4645 0.723199 -0.5111
vn 0.4645 0.723199 -0.5111
vn -0.268587 0.798961 -0.538073
vn 0.960656 0.196091 -0.196691
vn 0.960656 0.196091 -0.196691
vn 0.960656 0.196091 -0.196691
vn 0.62347 -0.761364 -0.177792
vn 0.62347 -0.761364 -0.177792
vn 0.62347 -0.761364 -0.177792
vn 0.196003 0.909415 -0.366806
vn 0.196003 0.909415 -0.366806
vn 0.196003 0.909415 -0.366806
vn 0.196003 0.909415 -0.366806
vn 0.924442 -0.153607 0.349016
vn 0.924442 -0.153607 0.349016
vn 0.924442 -0.153607 0.349016
vn -0.916985 0.321995 -0.235496
vn -0.916985 0.321995 -0.235496
vn -0.916985 0.321995 -0.235496
vn -0.797711 0.205603 -0.566908
vn -0.797711 0.205603 -0.566908
vn -0.448689 0.874479 -0.184296
vn -0.448689 0.874479 -0.184296
vn -0.448689 0.874479 -0.184296
vn -0.780109 0.411005 -0.471705
vn -0.780109 0.411005 -0.471705
vn -0.780109 0.411005 -0.471705
vn 0.402487 -0.568282 0.717677
vn 0.402487 -0.568282 0.717677
vn 0.402487 -0.568282 0.717677
vn 0.539005 -0.656506 -0.527705
vn 0.539005 -0.656506 -0.527705
vn 0.539005 -0.656506 -0.527705
vn 0.539005 -0.656506 -0.527705
vn -0.178397 -0.858384 -0.480991
vn -0.178397 -0.858384 -0.480991
vn -0.178397 -0.858384 -0.480991
vn -0.178397 -0.858384 -0.480991
vn 0.326511 -0.768825 -0.549818
vn 0.326511 -0.768825 -0.549818
vn 0.326511 -0.768825 -0.549818
vn 0.841158 -0.519774 0.149293
vn 0.841158 -0.519774 0.149293
vn 0.841158 -0.519774 0.149293
vn 0.841158 -0.519774 0.149293
vn 0.655505 -0.750605 -0.083101
vn 0.655505 -0.750605 -0.083101
vn 0.655505 -0.750605 -0.083101
vn 0.655505 -0.750605 -0.083101
vn 0.838588 -0.157198 -0.521593
vn 0.838588 -0.157198 -0.521593
vn 0.838588 -0.157198 -0.521593
vn 0.838588 -0.157198 -0.521593
vn 0.838588 -0.157198 -0.521593
vn -0.208701 0.531102 0.821203
vn -0.208701 0.531102 0.821203
vn -0.208701 0.531102 0.821203
vn -0.208701 0.531102 0.821203
vn -0.436415 -0.451215 0.778426
vn -0.436415 -0.451215 0.778426
vn 0.222312 0.606033 0.763742
vn 0.222312 0.606033 0.763742
vn -0.288697 -0.408095 0.86609
vn -0.288697 -0.408095 0.86609
vn -0.301399 0.820699 0.485399
vn -0.301399 0.820699 0.485399
vn -0.301399 0.820699 0.485399
vn -0.767088 -0.407994 0.495092
vn -0.767088 -0.407994 0.495092
vn -0.767088 -0.407994 0.495092
vn 0.645627 -0.548123 -0.531722
vn 0.645627 -0.548123 -0.531722
vn 0.100403 -0.151604 -0.983329
vn -0.064803 -0.970648 0.231611
vn -0.064803 -0.970648 0.231611
vn -0.064803 -0.970648 0.231611
vn -0.064803 -0.970648 0.231611
vn -0.376776 -0.845947 0.377376
vn -0.376776 -0.845947 0.377376
vn -0.376776 -0.845947 0.377376
vn -0.376776 -0.845947 0.377376
vn -0.376776 -0.845947 0.377376
vn -0.771604 0.534803 -0.344402
vn -0.771604 0.534803 -0.344402
vn -0.771604 0.534803 -0.344402
vn -0.771604 0.534803 -0.344402
vn 0.159297 -0.100698 -0.982082
vn -0.232908 -0.722624 -0.650822
vn -0.232908 -0.722624 -0.650822
vn -0.232908 -0.722624 -0.650822
vn -0.232908 -0.722624 -0.650822
vn -0.232908 -0.722624 -0.650822
vn -0.232908 -0.722624 -0.650822
vn -0.794698 0.346199 -0.498599
vn -0.794698 0.346199 -0.498599
vn -0.794698 0.346199 -0.498599
vn -0.794698 0.346199 -0.498599
vn 0.782189 0.0237 -0.622591
vn 0.782189 0.0237 -0.622591
vn 0.782189 0.0237 -0.622591
vn 0.221101 0.775702 -0.591102
vn 0.221101 0.775702 -0.591102
vn 0.221101 0.775702 -0.591102
vn 0.616191 -0.097899 -0.781489
vn 0.616191 -0.097899 -0.781489
vn 0.616191 -0.097899 -0.781489
vn -0.713315 0.370808 -0.594713
vn -0.713315 0.370808 -0.594713
vn -0.713315 0.370808 -0.594713
vn -0.104401 -0.439803 -0.892006
vn -0.104401 -0.439803 -0.892006
vn -0.104401 -0.439803 -0.892006
vn -0.104401 -0.439803 -0.892006
vn -0.104401 -0.439803 -0.892006
vn 0.19599 0.279086 -0.940053
vn 0.19599 0.279086 -0.940053
vn 0.19599 0.279086 -0.940053
vn 0.19599 0.279086 -0.940053
vn 0.19599 0.279086 -0.940053
vn 0.042199 -0.226193 -0.973168
vn 0.042199 -0.226193 -0.973168
vn 0.042199 -0.226193 -0.973168
vn 0.594517 -0.515715 -0.616918
vn 0.594517 -0.515715 -0.616918
vn 0.594517 -0.515715 -0.616918
vn 0.61618 -0.227693 -0.753975
vn 0.61618 -0.227693 -0.753975
vn 0.61618 -0.227693 -0.753975
vn -0.305491 -0.812575 -0.496385
vn -0.305491 -0.812575 -0.496385
vn -0.305491 -0.812575 -0.496385
vn 0.476823 0.790239 -0.384919
vn 0.476823 0.790239 -0.384919
vn 0.476823 0.790239 -0.384919
vn 0.476823 0.790239 -0.384919
vn 0.476823 0.790239 -0.384919
vn 0.476823 0.790239 -0.384919
vn 0.765314 -0.0178 -0.643411
vn 0.765314 -0.0178 -0.643411
vn 0.765314 -0.0178 -0.643411
vn 0.0011 -0.823869 -0.566779
vn 0.0011 -0.823869 -0.566779
vn 0.0011 -0.823869 -0.566779
vn 0.129902 0.822515 -0.55371
vn 0.129902 0.822515 -0.55371
vn 0.129902 0.822515 -0.55371
vn 0.129902 0.822515 -0.55371
vn -0.441309 -0.690914 -0.572612
vn -0.441309 -0.690914 -0.572612
vn -0.441309 -0.690914 -0.572612
vn -0.441309 -0.690914 -0.572612
vn 0.503305 -0.776508 -0.379104
vn 0.503305 -0.776508 -0.379104
vn 0.503305 -0.776508 -0.379104
vn -0.258207 0.77462 -0.577315
vn -0.258207 0.77462 -0.577315
vn -0.258207 0.77462 -0.577315
vn 0.914382 -0.007 0.404792
vn 0.914382 -0.007 0.404792
vn 0.914382 -0.007 0.404792
vn 0.914382 -0.007 0.404792
vn -0.736316 -0.375008 -0.563212
vn -0.736316 -0.375008 -0.563212
vn -0.736316 -0.375008 -0.563212
vn -0.572823 -0.807232 0.142306
vn -0.572823 -0.807232 0.142306
vn -0.572823 -0.807232 0.142306
vn -0.572823 -0.807232 0.142306
vn 0.391889 0.404789 0.826177
vn 0.391889 0.404789 0.826177
vn 0.391889 0.404789 0.826177
vn 0.391889 0.404789 0.826177
vn 0.391889 0.404789 0.826177
vn -0.016899 0.024399 -0.999559
vn -0.016899 0.024399 -0.999559
vn -0.016899 0.024399 -0.999559
vn -0.016899 0.024399 -0.999559
vn -0.798262 0.153693 -0.582372
vn -0.798262 0.153693 -0.582372
vn -0.798262 0.153693 -0.582372
vn 0.132301 -0.547306 -0.826409
vn 0.132301 -0.547306 -0.826409
vn 0.132301 -0.547306 -0.826409
vn 0.132301 -0.547306 -0.826409
vn -0.206497 -0.80039 -0.562793
vn -0.206497 -0.80039 -0.562793
vn -0.206497 -0.80039 -0.562793
vn -0.386583 -0.695669 -0.605473
vn -0.386583 -0.695669 -0.605473
vn -0.386583 -0.695669 -0.605473
vn -0.707107 0.358303 -0.609606
vn -0.707107 0.358303 -0.609606
vn -0.707107 0.358303 -0.609606
vn -0.707107 0.358303 -0.609606
vn -0.808483 0.138097 -0.572088
vn -0.808483 0.138097 -0.572088
vn -0.808483 0.138097 -0.572088
vn -0.808483 0.138097 -0.572088
vn -0.808483 0.138097 -0.572088
vn 0.037398 -0.456276 -0.889052
vn 0.037398 -0.456276 -0.889052
vn -0.747838 -0.621232 -0.234112
vn -0.747838 -0.621232 -0.234112
vn -0.661404 -0.469003 -0.585304
vn -0.860873 -0.378288 -0.340289
vn -0.78802 -0.244506 -0.565014
vn -0.932306 -0.127101 -0.338602
vn -0.80619 -0.083099 -0.585792
vn -0.384801 -0.1607 -0.908902
vn -0.384801 -0.1607 -0.908902
vn 0.181903 0.0314 -0.982815
vn 0.181903 0.0314 -0.982815
vn -0.039701 -0.998933 -0.023601
vn 0.763087 -0.549391 -0.340394
vn 0.763087 -0.549391 -0.340394
vn 0.363716 -0.901741 -0.233611
vn 0.363716 -0.901741 -0.233611
vn 0.363716 -0.901741 -0.233611
vn 0.0398 -0.928498 -0.369199
vn 0.0398 -0.928498 -0.369199
vn 0.989963 0.073197 -0.120895
vn 0.989963 0.073197 -0.120895
vn 0.989963 0.073197 -0.120895
vn 0.729021 -0.236007 -0.642518
vn 0.729021 -0.236007 -0.642518
vn 0.729021 -0.236007 -0.642518
vn 0.729021 -0.236007 -0.642518
vn 0.029001 -0.419617 -0.907238
vn 0.029001 -0.419617 -0.907238
vn 0.029001 -0.419617 -0.907238
vn 0.055799 -0.525294 -0.84909
vn 0.055799 -0.525294 -0.84909
vn 0.055799 -0.525294 -0.84909
vn 0.055799 -0.525294 -0.84909
vn 0.0137 -0.0034 -0.9999
vn 0.0137 -0.0034 -0.9999
vn 0.0137 -0.0034 -0.9999
vn -0.413124 -0.438326 -0.798247
vn -0.413124 -0.438326 -0.798247
vn -0.2567 -0.6608 -0.7053
vn -0.2567 -0.6608 -0.7053
vn -0.2567 -0.6608 -0.7053
vn -0.2567 -0.6608 -0.7053
vn -0.2567 -0.6608 -0.7053
vn -0.947883 0.096998 -0.303495
vn -0.947883 0.096998 -0.303495
vn -0.754729 0.111304 -0.646525
vn -0.395403 -0.0332 -0.917907
vn -0.395403 -0.0332 -0.917907
vn 0.195398 -0.047199 -0.979588
vn 0.195398 -0.047199 -0.979588
vn -0.354993 0.088398 -0.93068
vn -0.354993 0.088398 -0.93068
vn -0.708763 0.277286 -0.648666
vn -0.708763 0.277286 -0.648666
vn -0.708763 0.277286 -0.648666
vn -0.708763 0.277286 -0.648666
vn -0.822375 0.520784 -0.229093
vn -0.67099 0.456993 -0.583892
vn -0.67099 0.456993 -0.583892
vn -0.763572 -0.440884 -0.471783
vn -0.763572 -0.440884 -0.471783
vn -0.763572 -0.440884 -0.471783
vn -0.901586 0.336395 -0.271996
vn -0.901586 0.336395 -0.271996
vn -0.856904 -0.495502 -0.142101
vn -0.856904 -0.495502 -0.142101
vn -0.300993 0.207495 -0.930779
vn -0.300993 0.207495 -0.930779
vn -0.549207 -0.452606 -0.702509
vn -0.549207 -0.452606 -0.702509
vn -0.549207 -0.452606 -0.702509
vn -0.549207 -0.452606 -0.702509
vn 0.996017 0.046301 0.076201
vn 0.996017 0.046301 0.076201
vn 0.996017 0.046301 0.076201
vn 0.927399 -0.3556 0.1161
vn 0.927399 -0.3556 0.1161
vn -0.772308 -0.554806 0.309403
vn -0.772308 -0.554806 0.309403
vn -0.772308 -0.554806 0.309403
vn -0.772308 -0.554806 0.309403
vn -0.221092 -0.019099 -0.975066
vn -0.221092 -0.019099 -0.975066
vn 0.62141 0.209303 0.755011
vn 0.62141 0.209303 0.755011
vn 0.62141 0.209303 0.755011
vn 0.62141 0.209303 0.755011
vn -0.955276 -0.286693 0.072498
vn -0.955276 -0.286693 0.072498
vn 0.056602 0.065702 -0.996233
vn 0.056602 0.065702 -0.996233
vn 0.056602 0.065702 -0.996233
vn 0.056602 0.065702 -0.996233
vn 0.056602 0.065702 -0.996233
vn 0.891759 0.140394 -0.43018
vn 0.891759 0.140394 -0.43018
vn 0.891759 0.140394 -0.43018
vn 0.891759 0.140394 -0.43018
vn 0.891759 0.140394 -0.43018
vn 0.610501 0.0933 -0.786501
vn 0.610501 0.0933 -0.786501
vn 0.45272 -0.811436 -0.369616
vn 0.45272 -0.811436 -0.369616
vn 0.45272 -0.811436 -0.369616
vn 0.45272 -0.811436 -0.369616
vn -0.0127 -0.50319 -0.864083
vn -0.0127 -0.50319 -0.864083
vn -0.0127 -0.50319 -0.864083
vn 0.0673 -0.539496 -0.839294
vn 0.0673 -0.539496 -0.839294
vn 0.616 -0.7863 -0.0477
vn 0.616 -0.7863 -0.0477
vn 0.616 -0.7863 -0.0477
vn 0.400316 -0.535222 -0.743831
vn 0.400316 -0.535222 -0.743831
vn 0.400316 -0.535222 -0.743831
vn -0.734505 0.447203 -0.510404
vn -0.734505 0.447203 -0.510404
vn -0.566493 0.047599 -0.82269
vn -0.566493 0.047599 -0.82269
vn -0.566493 0.047599 -0.82269
vn -0.035501 -0.830617 -0.555711
vn 0.357698 -0.009 -0.933794
vn 0.357698 -0.009 -0.933794
vn 0.357698 -0.009 -0.933794
vn 0.247213 -0.38162 -0.890647
vn 0.247213 -0.38162 -0.890647
vn 0.631698 -0.323699 -0.704398
vn 0.631698 -0.323699 -0.704398
vn 0.631698 -0.323699 -0.704398
vn 0.383202 -0.462202 -0.799704
vn 0.383202 -0.462202 -0.799704
vn 0.383202 -0.462202 -0.799704
vn 0.383202 -0.462202 -0.799704
vn -0.029599 -0.019399 -0.999374
vn -0.029599 -0.019399 -0.999374
vn -0.137702 -0.090701 -0.986312
vn -0.137702 -0.090701 -0.986312
vn -0.137702 -0.090701 -0.986312
vn -0.137702 -0.090701 -0.986312
vn 0.282396 -0.76479 -0.579093
vn 0.282396 -0.76479 -0.579093
vn 0.282396 -0.76479 -0.579093
vn 0.162693 -0.448281 -0.878963
vn 0.162693 -0.448281 -0.878963
vn 0.162693 -0.448281 -0.878963
vn 0.224906 0.077102 -0.971325
vn 0.224906 0.077102 -0.971325
vn 0.224906 0.077102 -0.971325
vn 0.224906 0.077102 -0.971325
vn 0.224906 0.077102 -0.971325
vn 0.329099 -0.0137 -0.944196
vn 0.329099 -0.0137 -0.944196
vn -0.115406 0.335217 -0.935046
vn -0.115406 0.335217 -0.935046
vn -0.115406 0.335217 -0.935046
vn -0.115406 0.335217 -0.935046
vn -0.115406 0.335217 -0.935046
vn 0.354492 -0.203796 -0.91258
vn 0.354492 -0.203796 -0.91258
vn 0.354492 -0.203796 -0.91258
vn 0.353797 0.122299 -0.927292
vn 0.353797 0.122299 -0.927292
vn 0.052297 -0.18709 -0.98095
vn 0.052297 -0.18709 -0.98095
vn 0.052297 -0.18709 -0.98095
vn 0.106103 -0.273408 -0.956028
vn 0.106103 -0.273408 -0.956028
vn 0.106103 -0.273408 -0.956028
vn 0.191907 -0.153505 -0.969334
vn 0.191907 -0.153505 -0.969334
vn 0.191907 -0.153505 -0.969334
vn -0.322602 -0.0208 -0.946306
vn -0.322602 -0.0208 -0.946306
vn -0.322602 -0.0208 -0.946306
vn -0.322602 -0.0208 -0.946306
vn 0.240098 -0.527696 -0.814794
vn 0.240098 -0.527696 -0.814794
vn -0.21 -0.517201 -0.829701
vn -0.21 -0.517201 -0.829701
vn -0.21 -0.517201 -0.829701
vn 0.385011 -0.513715 -0.766722
vn 0.385011 -0.513715 -0.766722
vn 0.385011 -0.513715 -0.766722
vn -0.098998 -0.393492 -0.913982
vn -0.098998 -0.393492 -0.913982
vn 0.617997 0.718997 -0.317999
vn 0.617997 0.718997 -0.317999
vn 0.491677 0.86966 -0.044098
vn 0.464206 0.575707 -0.673108
vn 0.464206 0.575707 -0.673108
vn 0.464206 0.575707 -0.673108
vn 0.384204 0.748708 -0.540206
vn 0.384204 0.748708 -0.540206
vn 0.898694 -0.101799 -0.426597
vn 0.898694 -0.101799 -0.426597
vn 0.898694 -0.101799 -0.426597
vn 0.985977 0.112897 -0.122897
vn 0.985977 0.112897 -0.122897
vn 0.985977 0.112897 -0.122897
vn 0.139498 0.70229 -0.69809
vn 0.24839 0.961162 -0.120295
vn 0.243496 0.894686 -0.374494
vn 0.243496 0.894686 -0.374494
vn -0.0402 -0.138899 -0.98949
vn 0.615304 -0.310402 -0.724605
vn 0.615304 -0.310402 -0.724605
vn 0.615304 -0.310402 -0.724605
vn 0.138801 0.340602 -0.929906
vn 0.138801 0.340602 -0.929906
vn 0.207895 0.829678 -0.518087
vn 0.207895 0.829678 -0.518087
vn -0.0029 0.359688 -0.933068
vn -0.0029 0.359688 -0.933068
vn 0.060297 0.955855 -0.287586
vn 0.060297 0.955855 -0.287586
vn 0.026401 0.999534 -0.015301
vn 0.026401 0.999534 -0.015301
vn 0.026401 0.999534 -0.015301
vn 0.026401 0.999534 -0.015301
vn 0.0389 0.95101 -0.306703
vn 0.0389 0.95101 -0.306703
vn -0.197895 0.925376 -0.323292
vn -0.026501 0.728032 -0.68503
vn -0.211195 0.947776 -0.238994
vn -0.211195 0.947776 -0.238994
vn 0.0171 0.51969 -0.854184
vn 0.0171 0.51969 -0.854184
vn 0.35 -0.7122 -0.6085
vn 0.35 -0.7122 -0.6085
vn 0.35 -0.7122 -0.6085
vn 0.35 -0.7122 -0.6085
vn 0.35 -0.7122 -0.6085
vn -0.130106 0.803636 -0.580726
vn -0.130106 0.803636 -0.580726
vn 0.0117 -0.100804 -0.994838
vn 0.0117 -0.100804 -0.994838
vn 0.064001 0.90961 -0.410504
vn 0.064001 0.90961 -0.410504
vn 0.064001 0.90961 -0.410504
vn 0.064001 0.90961 -0.410504
vn 0.064001 0.90961 -0.410504
vn -0.071603 0.894043 -0.442221
vn -0.071603 0.894043 -0.442221
vn -0.071603 0.894043 -0.442221
vn -0.071603 0.894043 -0.442221
vn -0.1306 0.775097 -0.618198
vn -0.1306 0.775097 -0.618198
vn 0.908645 -0.413675 0.056897
vn 0.908645 -0.413675 0.056897
vn 0.960405 0.220501 -0.170301
vn 0.960405 0.220501 -0.170301
vn 0.960405 0.220501 -0.170301
vn 0.64959 -0.752789 0.106498
vn 0.64959 -0.752789 0.106498
vn 0.64959 -0.752789 0.106498
vn 0.64959 -0.752789 0.106498
vn 0.64959 -0.752789 0.106498
vn 0.636899 -0.485099 -0.599199
vn 0.636899 -0.485099 -0.599199
vn -0.4668 0.882 -0.0646
vn -0.4668 0.882 -0.0646
vn -0.4668 0.882 -0.0646
vn -0.436395 0.788991 -0.432495
vn -0.436395 0.788991 -0.432495
vn -0.234589 0.684469 -0.690268
vn -0.384208 0.916018 -0.115302
vn -0.384208 0.916018 -0.115302
vn -0.384208 0.916018 -0.115302
vn -0.422092 0.877983 -0.225796
vn -0.422092 0.877983 -0.225796
vn -0.422092 0.877983 -0.225796
vn -0.421699 0.904999 -0.0561
vn -0.421699 0.904999 -0.0561
vn -0.421699 0.904999 -0.0561
vn -0.421699 0.904999 -0.0561
vn -0.627812 0.769214 -0.119002
vn -0.627812 0.769214 -0.119002
vn -0.677901 0.691701 -0.249
vn -0.677901 0.691701 -0.249
vn -0.393588 0.493685 -0.775476
vn -0.393588 0.493685 -0.775476
vn -0.527407 0.683309 -0.504907
vn -0.527407 0.683309 -0.504907
vn -0.527407 0.683309 -0.504907
vn -0.109703 0.303709 -0.946428
vn -0.109703 0.303709 -0.946428
vn 0.241306 0.969724 -0.037501
vn 0.241306 0.969724 -0.037501
vn 0.241306 0.969724 -0.037501
vn -0.690387 0.631588 -0.352793
vn -0.690387 0.631588 -0.352793
vn -0.690387 0.631588 -0.352793
vn -0.690387 0.631588 -0.352793
vn -0.690387 0.631588 -0.352793
vn -0.28641 0.589321 -0.755427
vn -0.28641 0.589321 -0.755427
vn 0.86047 0.488583 0.144495
vn 0.86047 0.488583 0.144495
vn -0.397887 0.588782 -0.703578
vn -0.397887 0.588782 -0.703578
vn -0.397887 0.588782 -0.703578
vn -0.397887 0.588782 -0.703578
vn -0.397887 0.588782 -0.703578
vn -0.626506 -0.773307 -0.097401
vn -0.626506 -0.773307 -0.097401
vn -0.626506 -0.773307 -0.097401
vn -0.626506 -0.773307 -0.097401
vn 0.161503 -0.903714 0.396506
vn 0.161503 -0.903714 0.396506
vn -0.966233 -0.231908 0.112304
vn -0.966233 -0.231908 0.112304
vn -0.966233 -0.231908 0.112304
vn 0.132507 -0.848747 -0.511928
vn 0.132507 -0.848747 -0.511928
vn 0.554714 -0.177805 -0.812821
vn 0.554714 -0.177805 -0.812821
vn 0.554714 -0.177805 -0.812821
vn -0.496424 -0.781838 -0.377218
vn -0.496424 -0.781838 -0.377218
vn -0.496424 -0.781838 -0.377218
vn -0.496424 -0.781838 -0.377218
vn 0.687117 -0.081002 0.722018
vn 0.687117 -0.081002 0.722018
vn 0.687117 -0.081002 0.722018
vn 0.547811 -0.145703 0.823817
vn 0.547811 -0.145703 0.823817
vn 0.547811 -0.145703 0.823817
vn 0.547811 -0.145703 0.823817
vn 0.547811 -0.145703 0.823817
vn -0.151597 -0.624486 0.766183
vn -0.151597 -0.624486 0.766183
vn -0.151597 -0.624486 0.766183
vn -0.151597 -0.624486 0.766183
vn -0.321295 -0.539191 0.778487
vn -0.321295 -0.539191 0.778487
vn -0.321295 -0.539191 0.778487
vn -0.321295 -0.539191 0.778487
vn 0.997938 0.048002 0.042602
vn 0.997938 0.048002 0.042602
vn 0.997938 0.048002 0.042602
vn 0.997938 0.048002 0.042602
vn 0.997938 0.048002 0.042602
vn 0.200694 0.578681 0.790475
vn 0.200694 0.578681 0.790475
vn 0.200694 0.578681 0.790475
vn -0.060399 0.458595 0.88659
vn -0.060399 0.458595 0.88659
vn -0.060399 0.458595 0.88659
vn 0.602937 0.725645 0.331521
vn 0.602937 0.725645 0.331521
vn 0.602937 0.725645 0.331521
vn 0.56079 0.814386 0.149297
vn 0.56079 0.814386 0.149297
vn 0.56079 0.814386 0.149297
vn 0.56079 0.814386 0.149297
vn 0.56079 0.814386 0.149297
vn 0.353182 0.693664 -0.627768
vn 0.353182 0.693664 -0.627768
vn 0.353182 0.693664 -0.627768
vn 0.353182 0.693664 -0.627768
vn 0.266203 0.420605 -0.86731
vn 0.266203 0.420605 -0.86731
vn 0.266203 0.420605 -0.86731
vn 0.266203 0.420605 -0.86731
vn 0.266203 0.420605 -0.86731
vn -0.318288 0.417785 -0.850969
vn -0.318288 0.417785 -0.850969
vn 0.97075 0.022999 -0.238988
vn 0.97075 0.022999 -0.238988
vn 0.97075 0.022999 -0.238988
vn 0.97075 0.022999 -0.238988
vn 0.541207 -0.192703 -0.818511
vn 0.541207 -0.192703 -0.818511
vn 0.541207 -0.192703 -0.818511
vn 0.541207 -0.192703 -0.818511
vn 0.541207 -0.192703 -0.818511
vn 0.400508 -0.185504 -0.897319
vn 0.400508 -0.185504 -0.897319
vn 0.400508 -0.185504 -0.897319
vn -0.231598 -0.521696 -0.821094
vn -0.231598 -0.521696 -0.821094
vn -0.231598 -0.521696 -0.821094
vn -0.348899 -0.572199 -0.742198
vn -0.348899 -0.572199 -0.742198
vn -0.348899 -0.572199 -0.742198
vn -0.348899 -0.572199 -0.742198
vn -0.034801 0.370907 -0.928018
vn -0.034801 0.370907 -0.928018
vn -0.034801 0.370907 -0.928018
vn 0.540782 0.749375 -0.382087
vn 0.540782 0.749375 -0.382087
vn 0.540782 0.749375 -0.382087
vn -0.480301 -0.505901 -0.716502
vn -0.480301 -0.505901 -0.716502
vn -0.480301 -0.505901 -0.716502
vn 0.310604 0.627809 -0.71371
vn 0.310604 0.627809 -0.71371
vn 0.310604 0.627809 -0.71371
vn -0.432008 0.203904 -0.878517
vn -0.432008 0.203904 -0.878517
vn -0.432008 0.203904 -0.878517
vn -0.432008 0.203904 -0.878517
vn -0.432008 0.203904 -0.878517
vn 0.982082 -0.104698 -0.156697
vn 0.982082 -0.104698 -0.156697
vn 0.982082 -0.104698 -0.156697
vn 0.982082 -0.104698 -0.156697
vn 0.877489 -0.069099 -0.474594
vn 0.877489 -0.069099 -0.474594
vn 0.877489 -0.069099 -0.474594
vn 0.636318 0.750821 -0.177105
vn 0.791213 0.244104 -0.560709
vn 0.791213 0.244104 -0.560709
vn 0.0493 0.988393 0.143699
vn 0.0493 0.988393 0.143699
vn 0.0493 0.988393 0.143699
vn 0.0493 0.988393 0.143699
vn -0.050999 0.906787 0.418494
vn -0.050999 0.906787 0.418494
vn -0.050999 0.906787 0.418494
vn -0.050999 0.906787 0.418494
vn -0.050999 0.906787 0.418494
vn 0.299701 0.879404 0.369902
vn 0.299701 0.879404 0.369902
vn 0.299701 0.879404 0.369902
vn 0.707313 0.560611 0.430608
vn 0.707313 0.560611 0.430608
vn 0.707313 0.560611 0.430608
vn 0.567214 0.572114 0.592414
vn 0.567214 0.572114 0.592414
vn 0.567214 0.572114 0.592414
vn 0.567214 0.572114 0.592414
vn 0.501102 0.842103 -0.199401
vn 0.501102 0.842103 -0.199401
vn 0.501102 0.842103 -0.199401
vn 0.261291 0.045898 -0.964168
vn 0.261291 0.045898 -0.964168
vn 0.596573 0.384482 -0.704468
vn 0.596573 0.384482 -0.704468
vn -0.681515 -0.406809 -0.608313
vn -0.681515 -0.406809 -0.608313
vn -0.681515 -0.406809 -0.608313
vn -0.681515 -0.406809 -0.608313
vn -0.497104 -0.0601 -0.865607
vn -0.497104 -0.0601 -0.865607
vn -0.497104 -0.0601 -0.865607
vn -0.497104 -0.0601 -0.865607
vn 0.229702 0.614905 -0.754406
vn 0.229702 0.614905 -0.754406
vn 0.229702 0.614905 -0.754406
vn 0.229702 0.614905 -0.754406
vn 0.989504 -0.0747 0.1237
vn 0.989504 -0.0747 0.1237
vn 0.989504 -0.0747 0.1237
vn 0.989504 -0.0747 0.1237
vn 0.968095 -0.109899 -0.225199
vn 0.968095 -0.109899 -0.225199
vn 0.968095 -0.109899 -0.225199
vn 0.968095 -0.109899 -0.225199
vn 0.968095 -0.109899 -0.225199
vn -0.798391 -0.194698 0.569794
vn -0.798391 -0.194698 0.569794
vn -0.798391 -0.194698 0.569794
vn -0.798391 -0.194698 0.569794
vn -0.435408 0.475008 -0.764714
vn -0.435408 0.475008 -0.764714
vn -0.435408 0.475008 -0.764714
vn 0.965632 0.144705 -0.215907
vn 0.965632 0.144705 -0.215907
vn 0.965632 0.144705 -0.215907
vn 0.965632 0.144705 -0.215907
vn 0.965632 0.144705 -0.215907
vn -0.445194 0.870989 -0.207797
vn -0.445194 0.870989 -0.207797
vn -0.445194 0.870989 -0.207797
vn -0.445194 0.870989 -0.207797
vn 0.727414 -0.659913 0.188104
vn 0.727414 -0.659913 0.188104
vn 0.727414 -0.659913 0.188104
vn 0.794624 0.32511 0.512715
vn 0.794624 0.32511 0.512715
vn 0.794624 0.32511 0.512715
vn -0.5555 0.2884 0.7799
vn -0.5555 0.2884 0.7799
vn -0.5555 0.2884 0.7799
vn -0.5555 0.2884 0.7799
vn -0.258906 0.831318 -0.491811
vn -0.258906 0.831318 -0.491811
vn -0.258906 0.831318 -0.491811
vn 0.844431 -0.53422 0.039301
vn 0.844431 -0.53422 0.039301
vn 0.844431 -0.53422 0.039301
vn 0.844431 -0.53422 0.039301
vn 0.844431 -0.53422 0.039301
vn 0.844431 -0.53422 0.039301
vn -0.49838 0.167793 0.850566
vn -0.49838 0.167793 0.850566
vn -0.49838 0.167793 0.850566
vn -0.699194 -0.543395 0.464596
vn -0.699194 -0.543395 0.464596
vn -0.699194 -0.543395 0.464596
vn -0.699194 -0.543395 0.464596
vn -0.699194 -0.543395 0.464596
vn -0.40109 0.802079 -0.442489
vn -0.40109 0.802079 -0.442489
vn -0.40109 0.802079 -0.442489
vn -0.40109 0.802079 -0.442489
vn -0.40109 0.802079 -0.442489
vn 0.895687 0.149798 -0.418694
vn 0.895687 0.149798 -0.418694
vn 0.895687 0.149798 -0.418694
vn 0.895687 0.149798 -0.418694
vn 0.895687 0.149798 -0.418694
vn -0.688414 -0.723915 0.045101
vn -0.688414 -0.723915 0.045101
vn -0.688414 -0.723915 0.045101
vn -0.799034 0.035702 0.600225
vn -0.799034 0.035702 0.600225
vn -0.799034 0.035702 0.600225
vn -0.799034 0.035702 0.600225
vn -0.799034 0.035702 0.600225
vn -0.954213 -0.0208 0.298404
vn -0.954213 -0.0208 0.298404
vn -0.954213 -0.0208 0.298404
vn -0.974031 0.054302 -0.219807
vn -0.974031 0.054302 -0.219807
vn -0.974031 0.054302 -0.219807
vn 0.743502 -0.617502 -0.256701
vn 0.743502 -0.617502 -0.256701
vn 0.743502 -0.617502 -0.256701
vn 0.743502 -0.617502 -0.256701
vn 0.743502 -0.617502 -0.256701
vn -0.261503 -0.836809 -0.481005
vn -0.261503 -0.836809 -0.481005
vn -0.261503 -0.836809 -0.481005
vn 0.627175 0.432183 -0.647974
vn 0.627175 0.432183 -0.647974
vn 0.627175 0.432183 -0.647974
vn -0.981233 -0.188306 0.041501
vn -0.981233 -0.188306 0.041501
vn -0.981233 -0.188306 0.041501
vn -0.981233 -0.188306 0.041501
vn -0.981233 -0.188306 0.041501
vn -0.561311 -0.133803 0.816717
vn -0.561311 -0.133803 0.816717
vn -0.561311 -0.133803 0.816717
vn -0.561311 -0.133803 0.816717
vn -0.561311 -0.133803 0.816717
vn -0.323917 0.220012 -0.920148
vn -0.323917 0.220012 -0.920148
vn -0.323917 0.220012 -0.920148
vn 0.988937 0.063402 -0.134105
vn 0.988937 0.063402 -0.134105
vn 0.988937 0.063402 -0.134105
vn 0.988937 0.063402 -0.134105
vn 0.97714 0.0089 -0.212409
vn 0.97714 0.0089 -0.212409
vn 0.97714 0.0089 -0.212409
vn 0.82022 0.482812 -0.306808
vn 0.82022 0.482812 -0.306808
vn 0.907212 0.247303 -0.340305
vn 0.907212 0.247303 -0.340305
vn 0.907212 0.247303 -0.340305
vn 0.907212 0.247303 -0.340305
vn 0.907212 0.247303 -0.340305
vn 0.907212 0.247303 -0.340305
vn 0.907212 0.247303 -0.340305
vn 0.60191 0.048101 -0.797114
vn 0.60191 0.048101 -0.797114
vn 0.60191 0.048101 -0.797114
vn 0.1417 -0.953697 -0.265299
vn 0.1417 -0.953697 -0.265299
vn 0.1498 -0.692699 -0.705499
vn 0.1498 -0.692699 -0.705499
vn 0.1498 -0.692699 -0.705499
vn 0.1498 -0.692699 -0.705499
vn 0.1498 -0.692699 -0.705499
vn -0.848708 0.0488 -0.526605
vn -0.848708 0.0488 -0.526605
vn -0.848708 0.0488 -0.526605
vn 0.941083 0.150797 0.302694
vn 0.941083 0.150797 0.302694
vn 0.941083 0.150797 0.302694
vn 0.941083 0.150797 0.302694
vn 0.941083 0.150797 0.302694
vn 0.941083 0.150797 0.302694
vn 0.446897 -0.888295 -0.105899
vn 0.446897 -0.888295 -0.105899
vn 0.446897 -0.888295 -0.105899
vn 0.949822 -0.188904 0.249306
vn 0.949822 -0.188904 0.249306
vn 0.949822 -0.188904 0.249306
vn 0.949822 -0.188904 0.249306
vn 0.737713 -0.55671 -0.381907
vn 0.737713 -0.55671 -0.381907
vn 0.737713 -0.55671 -0.381907
vn 0.737713 -0.55671 -0.381907
vn 0.681594 0.302898 -0.666095
vn 0.681594 0.302898 -0.666095
vn 0.681594 0.302898 -0.666095
vn 0.681594 0.302898 -0.666095
vn 0.134498 -0.379196 -0.915489
vn 0.134498 -0.379196 -0.915489
vn 0.755787 0.640089 -0.138098
vn 0.755787 0.640089 -0.138098
vn 0.755787 0.640089 -0.138098
vn 0.755787 0.640089 -0.138098
vn 0.755787 0.640089 -0.138098
vn 0.492987 0.392089 -0.776679
vn 0.492987 0.392089 -0.776679
vn 0.492987 0.392089 -0.776679
vn 0.492987 0.392089 -0.776679
vn -0.412795 0.736491 -0.535893
vn -0.412795 0.736491 -0.535893
vn -0.412795 0.736491 -0.535893
vn -0.398004 0.592707 -0.700208
vn -0.398004 0.592707 -0.700208
vn -0.398004 0.592707 -0.700208
vn 0.267797 0.296897 -0.91659
vn 0.267797 0.296897 -0.91659
vn 0.267797 0.296897 -0.91659
vn 0.267797 0.296897 -0.91659
vn 0.267797 0.296897 -0.91659
vn 0.267797 0.296897 -0.91659
vn 0.086098 -0.415789 -0.905376
vn 0.086098 -0.415789 -0.905376
vn -0.202507 -0.762225 -0.61482
vn -0.202507 -0.762225 -0.61482
vn 0.933485 -0.160698 -0.320595
vn 0.933485 -0.160698 -0.320595
vn 0.933485 -0.160698 -0.320595
vn 0.992203 -0.124 0.0125
vn 0.992203 -0.124 0.0125
vn 0.992203 -0.124 0.0125
vn 0.992203 -0.124 0.0125
vn 0.290512 0.938439 -0.186908
vn 0.290512 0.938439 -0.186908
vn 0.290512 0.938439 -0.186908
vn 0.684419 -0.179605 0.70662
vn 0.684419 -0.179605 0.70662
vn 0.684419 -0.179605 0.70662
vn 0.684419 -0.179605 0.70662
vn 0.684419 -0.179605 0.70662
vn -0.874084 -0.476691 -0.093498
vn -0.874084 -0.476691 -0.093498
vn 0.661821 0.111504 -0.741323
vn 0.661821 0.111504 -0.741323
vn 0.661821 0.111504 -0.741323
vn 0.661821 0.111504 -0.741323
vn 0.231 -0.3837 0.894099
vn 0.231 -0.3837 0.894099
vn 0.231 -0.3837 0.894099
vn 0.231 -0.3837 0.894099
vn -0.166502 -0.522205 0.836408
vn -0.166502 -0.522205 0.836408
vn -0.166502 -0.522205 0.836408
vn 0.432007 0.831814 -0.348506
vn 0.432007 0.831814 -0.348506
vn 0.432007 0.831814 -0.348506
vn 0.432007 0.831814 -0.348506
vn 0.432007 0.831814 -0.348506
vn -0.537911 -0.615612 0.575911
vn -0.537911 -0.615612 0.575911
vn -0.537911 -0.615612 0.575911
vn -0.716202 -0.651502 0.250201
vn -0.716202 -0.651502 0.250201
vn -0.716202 -0.651502 0.250201
vn -0.716202 -0.651502 0.250201
vn 0.63192 0.750924 0.191806
vn 0.63192 0.750924 0.191806
vn 0.749816 -0.270306 0.603913
vn 0.749816 -0.270306 0.603913
vn 0.749816 -0.270306 0.603913
vn 0.866595 -0.167399 -0.470097
vn 0.866595 -0.167399 -0.470097
vn 0.866595 -0.167399 -0.470097
vn 0.866595 -0.167399 -0.470097
vn -0.112302 -0.794411 0.596908
vn -0.112302 -0.794411 0.596908
vn -0.112302 -0.794411 0.596908
vn -0.112302 -0.794411 0.596908
vn -0.134305 -0.888731 -0.438315
vn -0.134305 -0.888731 -0.438315
vn -0.134305 -0.888731 -0.438315
vn -0.134305 -0.888731 -0.438315
vn -0.134305 -0.888731 -0.438315
vn -0.240204 -0.760712 -0.603009
vn -0.240204 -0.760712 -0.603009
vn -0.240204 -0.760712 -0.603009
vn -0.240204 -0.760712 -0.603009
vn -0.788908 -0.584106 -0.190902
vn -0.788908 -0.584106 -0.190902
vn -0.788908 -0.584106 -0.190902
vn 0.375809 -0.922423 -0.088902
vn 0.375809 -0.922423 -0.088902
vn 0.375809 -0.922423 -0.088902
vn 0.852767 0.497981 0.157494
vn 0.852767 0.497981 0.157494
vn 0.852767 0.497981 0.157494
vn 0.806101 -0.524 -0.275
vn 0.806101 -0.524 -0.275
vn 0.806101 -0.524 -0.275
vn 0.488505 0.562906 -0.666707
vn 0.488505 0.562906 -0.666707
vn 0.488505 0.562906 -0.666707
vn 0.488505 0.562906 -0.666707
vn -0.837877 -0.487086 -0.246393
vn -0.837877 -0.487086 -0.246393
vn -0.837877 -0.487086 -0.246393
vn -0.713104 0.525003 -0.464602
vn -0.713104 0.525003 -0.464602
vn -0.713104 0.525003 -0.464602
vn -0.713104 0.525003 -0.464602
vn -0.713104 0.525003 -0.464602
vn -0.713104 0.525003 -0.464602
vn 0.114596 0.802473 0.58558
vn 0.114596 0.802473 0.58558
vn 0.114596 0.802473 0.58558
vn 0.114596 0.802473 0.58558
vn 0.170103 0.826314 -0.536909
vn 0.170103 0.826314 -0.536909
vn 0.170103 0.826314 -0.536909
vn 0.170103 0.826314 -0.536909
vn 0.170103 0.826314 -0.536909
vn -0.047402 0.959031 -0.279309
vn -0.047402 0.959031 -0.279309
vn -0.047402 0.959031 -0.279309
vn -0.047402 0.959031 -0.279309
vn -0.92204 0.152207 -0.355915
vn -0.92204 0.152207 -0.355915
vn -0.92204 0.152207 -0.355915
vn -0.92204 0.152207 -0.355915
vn 0.845395 -0.144599 0.514197
vn 0.845395 -0.144599 0.514197
vn 0.979271 -0.150295 -0.135796
vn 0.979271 -0.150295 -0.135796
vn 0.979271 -0.150295 -0.135796
vn -0.244307 0.487713 -0.838123
vn -0.244307 0.487713 -0.838123
vn 0.582385 0.77708 0.238694
vn 0.582385 0.77708 0.238694
vn 0.582385 0.77708 0.238694
vn 0.582385 0.77708 0.238694
vn -0.0827 0.5312 0.8432
vn -0.0827 0.5312 0.8432
vn -0.0827 0.5312 0.8432
vn 0.724178 -0.281191 -0.629681
vn 0.724178 -0.281191 -0.629681
vn 0.724178 -0.281191 -0.629681
vn 0.724178 -0.281191 -0.629681
vn -0.85874 0.21151 0.466722
vn -0.85874 0.21151 0.466722
vn -0.85874 0.21151 0.466722
vn -0.85874 0.21151 0.466722
vn -0.1125 -0.972799 -0.2025
vn -0.1125 -0.972799 -0.2025
vn 0.177493 0.978864 0.101596
vn 0.177493 0.978864 0.101596
vn 0.177493 0.978864 0.101596
vn 0.177493 0.978864 0.101596
vn 0.177493 0.978864 0.101596
vn 0.492415 0.848026 0.195906
vn 0.492415 0.848026 0.195906
vn 0.492415 0.848026 0.195906
vn 0.492415 0.848026 0.195906
vn -0.762248 0.64014 0.095906
vn -0.762248 0.64014 0.095906
vn -0.762248 0.64014 0.095906
vn -0.970955 0.163492 -0.174692
vn -0.970955 0.163492 -0.174692
vn -0.970955 0.163492 -0.174692
vn -0.970955 0.163492 -0.174692
vn -0.970955 0.163492 -0.174692
vn -0.393617 0.839436 0.374716
vn -0.393617 0.839436 0.374716
vn -0.393617 0.839436 0.374716
vn -0.393617 0.839436 0.374716
vn -0.393617 0.839436 0.374716
vn 0.087498 0.983475 0.158496
vn 0.087498 0.983475 0.158496
vn -0.704928 0.571323 0.420317
vn -0.704928 0.571323 0.420317
vn -0.704928 0.571323 0.420317
vn 0.883706 0.413803 -0.218702
vn 0.883706 0.413803 -0.218702
vn 0.653718 -0.548815 -0.521014
vn 0.653718 -0.548815 -0.521014
vn -0.072299 0.787087 -0.61259
vn -0.072299 0.787087 -0.61259
vn -0.072299 0.787087 -0.61259
vn 0.071501 0.661409 -0.74661
vn 0.071501 0.661409 -0.74661
vn 0.071501 0.661409 -0.74661
vn 0.071501 0.661409 -0.74661
vn 0.131502 0.703711 -0.698211
vn 0.131502 0.703711 -0.698211
vn 0.131502 0.703711 -0.698211
vn 0.131502 0.703711 -0.698211
vn 0.607092 0.74329 -0.280996
vn 0.607092 0.74329 -0.280996
vn 0.607092 0.74329 -0.280996
vn 0.607092 0.74329 -0.280996
vn 0.902312 0.284804 -0.323604
vn 0.902312 0.284804 -0.323604
vn 0.728526 0.471617 -0.496818
vn 0.728526 0.471617 -0.496818
vn -0.784513 0.199603 0.58711
vn -0.784513 0.199603 0.58711
vn -0.784513 0.199603 0.58711
vn -0.784513 0.199603 0.58711
vn -0.902685 0.238296 -0.358294
vn -0.902685 0.238296 -0.358294
vn -0.902685 0.238296 -0.358294
vn -0.186602 -0.870509 -0.455405
vn -0.186602 -0.870509 -0.455405
vn -0.186602 -0.870509 -0.455405
vn -0.827691 -0.466595 -0.311797
vn -0.827691 -0.466595 -0.311797
vn -0.827691 -0.466595 -0.311797
vn -0.827691 -0.466595 -0.311797
vn -0.854297 0.0406 -0.518198
vn -0.854297 0.0406 -0.518198
vn -0.854297 0.0406 -0.518198
vn 0.496394 0.83409 -0.240597
vn 0.496394 0.83409 -0.240597
vn 0.496394 0.83409 -0.240597
vn 0.1112 -0.472298 -0.874396
vn 0.1112 -0.472298 -0.874396
vn 0.1112 -0.472298 -0.874396
vn 0.1112 -0.472298 -0.874396
vn -0.435781 -0.046298 -0.898861
vn -0.435781 -0.046298 -0.898861
vn -0.435781 -0.046298 -0.898861
vn -0.435781 -0.046298 -0.898861
vn -0.851399 -0.502999 0.1487
vn -0.851399 -0.502999 0.1487
vn -0.851399 -0.502999 0.1487
vn -0.851399 -0.502999 0.1487
vn -0.739912 0.436207 0.512108
vn -0.739912 0.436207 0.512108
vn 0.396289 0.513086 -0.761379
vn 0.396289 0.513086 -0.761379
vn 0.396289 0.513086 -0.761379
vn 0.364507 0.331707 -0.870118
vn 0.364507 0.331707 -0.870118
vn 0.364507 0.331707 -0.870118
vn 0.63871 -0.298205 -0.709312
vn 0.63871 -0.298205 -0.709312
vn 0.63871 -0.298205 -0.709312
vn 0.63871 -0.298205 -0.709312
vn 0.028499 -0.550476 -0.834364
vn 0.028499 -0.550476 -0.834364
vn 0.028499 -0.550476 -0.834364
vn -0.160004 -0.546515 -0.822022
vn -0.160004 -0.546515 -0.822022
vn -0.160004 -0.546515 -0.822022
vn -0.595191 -0.66779 -0.446994
vn -0.595191 -0.66779 -0.446994
vn -0.595191 -0.66779 -0.446994
vn -0.68473 -0.699631 -0.204109
vn -0.68473 -0.699631 -0.204109
vn -0.68473 -0.699631 -0.204109
vn -0.68473 -0.699631 -0.204109
vn 0.952387 -0.108598 -0.284896
vn 0.952387 -0.108598 -0.284896
vn 0.952387 -0.108598 -0.284896
vn 0.552502 -0.226301 -0.802203
vn 0.552502 -0.226301 -0.802203
vn 0.552502 -0.226301 -0.802203
vn 0.552502 -0.226301 -0.802203
vn 0.092198 0.902785 -0.420093
vn 0.092198 0.902785 -0.420093
vn 0.092198 0.902785 -0.420093
vn 0.092198 0.902785 -0.420093
vn -0.030599 0.604285 -0.79618
vn -0.030599 0.604285 -0.79618
vn -0.030599 0.604285 -0.79618
vn -0.030599 0.604285 -0.79618
vn 0.257696 0.786689 -0.560992
vn 0.257696 0.786689 -0.560992
vn 0.257696 0.786689 -0.560992
vn -0.657485 0.618586 -0.43019
vn -0.657485 0.618586 -0.43019
vn -0.657485 0.618586 -0.43019
vn -0.93344 0.172907 -0.314313
vn -0.93344 0.172907 -0.314313
vn -0.93344 0.172907 -0.314313
vn -0.37521 0.523414 -0.76502
vn -0.37521 0.523414 -0.76502
vn -0.37521 0.523414 -0.76502
vn -0.37521 0.523414 -0.76502
vn 0.145404 -0.529713 0.835621
vn 0.145404 -0.529713 0.835621
vn 0.145404 -0.529713 0.835621
vn 0.784131 -0.49432 -0.375215
vn 0.784131 -0.49432 -0.375215
vn 0.784131 -0.49432 -0.375215
vn -0.536115 -0.453912 0.711719
vn -0.536115 -0.453912 0.711719
vn -0.536115 -0.453912 0.711719
vn 0.845676 0.464287 -0.263192
vn 0.845676 0.464287 -0.263192
vn 0.845676 0.464287 -0.263192
vn 0.845676 0.464287 -0.263192
vn 0.490409 -0.814415 0.310206
vn 0.490409 -0.814415 0.310206
vn 0.490409 -0.814415 0.310206
vn 0.304801 -0.873802 -0.378901
vn 0.304801 -0.873802 -0.378901
vn 0.304801 -0.873802 -0.378901
vn 0.304801 -0.873802 -0.378901
vn -0.561707 -0.473406 0.678508
vn -0.561707 -0.473406 0.678508
vn -0.561707 -0.473406 0.678508
vn -0.928222 -0.342308 0.145703
vn -0.928222 -0.342308 0.145703
vn -0.928222 -0.342308 0.145703
vn 0.953176 0.112797 0.280593
vn 0.953176 0.112797 0.280593
vn 0.953176 0.112797 0.280593
vn 0.953176 0.112797 0.280593
vn 0.953176 0.112797 0.280593
vn -0.711356 -0.439373 -0.548566
vn -0.711356 -0.439373 -0.548566
vn -0.711356 -0.439373 -0.548566
vn -0.711356 -0.439373 -0.548566
vn 0.126799 -0.864094 0.487097
vn 0.126799 -0.864094 0.487097
vn 0.126799 -0.864094 0.487097
vn 0.126799 -0.864094 0.487097
vn 0.126799 -0.864094 0.487097
vn 0.166892 0.0064 0.985954
vn 0.166892 0.0064 0.985954
vn 0.166892 0.0064 0.985954
vn 0.174905 -0.982129 -0.069502
vn 0.174905 -0.982129 -0.069502
vn 0.174905 -0.982129 -0.069502
vn 0.648393 0.589294 0.481995
vn 0.648393 0.589294 0.481995
vn 0.648393 0.589294 0.481995
vn -0.146104 0.060302 0.98743
vn -0.146104 0.060302 0.98743
vn -0.146104 0.060302 0.98743
vn 0.929747 -0.358418 0.084304
vn 0.824008 0.189902 0.533805
vn 0.824008 0.189902 0.533805
vn 0.824008 0.189902 0.533805
vn 0.824008 0.189902 0.533805
vn 0.824008 0.189902 0.533805
vn 0.824008 0.189902 0.533805
vn 0.356779 0.927146 0.114493
vn 0.356779 0.927146 0.114493
vn 0.356779 0.927146 0.114493
vn 0.356779 0.927146 0.114493
vn 0.356779 0.927146 0.114493
vn 0.617885 0.298793 -0.727283
vn 0.617885 0.298793 -0.727283
vn 0.617885 0.298793 -0.727283
vn 0.617885 0.298793 -0.727283
vn -0.622779 0.389287 -0.678677
vn -0.622779 0.389287 -0.678677
vn -0.622779 0.389287 -0.678677
vn -0.581172 -0.792962 -0.182891
vn -0.581172 -0.792962 -0.182891
vn -0.581172 -0.792962 -0.182891
vn -0.239696 0.53689 -0.808885
vn -0.239696 0.53689 -0.808885
vn -0.239696 0.53689 -0.808885
vn 0.074604 0.945649 -0.316516
vn 0.074604 0.945649 -0.316516
vn 0.074604 0.945649 -0.316516
vn 0.074604 0.945649 -0.316516
vn 0.074604 0.945649 -0.316516
vn 0.949059 -0.161293 0.270688
vn 0.949059 -0.161293 0.270688
vn 0.949059 -0.161293 0.270688
vn -0.998279 -0.058599 0.0021
vn -0.998279 -0.058599 0.0021
vn -0.998279 -0.058599 0.0021
vn -0.998279 -0.058599 0.0021
vn -0.065302 -0.603317 -0.794823
vn -0.065302 -0.603317 -0.794823
vn -0.065302 -0.603317 -0.794823
vn -0.446303 -0.312602 0.838506
vn -0.446303 -0.312602 0.838506
vn -0.446303 -0.312602 0.838506
vn -0.838807 -0.310503 0.447204
vn -0.838807 -0.310503 0.447204
vn -0.838807 -0.310503 0.447204
vn -0.838807 -0.310503 0.447204
vn -0.945335 0.28521 0.158106
vn -0.945335 0.28521 0.158106
vn -0.945335 0.28521 0.158106
vn -0.687884 0.621085 0.375591
vn -0.687884 0.621085 0.375591
vn -0.687884 0.621085 0.375591
vn -0.687884 0.621085 0.375591
vn 0.644095 -0.542596 -0.539196
vn 0.644095 -0.542596 -0.539196
vn 0.644095 -0.542596 -0.539196
vn 0.644095 -0.542596 -0.539196
vn 0.749623 0.33671 -0.569817
vn 0.749623 0.33671 -0.569817
vn 0.749623 0.33671 -0.569817
vn 0.749623 0.33671 -0.569817
vn 0.749623 0.33671 -0.569817
vn -0.316202 0.797704 -0.513503
vn -0.316202 0.797704 -0.513503
vn -0.316202 0.797704 -0.513503
vn -0.316202 0.797704 -0.513503
vn -0.316202 0.797704 -0.513503
vn 0.111701 0.505603 -0.855505
vn 0.111701 0.505603 -0.855505
vn 0.111701 0.505603 -0.855505
vn 0.111701 0.505603 -0.855505
vn 0.045598 -0.997456 0.054798
vn 0.045598 -0.997456 0.054798
vn 0.045598 -0.997456 0.054798
vn 0.045598 -0.997456 0.054798
vn 0.045598 -0.997456 0.054798
vn 0.045598 -0.997456 0.054798
vn 0.045598 -0.997456 0.054798
vn -0.584571 0.104695 -0.80456
vn -0.584571 0.104695 -0.80456
vn -0.584571 0.104695 -0.80456
vn -0.25759 0.599777 0.757571
vn -0.25759 0.599777 0.757571
vn -0.25759 0.599777 0.757571
vn -0.25759 0.599777 0.757571
vn -0.589808 0.784411 -0.191903
vn -0.589808 0.784411 -0.191903
vn -0.589808 0.784411 -0.191903
vn -0.760351 -0.200287 0.61786
vn -0.760351 -0.200287 0.61786
vn -0.760351 -0.200287 0.61786
vn -0.760351 -0.200287 0.61786
vn -0.760351 -0.200287 0.61786
vn -0.940408 -0.095701 -0.326303
vn -0.940408 -0.095701 -0.326303
vn -0.940408 -0.095701 -0.326303
vn -0.940408 -0.095701 -0.326303
vn 0.859195 -0.510797 -0.0295
vn 0.859195 -0.510797 -0.0295
vn 0.859195 -0.510797 -0.0295
vn 0.767789 -0.066999 -0.637191
vn 0.767789 -0.066999 -0.637191
vn 0.767789 -0.066999 -0.637191
vn 0.767789 -0.066999 -0.637191
vn -0.0083 -0.985734 -0.168106
vn -0.0083 -0.985734 -0.168106
vn -0.0083 -0.985734 -0.168106
vn -0.0083 -0.985734 -0.168106
vn 0.925176 0.108197 -0.36379
vn 0.925176 0.108197 -0.36379
vn 0.925176 0.108197 -0.36379
vn 0.925176 0.108197 -0.36379
vn -0.706594 -0.436696 -0.556795
vn -0.706594 -0.436696 -0.556795
vn -0.706594 -0.436696 -0.556795
vn 0.026099 -0.126097 -0.991675
vn 0.026099 -0.126097 -0.991675
vn 0.026099 -0.126097 -0.991675
vn 0.026099 -0.126097 -0.991675
vn 0.026099 -0.126097 -0.991675
vn -0.216296 0.554789 -0.803384
vn -0.216296 0.554789 -0.803384
vn -0.216296 0.554789 -0.803384
vn -0.216296 0.554789 -0.803384
vn -0.216296 0.554789 -0.803384
vn -0.969379 0.179396 0.167696
vn -0.969379 0.179396 0.167696
vn -0.969379 0.179396 0.167696
vn -0.969379 0.179396 0.167696
vn -0.969379 0.179396 0.167696
vn -0.969379 0.179396 0.167696
vn -0.804788 0.525492 -0.275996
vn -0.804788 0.525492 -0.275996
vn -0.804788 0.525492 -0.275996
vn -0.028301 0.073002 -0.99693
vn -0.028301 0.073002 -0.99693
vn -0.028301 0.073002 -0.99693
vn -0.028301 0.073002 -0.99693
vn -0.028301 0.073002 -0.99693
vn -0.028301 0.073002 -0.99693
vn 0.436417 0.803432 -0.405016
vn 0.436417 0.803432 -0.405016
vn 0.436417 0.803432 -0.405016
vn 0.437589 0.886677 -0.149396
vn 0.437589 0.886677 -0.149396
vn 0.437589 0.886677 -0.149396
vn 0.662788 0.602389 0.444792
vn 0.662788 0.602389 0.444792
vn 0.662788 0.602389 0.444792
vn 0.662788 0.602389 0.444792
vn 0.677412 0.719812 -0.151603
vn 0.677412 0.719812 -0.151603
vn 0.677412 0.719812 -0.151603
vn 0.452879 0.805362 -0.382482
vn 0.452879 0.805362 -0.382482
vn 0.540175 0.769465 -0.340785
vn 0.540175 0.769465 -0.340785
vn -0.829386 -0.437693 0.347194
vn -0.829386 -0.437693 0.347194
vn -0.022401 -0.986238 -0.163806
vn -0.022401 -0.986238 -0.163806
vn -0.022401 -0.986238 -0.163806
vn -0.022401 -0.986238 -0.163806
vn 0.128095 0.957159 0.259689
vn 0.128095 0.957159 0.259689
vn 0.026 -0.801 0.5981
vn 0.026 -0.801 0.5981
vn 0.464713 -0.804722 0.36941
vn 0.464713 -0.804722 0.36941
vn 0.464713 -0.804722 0.36941
vn 0.464713 -0.804722 0.36941
vn 0.464713 -0.804722 0.36941
vn 0.747114 -0.471209 0.468809
vn 0.747114 -0.471209 0.468809
vn 0.747114 -0.471209 0.468809
vn 0.747114 -0.471209 0.468809
vn 0.747114 -0.471209 0.468809
vn 0.747114 -0.471209 0.468809
vn 0.747114 -0.471209 0.468809
vn 0.880539 -0.440719 0.174408
vn 0.880539 -0.440719 0.174408
vn 0.880539 -0.440719 0.174408
vn 0.792491 0.384396 0.473495
vn 0.792491 0.384396 0.473495
vn 0.792491 0.384396 0.473495
vn 0.792491 0.384396 0.473495
vn 0.756285 0.595888 0.270095
vn 0.756285 0.595888 0.270095
vn 0.756285 0.595888 0.270095
vn 0.756285 0.595888 0.270095
vn 0.375589 0.616182 0.69228
vn 0.375589 0.616182 0.69228
vn 0.375589 0.616182 0.69228
vn 0.375589 0.616182 0.69228
vn 0.422795 0.79489 0.435195
vn 0.422795 0.79489 0.435195
vn -0.118902 -0.55971 0.820114
vn -0.118902 -0.55971 0.820114
vn -0.118902 -0.55971 0.820114
vn -0.118902 -0.55971 0.820114
vn -0.456027 -0.598636 0.658539
vn -0.456027 -0.598636 0.658539
vn -0.456027 -0.598636 0.658539
vn -0.184098 0.372496 0.90959
vn -0.184098 0.372496 0.90959
vn -0.184098 0.372496 0.90959
vn -0.067999 0.776783 0.626086
vn -0.067999 0.776783 0.626086
vn -0.067999 0.776783 0.626086
vn -0.067999 0.776783 0.626086
vn -0.514318 0.477717 0.712225
vn -0.514318 0.477717 0.712225
vn -0.562906 -0.054701 0.824709
vn -0.562906 -0.054701 0.824709
vn -0.562906 -0.054701 0.824709
vn 0.455902 -0.706503 0.541302
vn 0.455902 -0.706503 0.541302
vn 0.455902 -0.706503 0.541302
vn -0.0286 -0.818911 0.573208
vn -0.0286 -0.818911 0.573208
vn -0.0286 -0.818911 0.573208
vn 0.133004 -0.962631 0.235907
vn 0.133004 -0.962631 0.235907
vn 0.133004 -0.962631 0.235907
vn 0.133004 -0.962631 0.235907
vn 0.352623 -0.822953 0.445428
vn 0.352623 -0.822953 0.445428
vn 0.352623 -0.822953 0.445428
vn 0.004 -0.836797 -0.547498
vn 0.004 -0.836797 -0.547498
vn 0.004 -0.836797 -0.547498
vn 0.004 -0.836797 -0.547498
vn 0.787394 -0.510396 0.345697
vn 0.787394 -0.510396 0.345697
vn 0.860297 -0.0266 0.509098
vn 0.860297 -0.0266 0.509098
vn 0.860297 -0.0266 0.509098
vn 0.674891 -0.434694 0.596292
vn 0.674891 -0.434694 0.596292
vn 0.674891 -0.434694 0.596292
vn 0.458002 0.770703 0.443002
vn 0.458002 0.770703 0.443002
vn 0.458002 0.770703 0.443002
vn 0.458002 0.770703 0.443002
vn 0.816314 0.353106 0.457108
vn 0.816314 0.353106 0.457108
vn 0.816314 0.353106 0.457108
vn 0.816314 0.353106 0.457108
vn 0.833885 0.438192 0.335594
vn 0.833885 0.438192 0.335594
vn 0.833885 0.438192 0.335594
vn 0.115707 -0.623835 0.772944
vn 0.115707 -0.623835 0.772944
vn 0.115707 -0.623835 0.772944
vn -0.285992 -0.437988 0.852276
vn -0.285992 -0.437988 0.852276
vn -0.285992 -0.437988 0.852276
vn -0.203291 -0.402282 0.89266
vn -0.203291 -0.402282 0.89266
vn -0.203291 -0.402282 0.89266
vn -0.470799 -0.0538 0.880598
vn -0.470799 -0.0538 0.880598
vn -0.470799 -0.0538 0.880598
vn -0.238097 0.545192 0.803788
vn -0.238097 0.545192 0.803788
vn -0.238097 0.545192 0.803788
vn -0.4201 0.599 0.6817
vn -0.4201 0.599 0.6817
vn -0.233994 -0.0109 0.972177
vn -0.233994 -0.0109 0.972177
vn -0.233994 -0.0109 0.972177
vn -0.233994 -0.0109 0.972177
vn -0.233994 -0.0109 0.972177
vn 0.762867 -0.287988 -0.578875
vn 0.762867 -0.287988 -0.578875
vn 0.762867 -0.287988 -0.578875
vn 0.278397 -0.815192 -0.507895
vn 0.278397 -0.815192 -0.507895
vn 0.640693 -0.652793 -0.404196
vn 0.640693 -0.652793 -0.404196
vn 0.628413 -0.727115 0.276406
vn 0.628413 -0.727115 0.276406
vn 0.628413 -0.727115 0.276406
vn 0.501894 0.459795 0.732592
vn 0.501894 0.459795 0.732592
vn 0.501894 0.459795 0.732592
vn -0.0728 0.954799 0.2882
vn -0.0728 0.954799 0.2882
vn -0.0728 0.954799 0.2882
vn -0.0728 0.954799 0.2882
vn -0.0728 0.954799 0.2882
vn 0.798805 -0.311102 -0.514903
vn 0.798805 -0.311102 -0.514903
vn 0.798805 -0.311102 -0.514903
vn -0.159299 0.985095 -0.0649
vn -0.159299 0.985095 -0.0649
vn -0.159299 0.985095 -0.0649
vn -0.159299 0.985095 -0.0649
vn -0.801198 -0.1408 0.581599
vn -0.801198 -0.1408 0.581599
vn 0.456913 0.568516 -0.68412
vn 0.456913 0.568516 -0.68412
vn 0.456913 0.568516 -0.68412
vn 0.456913 0.568516 -0.68412
vn 0.456913 0.568516 -0.68412
vn 0.456913 0.568516 -0.68412
vn 0.794685 0.449192 -0.408292
vn 0.794685 0.449192 -0.408292
vn 0.794685 0.449192 -0.408292
vn 0.794685 0.449192 -0.408292
vn 0.110902 -0.967016 -0.229304
vn 0.110902 -0.967016 -0.229304
vn 0.110902 -0.967016 -0.229304
vn 0.199304 -0.967617 0.154903
vn 0.199304 -0.967617 0.154903
vn 0.199304 -0.967617 0.154903
vn 0.199304 -0.967617 0.154903
vn 0.199304 -0.967617 0.154903
vn -0.565469 -0.18629 0.803456
vn -0.565469 -0.18629 0.803456
vn -0.785201 -0.619201 0.007
vn -0.785201 -0.619201 0.007
vn -0.785201 -0.619201 0.007
vn -0.810701 -0.5853 0.0137
vn -0.810701 -0.5853 0.0137
vn -0.810701 -0.5853 0.0137
vn -0.592494 -0.229498 0.772193
vn -0.592494 -0.229498 0.772193
vn -0.592494 -0.229498 0.772193
vn 0.098301 0.759609 0.642908
vn 0.098301 0.759609 0.642908
vn 0.098301 0.759609 0.642908
vn -0.971317 -0.234104 0.041701
vn -0.971317 -0.234104 0.041701
vn -0.548504 0.261802 0.794105
vn -0.548504 0.261802 0.794105
vn -0.548504 0.261802 0.794105
vn -0.997328 0.030901 -0.066202
vn -0.997328 0.030901 -0.066202
vn -0.997328 0.030901 -0.066202
vn -0.863606 0.470403 0.181401
vn -0.863606 0.470403 0.181401
vn -0.863606 0.470403 0.181401
vn -0.811303 -0.570102 -0.129501
vn -0.811303 -0.570102 -0.129501
vn -0.811303 -0.570102 -0.129501
vn -0.926576 -0.170596 -0.335191
vn -0.926576 -0.170596 -0.335191
vn -0.926576 -0.170596 -0.335191
vn -0.325701 0.843101 -0.427901
vn -0.325701 0.843101 -0.427901
vn -0.325701 0.843101 -0.427901
vn -0.325701 0.843101 -0.427901
vn -0.970103 0.173301 -0.169901
vn -0.970103 0.173301 -0.169901
vn -0.970103 0.173301 -0.169901
vn -0.1856 -0.4245 -0.886201
vn -0.1856 -0.4245 -0.886201
vn -0.1856 -0.4245 -0.886201
vn -0.1856 -0.4245 -0.886201
vn -0.445912 -0.38061 -0.810122
vn -0.445912 -0.38061 -0.810122
vn -0.445912 -0.38061 -0.810122
vn -0.116303 0.490013 -0.863922
vn -0.116303 0.490013 -0.863922
vn -0.116303 0.490013 -0.863922
vn -0.800735 -0.481521 -0.356316
vn -0.800735 -0.481521 -0.356316
vn -0.494396 0.118699 -0.861094
vn -0.494396 0.118699 -0.861094
vn -0.494396 0.118699 -0.861094
vn -0.494396 0.118699 -0.861094
vn -0.29979 0.070898 -0.951367
vn -0.29979 0.070898 -0.951367
vn -0.29979 0.070898 -0.951367
vn -0.29979 0.070898 -0.951367
vn -0.29979 0.070898 -0.951367
vn -0.29979 0.070898 -0.951367
vn -0.295409 0.226107 -0.928229
vn -0.295409 0.226107 -0.928229
vn -0.295409 0.226107 -0.928229
vn -0.0594 0.185201 -0.980904
vn -0.0495 0.2093 -0.976598
vn -0.0495 0.2093 -0.976598
vn -0.0495 0.2093 -0.976598
vn 0.261407 0.884725 -0.385911
vn 0.261407 0.884725 -0.385911
vn 0.288206 0.761616 -0.580412
vn 0.288206 0.761616 -0.580412
vn 0.288206 0.761616 -0.580412
vn 0.183396 0.946481 -0.265595
vn 0.183396 0.946481 -0.265595
vn 0.183396 0.946481 -0.265595
vn 0.183396 0.946481 -0.265595
vn 0.160807 0.87934 -0.448221
vn 0.160807 0.87934 -0.448221
vn 0.036301 0.903519 -0.427009
vn 0.036301 0.903519 -0.427009
vn -0.1079 0.930402 -0.350301
vn -0.1079 0.930402 -0.350301
vn -0.1079 0.930402 -0.350301
vn -0.243196 0.924984 -0.291995
vn -0.243196 0.924984 -0.291995
vn -0.243196 0.924984 -0.291995
vn -0.243196 0.924984 -0.291995
vn -0.729303 -0.445002 -0.519702
vn -0.729303 -0.445002 -0.519702
vn -0.796435 -0.561424 -0.22471
vn -0.796435 -0.561424 -0.22471
vn 0.148693 0.657469 -0.738665
vn -0.231808 0.212207 -0.949333
vn -0.231808 0.212207 -0.949333
vn -0.231808 0.212207 -0.949333
vn 0.393083 0.870562 -0.295987
vn 0.393083 0.870562 -0.295987
vn 0.393083 0.870562 -0.295987
vn 0.393083 0.870562 -0.295987
vn 0.359504 0.849108 -0.387004
vn 0.359504 0.849108 -0.387004
vn -0.390088 -0.033399 -0.920172
vn -0.390088 -0.033399 -0.920172
vn -0.104603 -0.457515 -0.883028
vn -0.104603 -0.457515 -0.883028
vn -0.104603 -0.457515 -0.883028
vn -0.365597 -0.733495 -0.572996
vn -0.365597 -0.733495 -0.572996
vn -0.365597 -0.733495 -0.572996
vn -0.365597 -0.733495 -0.572996
vn -0.365597 -0.733495 -0.572996
vn -0.1362 0.0931 -0.986297
vn -0.1362 0.0931 -0.986297
vn -0.069203 -0.280212 -0.95744
vn -0.069203 -0.280212 -0.95744
vn 0.279189 0.618076 -0.734871
vn 0.279189 0.618076 -0.734871
vn 0.279189 0.618076 -0.734871
vn -0.380706 -0.260604 -0.887214
vn -0.380706 -0.260604 -0.887214
vn -0.380706 -0.260604 -0.887214
vn 0.289296 0.917188 -0.273996
vn 0.188987 0.88674 -0.421872
vn 0.188987 0.88674 -0.421872
vn 0.109595 0.981356 -0.157893
vn -0.370307 0.915818 -0.155403
vn -0.370307 0.915818 -0.155403
vn -0.069598 0.938573 -0.33799
vn -0.069598 0.938573 -0.33799
vn -0.0021 0.714565 -0.699566
vn -0.0021 0.714565 -0.699566
vn -0.339207 0.138103 -0.930519
vn -0.339207 0.138103 -0.930519
vn 0.617025 0.130005 -0.776131
vn 0.617025 0.130005 -0.776131
vn 0.617025 0.130005 -0.776131
vn 0.095497 -0.26839 -0.958565
vn 0.095497 -0.26839 -0.958565
vn 0.279214 0.265314 -0.922848
vn 0.279214 0.265314 -0.922848
vn 0.272802 -0.937807 -0.214702
vn 0.272802 -0.937807 -0.214702
vn 0.272802 -0.937807 -0.214702
vn 0.272802 -0.937807 -0.214702
vn 0.272802 -0.937807 -0.214702
vn 0.272802 -0.937807 -0.214702
vn 0.272802 -0.937807 -0.214702
vn 0.7208 0.2418 -0.6496
vn 0.7208 0.2418 -0.6496
vn 0.7208 0.2418 -0.6496
vn 0.7208 0.2418 -0.6496
vn 0.739198 -0.489099 -0.462999
vn 0.739198 -0.489099 -0.462999
vn 0.739198 -0.489099 -0.462999
vn 0.739198 -0.489099 -0.462999
vn 0.735917 0.265806 -0.622714
vn 0.735917 0.265806 -0.622714
vn 0.735917 0.265806 -0.622714
vn 0.735917 0.265806 -0.622714
vn 0.735917 0.265806 -0.622714
vn -0.925597 -0.377399 0.029
vn -0.925597 -0.377399 0.029
vn -0.925597 -0.377399 0.029
vn -0.925597 -0.377399 0.029
vn -0.357406 0.837815 -0.412707
vn -0.357406 0.837815 -0.412707
vn -0.357406 0.837815 -0.412707
vn -0.642873 0.671571 0.368384
vn -0.642873 0.671571 0.368384
vn -0.642873 0.671571 0.368384
vn -0.642873 0.671571 0.368384
vn -0.642873 0.671571 0.368384
vn -0.642873 0.671571 0.368384
vn 0.580183 -0.199494 -0.789677
vn 0.580183 -0.199494 -0.789677
vn 0.580183 -0.199494 -0.789677
vn 0.580183 -0.199494 -0.789677
vn 0.702093 0.417996 -0.576494
vn 0.702093 0.417996 -0.576494
vn 0.702093 0.417996 -0.576494
vn 0.702093 0.417996 -0.576494
vn 0.702093 0.417996 -0.576494
vn 0.127401 -0.818908 -0.559606
vn 0.127401 -0.818908 -0.559606
vn 0.127401 -0.818908 -0.559606
vn 0.127401 -0.818908 -0.559606
vn 0.471412 0.087902 -0.877522
vn 0.471412 0.087902 -0.877522
vn 0.471412 0.087902 -0.877522
vn -0.544217 -0.625919 -0.558617
vn -0.544217 -0.625919 -0.558617
vn -0.544217 -0.625919 -0.558617
vn -0.544217 -0.625919 -0.558617
vn -0.162697 0.60389 0.780287
vn -0.162697 0.60389 0.780287
vn -0.162697 0.60389 0.780287
vn -0.162697 0.60389 0.780287
vn 0.444994 -0.386595 -0.80779
vn 0.444994 -0.386595 -0.80779
vn 0.444994 -0.386595 -0.80779
vn 0.036302 -0.74885 -0.661744
vn 0.036302 -0.74885 -0.661744
vn 0.036302 -0.74885 -0.661744
vn 0.036302 -0.74885 -0.661744
vn 0.036302 -0.74885 -0.661744
vn -0.240396 0.578991 -0.779088
vn -0.240396 0.578991 -0.779088
vn -0.415596 0.690694 -0.591795
vn -0.415596 0.690694 -0.591795
vn -0.415596 0.690694 -0.591795
vn 0.368401 0.288701 -0.883704
vn 0.368401 0.288701 -0.883704
vn 0.368401 0.288701 -0.883704
vn 0.172508 0.382418 -0.907743
vn 0.172508 0.382418 -0.907743
vn 0.172508 0.382418 -0.907743
vn -0.031499 0.641871 -0.766165
vn -0.031499 0.641871 -0.766165
vn -0.384796 -0.870592 0.306597
vn -0.384796 -0.870592 0.306597
vn -0.384796 -0.870592 0.306597
vn -0.384796 -0.870592 0.306597
vn -0.191604 0.977319 -0.090202
vn -0.191604 0.977319 -0.090202
vn -0.191604 0.977319 -0.090202
vn 0.907758 -0.153293 0.390482
vn 0.907758 -0.153293 0.390482
vn 0.907758 -0.153293 0.390482
vn -0.106196 -0.828865 0.549277
vn -0.106196 -0.828865 0.549277
vn -0.106196 -0.828865 0.549277
vn -0.260513 -0.962249 0.078804
vn -0.260513 -0.962249 0.078804
vn -0.260513 -0.962249 0.078804
vn -0.499775 -0.732163 -0.462777
vn -0.499775 -0.732163 -0.462777
vn -0.499775 -0.732163 -0.462777
vn -0.499775 -0.732163 -0.462777
vn -0.499775 -0.732163 -0.462777
vn -0.499775 -0.732163 -0.462777
vn -0.499775 -0.732163 -0.462777
vn -0.804716 -0.592912 -0.029801
vn -0.804716 -0.592912 -0.029801
vn -0.804716 -0.592912 -0.029801
vn -0.804716 -0.592912 -0.029801
vn 0.158397 0.811283 0.562788
vn 0.158397 0.811283 0.562788
vn 0.158397 0.811283 0.562788
vn 0.158397 0.811283 0.562788
vn -0.657699 0.1052 0.745899
vn -0.657699 0.1052 0.745899
vn -0.657699 0.1052 0.745899
vn -0.657699 0.1052 0.745899
vn -0.846648 -0.201888 -0.49237
vn -0.846648 -0.201888 -0.49237
vn -0.846648 -0.201888 -0.49237
vn -0.871934 0.337713 -0.354514
vn -0.871934 0.337713 -0.354514
vn -0.871934 0.337713 -0.354514
vn -0.871934 0.337713 -0.354514
vn -0.515006 0.85311 -0.083501
vn -0.515006 0.85311 -0.083501
vn -0.680915 0.561812 -0.46981
vn -0.680915 0.561812 -0.46981
vn -0.680915 0.561812 -0.46981
vn -0.680915 0.561812 -0.46981
vn 0.916207 -0.196702 -0.349103
vn 0.916207 -0.196702 -0.349103
vn 0.916207 -0.196702 -0.349103
vn 0.916207 -0.196702 -0.349103
vn -0.877593 0.106199 0.467496
vn -0.877593 0.106199 0.467496
vn -0.877593 0.106199 0.467496
vn -0.877593 0.106199 0.467496
vn -0.885249 0.274715 0.375321
vn -0.885249 0.274715 0.375321
vn -0.885249 0.274715 0.375321
vn -0.885249 0.274715 0.375321
vn 0.192004 0.977323 -0.089302
vn 0.192004 0.977323 -0.089302
vn 0.192004 0.977323 -0.089302
vn 0.192004 0.977323 -0.089302
vn 0.192004 0.977323 -0.089302
vn 0.863388 0.267496 -0.427794
vn 0.863388 0.267496 -0.427794
vn 0.863388 0.267496 -0.427794
vn 0.863388 0.267496 -0.427794
vn 0.863388 0.267496 -0.427794
vn -0.919417 -0.296305 0.258605
vn -0.919417 -0.296305 0.258605
vn 0.934621 -0.035101 -0.353908
vn 0.934621 -0.035101 -0.353908
vn 0.934621 -0.035101 -0.353908
vn 0.934621 -0.035101 -0.353908
vn 0.127402 -0.978515 0.162102
vn 0.127402 -0.978515 0.162102
vn 0.127402 -0.978515 0.162102
vn 0.127402 -0.978515 0.162102
vn -0.937502 0.0759 0.339601
vn -0.937502 0.0759 0.339601
vn 0.674628 -0.73813 -0.0064
vn 0.674628 -0.73813 -0.0064
vn 0.674628 -0.73813 -0.0064
vn 0.674628 -0.73813 -0.0064
vn 0.113496 0.954263 -0.276589
vn 0.113496 0.954263 -0.276589
vn 0.113496 0.954263 -0.276589
vn -0.037501 0.957433 -0.28621
vn -0.037501 0.957433 -0.28621
vn -0.037501 0.957433 -0.28621
vn -0.037501 0.957433 -0.28621
vn 0.905596 0.130399 -0.403598
vn 0.905596 0.130399 -0.403598
vn 0.905596 0.130399 -0.403598
vn 0.905596 0.130399 -0.403598
vn 0.905596 0.130399 -0.403598
vn 0.905596 0.130399 -0.403598
vn 0.561981 -0.813473 -0.149795
vn 0.561981 -0.813473 -0.149795
vn 0.561981 -0.813473 -0.149795
vn 0.561981 -0.813473 -0.149795
vn 0.561981 -0.813473 -0.149795
vn 0.875884 -0.481691 -0.028299
vn 0.875884 -0.481691 -0.028299
vn 0.875884 -0.481691 -0.028299
vn 0.875884 -0.481691 -0.028299
vn 0.875884 -0.481691 -0.028299
vn 0.875884 -0.481691 -0.028299
vn 0.74008 0.645182 -0.189795
vn 0.74008 0.645182 -0.189795
vn 0.74008 0.645182 -0.189795
vn 0.74008 0.645182 -0.189795
vn 0.74008 0.645182 -0.189795
vn 0.148703 0.961522 -0.231005
vn 0.148703 0.961522 -0.231005
vn 0.148703 0.961522 -0.231005
vn 0.148703 0.961522 -0.231005
vn -0.076103 -0.974235 0.212308
vn -0.076103 -0.974235 0.212308
vn -0.076103 -0.974235 0.212308
vn -0.076103 -0.974235 0.212308
vn -0.076103 -0.974235 0.212308
vn -0.076103 -0.974235 0.212308
vn -0.918337 -0.332113 0.215309
vn -0.918337 -0.332113 0.215309
vn -0.918337 -0.332113 0.215309
vn -0.918337 -0.332113 0.215309
vn -0.918337 -0.332113 0.215309
vn -0.918337 -0.332113 0.215309
vn -0.522387 -0.82298 0.223195
vn -0.522387 -0.82298 0.223195
vn -0.522387 -0.82298 0.223195
vn -0.195396 -0.971582 -0.133598
vn -0.195396 -0.971582 -0.133598
vn -0.195396 -0.971582 -0.133598
vn -0.195396 -0.971582 -0.133598
vn -0.195396 -0.971582 -0.133598
vn -0.999397 -0.034 -0.0071
vn -0.999397 -0.034 -0.0071
vn -0.999397 -0.034 -0.0071
vn -0.999397 -0.034 -0.0071
vn -0.999397 -0.034 -0.0071
vn -0.999397 -0.034 -0.0071
vn -0.738589 0.486693 0.466493
vn -0.738589 0.486693 0.466493
vn -0.738589 0.486693 0.466493
vn -0.738589 0.486693 0.466493
vn -0.738589 0.486693 0.466493
vn -0.0127 0.949334 0.314011
vn -0.0127 0.949334 0.314011
vn -0.0127 0.949334 0.314011
vn -0.324297 0.832391 -0.449395
vn -0.324297 0.832391 -0.449395
vn -0.324297 0.832391 -0.449395
vn -0.699221 0.706822 0.107203
vn -0.699221 0.706822 0.107203
vn -0.699221 0.706822 0.107203
vn -0.699221 0.706822 0.107203
vn 0.358013 -0.874431 -0.327411
vn 0.358013 -0.874431 -0.327411
vn 0.358013 -0.874431 -0.327411
vn 0.299208 0.40681 -0.863122
vn 0.299208 0.40681 -0.863122
vn 0.299208 0.40681 -0.863122
vn 0.299208 0.40681 -0.863122
vn -0.907687 -0.196697 -0.370695
vn -0.907687 -0.196697 -0.370695
vn -0.907687 -0.196697 -0.370695
vn -0.907687 -0.196697 -0.370695
vn 0.618518 -0.459214 -0.637619
vn 0.618518 -0.459214 -0.637619
vn 0.618518 -0.459214 -0.637619
vn 0.618518 -0.459214 -0.637619
vn 0.509395 0.515695 -0.688894
vn 0.509395 0.515695 -0.688894
vn 0.509395 0.515695 -0.688894
vn 0.509395 0.515695 -0.688894
vn 0.509395 0.515695 -0.688894
vn -0.052898 -0.938469 -0.341289
vn -0.052898 -0.938469 -0.341289
vn -0.052898 -0.938469 -0.341289
vn -0.052898 -0.938469 -0.341289
vn -0.187407 -0.413015 -0.891233
vn -0.187407 -0.413015 -0.891233
vn -0.187407 -0.413015 -0.891233
vn 0.574931 -0.340818 -0.74384
vn 0.574931 -0.340818 -0.74384
vn 0.574931 -0.340818 -0.74384
vn 0.574931 -0.340818 -0.74384
vn 0.574931 -0.340818 -0.74384
vn -0.885121 -0.395209 -0.245706
vn -0.885121 -0.395209 -0.245706
vn -0.885121 -0.395209 -0.245706
vn -0.898488 0.348395 -0.267096
vn -0.898488 0.348395 -0.267096
vn -0.898488 0.348395 -0.267096
vn -0.898488 0.348395 -0.267096
vn 0.423306 0.499107 -0.756111
vn 0.423306 0.499107 -0.756111
vn 0.423306 0.499107 -0.756111
vn -0.384304 0.783809 -0.487805
vn -0.384304 0.783809 -0.487805
vn -0.384304 0.783809 -0.487805
vn 0.273896 0.490992 -0.826987
vn 0.273896 0.490992 -0.826987
vn -0.349195 -0.674191 -0.650791
vn -0.349195 -0.674191 -0.650791
vn -0.349195 -0.674191 -0.650791
vn -0.64737 -0.447779 -0.616771
vn -0.64737 -0.447779 -0.616771
vn -0.64737 -0.447779 -0.616771
vn -0.64737 -0.447779 -0.616771
vn -0.1515 -0.2879 -0.945601
vn -0.1515 -0.2879 -0.945601
vn -0.1515 -0.2879 -0.945601
vn 0.1265 0.671201 -0.730402
vn 0.1265 0.671201 -0.730402
vn 0.1265 0.671201 -0.730402
vn -0.2622 0.510701 -0.818801
vn -0.2622 0.510701 -0.818801
vn -0.509606 0.248603 -0.82371
vn -0.509606 0.248603 -0.82371
vn -0.509606 0.248603 -0.82371
vn 0.234903 0.520507 -0.82091
vn 0.234903 0.520507 -0.82091
vn 0.234903 0.520507 -0.82091
vn 0.234903 0.520507 -0.82091
vn -0.172994 0.051698 -0.983565
vn -0.620486 -0.349792 -0.701885
vn -0.620486 -0.349792 -0.701885
vn -0.620486 -0.349792 -0.701885
vn -0.162694 -0.951065 -0.26269
vn -0.162694 -0.951065 -0.26269
vn -0.162694 -0.951065 -0.26269
vn 0.525489 -0.120797 -0.842182
vn 0.525489 -0.120797 -0.842182
vn 0.525489 -0.120797 -0.842182
vn 0.525489 -0.120797 -0.842182
vn -0.973134 -0.0078 -0.230108
vn -0.973134 -0.0078 -0.230108
vn -0.973134 -0.0078 -0.230108
vn -0.973134 -0.0078 -0.230108
vn -0.973134 -0.0078 -0.230108
vn -0.258398 0.548396 -0.795294
vn -0.258398 0.548396 -0.795294
vn -0.258398 0.548396 -0.795294
vn 0.993173 0.094497 -0.068398
vn 0.993173 0.094497 -0.068398
vn 0.993173 0.094497 -0.068398
vn 0.784181 0.492888 -0.376991
vn 0.784181 0.492888 -0.376991
vn 0.784181 0.492888 -0.376991
vn 0.17369 0.949644 -0.260785
vn 0.17369 0.949644 -0.260785
vn 0.17369 0.949644 -0.260785
vn 0.17369 0.949644 -0.260785
vn 0.492525 0.050303 -0.868844
vn 0.492525 0.050303 -0.868844
vn 0.492525 0.050303 -0.868844
vn 0.492525 0.050303 -0.868844
vn -0.262994 0.836982 -0.47989
vn -0.262994 0.836982 -0.47989
vn -0.236505 0.500811 -0.832618
vn -0.236505 0.500811 -0.832618
vn -0.236505 0.500811 -0.832618
vn -0.236505 0.500811 -0.832618
vn 0.66848 0.415887 0.616581
vn 0.66848 0.415887 0.616581
vn 0.66848 0.415887 0.616581
vn 0.089698 0.680985 0.726784
vn 0.089698 0.680985 0.726784
vn 0.089698 0.680985 0.726784
vn 0.944144 0.283013 0.168808
vn 0.944144 0.283013 0.168808
vn 0.944144 0.283013 0.168808
vn 0.837283 0.191896 -0.51199
vn 0.837283 0.191896 -0.51199
vn 0.837283 0.191896 -0.51199
vn 0.77831 0.256703 0.573007
vn 0.77831 0.256703 0.573007
vn 0.77831 0.256703 0.573007
vn -0.509794 0.78879 0.343396
vn -0.509794 0.78879 0.343396
vn -0.509794 0.78879 0.343396
vn -0.488715 0.818725 -0.301409
vn -0.488715 0.818725 -0.301409
vn -0.488715 0.818725 -0.301409
vn -0.298307 0.949322 0.099002
vn -0.298307 0.949322 0.099002
vn -0.298307 0.949322 0.099002
vn 0.423192 0.52689 -0.737086
vn 0.423192 0.52689 -0.737086
vn 0.423192 0.52689 -0.737086
vn 0.423192 0.52689 -0.737086
vn -0.045901 0.668812 -0.742013
vn -0.045901 0.668812 -0.742013
vn -0.045901 0.668812 -0.742013
vn 0.775593 0.394596 0.492696
vn 0.775593 0.394596 0.492696
vn 0.775593 0.394596 0.492696
vn 0.775593 0.394596 0.492696
vn 0.376413 0.532218 0.758326
vn 0.792315 0.579311 0.191404
vn 0.792315 0.579311 0.191404
vn 0.792315 0.579311 0.191404
vn -0.1294 0.663501 0.736901
vn -0.1294 0.663501 0.736901
vn -0.1294 0.663501 0.736901
vn -0.221392 0.895069 0.387087
vn -0.221392 0.895069 0.387087
vn -0.221392 0.895069 0.387087
vn -0.221392 0.895069 0.387087
vn -0.547938 0.769053 -0.329123
vn -0.547938 0.769053 -0.329123
vn -0.547938 0.769053 -0.329123
vn -0.547938 0.769053 -0.329123
vn 0.464691 0.308794 -0.829884
vn 0.464691 0.308794 -0.829884
vn 0.464691 0.308794 -0.829884
vn -0.169802 0.718007 -0.675006
vn -0.169802 0.718007 -0.675006
vn -0.169802 0.718007 -0.675006
vn 0.248908 0.96453 0.087903
vn 0.248908 0.96453 0.087903
vn 0.248908 0.96453 0.087903
vn -0.451422 0.889844 -0.066303
vn -0.451422 0.889844 -0.066303
vn -0.451422 0.889844 -0.066303
vn -0.451422 0.889844 -0.066303
vn -0.451422 0.889844 -0.066303
vn 0.068302 0.922827 -0.379111
vn 0.068302 0.922827 -0.379111
vn -0.213591 -0.974657 -0.066497
vn -0.213591 -0.974657 -0.066497
vn -0.300301 -0.904002 -0.304301
vn -0.300301 -0.904002 -0.304301
vn -0.412496 -0.804793 -0.426796
vn -0.412496 -0.804793 -0.426796
vn -0.412496 -0.804793 -0.426796
vn -0.576396 -0.525497 -0.625796
vn -0.576396 -0.525497 -0.625796
vn -0.576396 -0.525497 -0.625796
vn -0.566985 -0.549585 -0.613583
vn -0.566985 -0.549585 -0.613583
vn -0.026699 -0.684771 -0.728269
vn -0.026699 -0.684771 -0.728269
vn -0.026699 -0.684771 -0.728269
vn -0.500804 -0.158601 -0.850906
vn -0.500804 -0.158601 -0.850906
vn -0.500804 -0.158601 -0.850906
vn -0.500804 -0.158601 -0.850906
vn 0.627091 -0.67359 -0.391194
vn 0.627091 -0.67359 -0.391194
vn 0.627091 -0.67359 -0.391194
vn -0.108499 0.115299 -0.987388
vn -0.108499 0.115299 -0.987388
vn -0.108499 0.115299 -0.987388
vn -0.108499 0.115299 -0.987388
vn -0.108499 0.115299 -0.987388
vn -0.279312 -0.764533 -0.580925
vn -0.279312 -0.764533 -0.580925
vn -0.279312 -0.764533 -0.580925
vn 0.238606 -0.699217 -0.673916
vn 0.238606 -0.699217 -0.673916
vn 0.238606 -0.699217 -0.673916
vn 0.383094 -0.67169 0.634091
vn 0.383094 -0.67169 0.634091
vn 0.383094 -0.67169 0.634091
vn -0.422913 -0.440814 -0.791725
vn -0.422913 -0.440814 -0.791725
vn -0.422913 -0.440814 -0.791725
vn 0.056897 -0.926454 -0.372082
vn 0.056897 -0.926454 -0.372082
vn 0.056897 -0.926454 -0.372082
vn 0.135896 -0.415088 -0.899574
vn 0.135896 -0.415088 -0.899574
vn 0.248389 0.214291 -0.94466
vn 0.248389 0.214291 -0.94466
vn 0.248389 0.214291 -0.94466
vn 0.248389 0.214291 -0.94466
vn -0.334413 -0.112104 -0.935735
vn -0.334413 -0.112104 -0.935735
vn -0.334413 -0.112104 -0.935735
vn -0.375084 -0.118695 -0.91936
vn -0.375084 -0.118695 -0.91936
vn -0.375084 -0.118695 -0.91936
vn -0.375084 -0.118695 -0.91936
vn 0.600741 -0.276919 -0.749951
vn 0.600741 -0.276919 -0.749951
vn 0.600741 -0.276919 -0.749951
vn 0.600741 -0.276919 -0.749951
vn -0.571612 -0.179204 -0.800716
vn -0.571612 -0.179204 -0.800716
vn 0.715573 -0.212992 -0.665275
vn 0.715573 -0.212992 -0.665275
vn 0.715573 -0.212992 -0.665275
vn 0.715573 -0.212992 -0.665275
vn -0.435517 -0.066303 -0.897735
vn -0.435517 -0.066303 -0.897735
vn -0.435517 -0.066303 -0.897735
vn -0.427526 -0.140908 -0.892954
vn -0.427526 -0.140908 -0.892954
vn 0.579703 -0.322002 -0.748504
vn 0.579703 -0.322002 -0.748504
vn -0.668594 0.0522 -0.741793
vn -0.668594 0.0522 -0.741793
vn -0.668594 0.0522 -0.741793
vn -0.429598 -0.0841 -0.899096
vn -0.429598 -0.0841 -0.899096
vn -0.544704 0.124701 -0.829306
vn -0.544704 0.124701 -0.829306
vn -0.544704 0.124701 -0.829306
vn 0.679605 0.02 -0.733305
vn 0.679605 0.02 -0.733305
vn 0.679605 0.02 -0.733305
vn 0.679605 0.02 -0.733305
vn 0.76939 -0.051599 -0.636692
vn 0.626119 0.0021 -0.779724
vn 0.626119 0.0021 -0.779724
vn 0.626119 0.0021 -0.779724
vn 0.651916 -0.279207 -0.705017
vn 0.651916 -0.279207 -0.705017
vn 0.651916 -0.279207 -0.705017
vn 0.782507 -0.089301 -0.616205
vn 0.782507 -0.089301 -0.616205
vn 0.182603 0.095702 -0.978518
vn 0.182603 0.095702 -0.978518
vn -0.689716 -0.0096 -0.724017
vn -0.689716 -0.0096 -0.724017
vn -0.689716 -0.0096 -0.724017
vn -0.689716 -0.0096 -0.724017
vn -0.689716 -0.0096 -0.724017
vn -0.92094 0.339515 -0.191308
vn -0.92094 0.339515 -0.191308
vn -0.954803 -0.147601 0.258001
vn -0.954803 -0.147601 0.258001
vn -0.954803 -0.147601 0.258001
vn -0.954803 -0.147601 0.258001
vn -0.683902 -0.430801 -0.588802
vn -0.683902 -0.430801 -0.588802
vn -0.683902 -0.430801 -0.588802
vn -0.683902 -0.430801 -0.588802
vn -0.683902 -0.430801 -0.588802
vn 0.720593 -0.312597 0.618894
vn 0.720593 -0.312597 0.618894
vn 0.720593 -0.312597 0.618894
vn 0.720593 -0.312597 0.618894
vn 0.785481 0.519287 0.336692
vn 0.785481 0.519287 0.336692
vn 0.785481 0.519287 0.336692
vn 0.705199 0.2302 -0.670599
vn 0.705199 0.2302 -0.670599
vn 0.705199 0.2302 -0.670599
vn 0.705199 0.2302 -0.670599
vn 0.910836 0.405216 -0.078603
vn 0.910836 0.405216 -0.078603
vn 0.910836 0.405216 -0.078603
vn 0.326991 -0.149196 -0.933176
vn 0.326991 -0.149196 -0.933176
vn 0.416401 0.816902 0.399101
vn 0.416401 0.816902 0.399101
vn 0.416401 0.816902 0.399101
vn 0.416401 0.816902 0.399101
vn 0.416401 0.816902 0.399101
vn -0.401507 -0.484009 0.777514
vn -0.401507 -0.484009 0.777514
vn -0.401507 -0.484009 0.777514
vn -0.401507 -0.484009 0.777514
vn -0.401507 -0.484009 0.777514
vn -0.771464 0.507876 0.383282
vn -0.771464 0.507876 0.383282
vn -0.771464 0.507876 0.383282
vn -0.750627 0.660724 0.0018
vn -0.750627 0.660724 0.0018
vn -0.750627 0.660724 0.0018
vn -0.750627 0.660724 0.0018
vn 0.664581 -0.69708 0.269092
vn 0.664581 -0.69708 0.269092
vn 0.664581 -0.69708 0.269092
vn -0.188509 -0.896241 0.401518
vn -0.188509 -0.896241 0.401518
vn -0.188509 -0.896241 0.401518
vn -0.0104 0.921269 0.388787
vn -0.0104 0.921269 0.388787
vn -0.0104 0.921269 0.388787
vn -0.0104 0.921269 0.388787
vn -0.750446 -0.139509 0.64604
vn -0.750446 -0.139509 0.64604
vn -0.750446 -0.139509 0.64604
vn -0.0227 -0.941409 0.336503
vn -0.0227 -0.941409 0.336503
vn -0.0227 -0.941409 0.336503
vn 0.89583 0.371612 -0.243708
vn 0.89583 0.371612 -0.243708
vn 0.89583 0.371612 -0.243708
vn 0.89583 0.371612 -0.243708
vn -0.075402 0.487212 -0.870022
vn -0.075402 0.487212 -0.870022
vn 0.026999 -0.299686 -0.953656
vn 0.026999 -0.299686 -0.953656
vn -0.372822 -0.15971 -0.914055
vn -0.372822 -0.15971 -0.914055
vn -0.372822 -0.15971 -0.914055
vn -0.372822 -0.15971 -0.914055
vn -0.574999 -0.3111 -0.756699
vn -0.574999 -0.3111 -0.756699
vn -0.574999 -0.3111 -0.756699
vn -0.689208 0.506106 -0.518506
vn -0.689208 0.506106 -0.518506
vn -0.689208 0.506106 -0.518506
vn -0.689208 0.506106 -0.518506
vn -0.953975 0.161796 0.252494
vn -0.953975 0.161796 0.252494
vn -0.953975 0.161796 0.252494
vn -0.953975 0.161796 0.252494
vn -0.887395 -0.350898 0.298998
vn -0.887395 -0.350898 0.298998
vn -0.887395 -0.350898 0.298998
vn -0.887395 -0.350898 0.298998
vn -0.887395 -0.350898 0.298998
vn -0.878224 -0.341309 -0.335009
vn -0.878224 -0.341309 -0.335009
vn -0.878224 -0.341309 -0.335009
vn -0.878224 -0.341309 -0.335009
vn 0.693231 -0.702432 0.161307
vn 0.693231 -0.702432 0.161307
vn 0.693231 -0.702432 0.161307
vn 0.93908 0.327493 -0.104298
vn 0.93908 0.327493 -0.104298
vn 0.93908 0.327493 -0.104298
vn -0.752307 -0.191702 0.630306
vn -0.752307 -0.191702 0.630306
vn -0.752307 -0.191702 0.630306
vn -0.842802 0.315301 -0.436201
vn -0.842802 0.315301 -0.436201
vn -0.842802 0.315301 -0.436201
vn -0.842802 0.315301 -0.436201
vn -0.843722 0.40031 -0.357609
vn -0.843722 0.40031 -0.357609
vn -0.843722 0.40031 -0.357609
vn -0.843722 0.40031 -0.357609
vn 0.051398 0.921157 0.385782
vn 0.051398 0.921157 0.385782
vn 0.051398 0.921157 0.385782
vn -0.556673 0.042198 -0.829659
vn -0.556673 0.042198 -0.829659
vn -0.556673 0.042198 -0.829659
vn -0.556673 0.042198 -0.829659
vn -0.556673 0.042198 -0.829659
vn -0.556673 0.042198 -0.829659
vn 0.202989 -0.206089 -0.957248
vn 0.202989 -0.206089 -0.957248
vn -0.222799 0.455897 -0.861695
vn -0.222799 0.455897 -0.861695
vn -0.392803 -0.394503 -0.830706
vn -0.392803 -0.394503 -0.830706
vn -0.392803 -0.394503 -0.830706
vn -0.886967 -0.020399 -0.461383
vn -0.886967 -0.020399 -0.461383
vn -0.886967 -0.020399 -0.461383
vn -0.886967 -0.020399 -0.461383
vn -0.410494 0.146698 -0.899986
vn -0.410494 0.146698 -0.899986
vn -0.419605 -0.869011 -0.262203
vn -0.419605 -0.869011 -0.262203
vn 0.973416 -0.160603 -0.163303
vn -0.760097 -0.399498 -0.512498
vn -0.760097 -0.399498 -0.512498
vn -0.760097 -0.399498 -0.512498
vn -0.760097 -0.399498 -0.512498
vn -0.760097 -0.399498 -0.512498
vn -0.760097 -0.399498 -0.512498
vn -0.864422 0.41751 -0.280107
vn -0.864422 0.41751 -0.280107
vn -0.864422 0.41751 -0.280107
vn 0.759775 -0.532982 -0.372388
vn 0.759775 -0.532982 -0.372388
vn 0.681894 -0.701194 -0.208198
vn 0.566092 -0.634391 -0.526392
vn 0.566092 -0.634391 -0.526392
vn 0.406376 -0.283384 -0.86865
vn 0.406376 -0.283384 -0.86865
vn 0.406376 -0.283384 -0.86865
vn 0.406376 -0.283384 -0.86865
vn 0.906669 -0.333289 -0.258591
vn 0.719312 -0.302205 -0.62551
vn 0.719312 -0.302205 -0.62551
vn 0.855768 -0.112496 -0.504981
vn 0.855768 -0.112496 -0.504981
vn 0.451888 -0.098897 -0.886576
vn 0.451888 -0.098897 -0.886576
vn -0.063199 0.042699 -0.997087
vn 0.977229 0.042901 -0.207806
vn 0.977229 0.042901 -0.207806
vn 0.475617 0.035601 -0.878932
vn 0.475617 0.035601 -0.878932
vn 0.858201 0.1122 -0.500901
vn -0.830458 0.120594 -0.543872
vn -0.830458 0.120594 -0.543872
vn -0.779711 -0.064501 -0.622809
vn -0.779711 -0.064501 -0.622809
vn -0.779711 -0.064501 -0.622809
vn -0.096404 0.014401 -0.995238
vn -0.725487 -0.324394 -0.606989
vn -0.725487 -0.324394 -0.606989
vn -0.725487 -0.324394 -0.606989
vn 0.950922 0.273406 -0.144903
vn 0.950922 0.273406 -0.144903
vn 0.890954 0.442327 -0.102706
vn 0.890954 0.442327 -0.102706
vn 0.890954 0.442327 -0.102706
vn 0.737578 0.492585 -0.461886
vn 0.737578 0.492585 -0.461886
vn 0.822687 0.286895 -0.490792
vn 0.42859 0.212395 -0.878179
vn 0.42859 0.212395 -0.878179
vn 0.997233 -0.072102 -0.018101
vn 0.997233 -0.072102 -0.018101
vn 0.997233 -0.072102 -0.018101
vn 0.997233 -0.072102 -0.018101
vn 0.86919 -0.442695 0.220297
vn 0.86919 -0.442695 0.220297
vn 0.86919 -0.442695 0.220297
vn 0.86919 -0.442695 0.220297
vn 0.1202 -0.991001 0.0589
vn 0.1202 -0.991001 0.0589
vn 0.1202 -0.991001 0.0589
vn 0.100498 -0.918478 0.382491
vn 0.100498 -0.918478 0.382491
vn 0.100498 -0.918478 0.382491
vn 0.100498 -0.918478 0.382491
vn 0.100498 -0.918478 0.382491
vn 0.100498 -0.918478 0.382491
vn 0.330893 0.848983 -0.411992
vn 0.330893 0.848983 -0.411992
vn -0.085302 -0.0162 -0.996223
vn -0.379805 0.157202 0.911612
vn -0.379805 0.157202 0.911612
vn -0.379805 0.157202 0.911612
vn -0.379805 0.157202 0.911612
vn 0.349995 0.331095 -0.876287
vn 0.349995 0.331095 -0.876287
vn -0.0106 -0.999804 0.0167
vn -0.0106 -0.999804 0.0167
vn -0.0106 -0.999804 0.0167
vn -0.845609 -0.462805 0.266003
vn -0.845609 -0.462805 0.266003
vn -0.845609 -0.462805 0.266003
vn -0.601784 0.714881 -0.356091
vn -0.601784 0.714881 -0.356091
vn -0.414313 -0.126304 -0.901328
vn -0.414313 -0.126304 -0.901328
vn -0.414313 -0.126304 -0.901328
vn -0.099196 -0.862363 0.496478
vn -0.099196 -0.862363 0.496478
vn -0.099196 -0.862363 0.496478
vn -0.099196 -0.862363 0.496478
vn -0.478789 -0.85508 -0.198995
vn -0.478789 -0.85508 -0.198995
vn -0.478789 -0.85508 -0.198995
vn -0.478789 -0.85508 -0.198995
vn -0.478789 -0.85508 -0.198995
vn -0.478789 -0.85508 -0.198995
vn -0.051402 0.102204 0.993435
vn -0.051402 0.102204 0.993435
vn -0.051402 0.102204 0.993435
vn -0.051402 0.102204 0.993435
vn -0.051402 0.102204 0.993435
vn 0.663789 0.455792 -0.59299
vn 0.663789 0.455792 -0.59299
vn 0.663789 0.455792 -0.59299
vn 0.663789 0.455792 -0.59299
vn 0.635805 -0.625005 -0.452903
vn 0.635805 -0.625005 -0.452903
vn 0.635805 -0.625005 -0.452903
vn 0.42227 0.256782 0.869339
vn 0.42227 0.256782 0.869339
vn 0.42227 0.256782 0.869339
vn 0.42227 0.256782 0.869339
vn -0.041001 -0.449316 -0.892432
vn -0.041001 -0.449316 -0.892432
vn -0.041001 -0.449316 -0.892432
vn -0.041001 -0.449316 -0.892432
vn -0.0087 -0.698782 0.715282
vn -0.0087 -0.698782 0.715282
vn -0.0087 -0.698782 0.715282
vn -0.0087 -0.698782 0.715282
vn -0.0087 -0.698782 0.715282
vn 0.328796 0.696592 0.637693
vn 0.328796 0.696592 0.637693
vn 0.328796 0.696592 0.637693
vn 0.328796 0.696592 0.637693
vn 0.328796 0.696592 0.637693
vn -0.672584 0.073298 0.736382
vn -0.672584 0.073298 0.736382
vn -0.672584 0.073298 0.736382
vn 0.981185 -0.190997 -0.0282
vn 0.981185 -0.190997 -0.0282
vn 0.981185 -0.190997 -0.0282
vn 0.981185 -0.190997 -0.0282
vn 0.411286 0.91057 0.041299
vn 0.411286 0.91057 0.041299
vn 0.411286 0.91057 0.041299
vn 0.693406 0.448804 0.563705
vn 0.693406 0.448804 0.563705
vn 0.693406 0.448804 0.563705
vn 0.693406 0.448804 0.563705
vn 0.977288 -0.0148 -0.211397
vn 0.977288 -0.0148 -0.211397
vn 0.977288 -0.0148 -0.211397
vn 0.187596 0.964878 -0.183896
vn 0.187596 0.964878 -0.183896
vn 0.187596 0.964878 -0.183896
vn 0.474929 -0.694142 0.540933
vn 0.474929 -0.694142 0.540933
vn 0.474929 -0.694142 0.540933
vn -0.4304 -0.6981 0.5722
vn -0.4304 -0.6981 0.5722
vn -0.4304 -0.6981 0.5722
vn -0.643283 0.462188 0.610384
vn -0.643283 0.462188 0.610384
vn -0.643283 0.462188 0.610384
vn -0.643283 0.462188 0.610384
vn 0.69739 -0.70569 -0.125098
vn 0.69739 -0.70569 -0.125098
vn 0.69739 -0.70569 -0.125098
vn 0.665588 0.407593 -0.625189
vn 0.665588 0.407593 -0.625189
vn 0.281106 0.212205 -0.935921
vn 0.281106 0.212205 -0.935921
vn -0.181709 0.835842 -0.518026
vn -0.181709 0.835842 -0.518026
vn -0.181709 0.835842 -0.518026
vn -0.181709 0.835842 -0.518026
vn -0.181709 0.835842 -0.518026
vn 0.215902 -0.659307 -0.720208
vn 0.215902 -0.659307 -0.720208
vn -0.451305 -0.368104 0.81291
vn -0.451305 -0.368104 0.81291
vn -0.451305 -0.368104 0.81291
vn -0.451305 -0.368104 0.81291
vn -0.451305 -0.368104 0.81291
vn -0.829778 -0.114197 0.546285
vn -0.829778 -0.114197 0.546285
vn -0.829778 -0.114197 0.546285
vn -0.829778 -0.114197 0.546285
vn -0.435493 -0.888986 -0.141598
vn -0.435493 -0.888986 -0.141598
vn -0.435493 -0.888986 -0.141598
vn -0.907701 -0.2105 -0.363
vn -0.907701 -0.2105 -0.363
vn -0.907701 -0.2105 -0.363
vn -0.907701 -0.2105 -0.363
vn -0.322999 -0.523698 -0.788297
vn -0.322999 -0.523698 -0.788297
vn -0.322999 -0.523698 -0.788297
vn -0.221298 0.250098 -0.942591
vn -0.221298 0.250098 -0.942591
vn -0.221298 0.250098 -0.942591
vn -0.395511 0.767421 0.504614
vn -0.395511 0.767421 0.504614
vn -0.395511 0.767421 0.504614
vn -0.395511 0.767421 0.504614
vn -0.395511 0.767421 0.504614
vn -0.395511 0.767421 0.504614
vn -0.736822 0.420113 -0.529716
vn -0.736822 0.420113 -0.529716
vn -0.736822 0.420113 -0.529716
vn -0.050303 0.599832 0.798543
vn -0.050303 0.599832 0.798543
vn -0.050303 0.599832 0.798543
vn -0.050303 0.599832 0.798543
vn 0.151395 0.932471 -0.32799
vn 0.151395 0.932471 -0.32799
vn 0.151395 0.932471 -0.32799
vn 0.151395 0.932471 -0.32799
vn -0.214703 -0.77181 0.598508
vn -0.214703 -0.77181 0.598508
vn -0.214703 -0.77181 0.598508
vn -0.378092 -0.527788 0.760583
vn -0.378092 -0.527788 0.760583
vn -0.378092 -0.527788 0.760583
vn -0.378092 -0.527788 0.760583
vn -0.597903 -0.710803 -0.370502
vn -0.597903 -0.710803 -0.370502
vn -0.597903 -0.710803 -0.370502
vn -0.597903 -0.710803 -0.370502
vn -0.597903 -0.710803 -0.370502
vn -0.471574 -0.317582 -0.822654
vn -0.471574 -0.317582 -0.822654
vn -0.471574 -0.317582 -0.822654
vn -0.540479 -0.685174 -0.488281
vn -0.540479 -0.685174 -0.488281
vn -0.540479 -0.685174 -0.488281
vn -0.55192 -0.016701 -0.83373
vn -0.55192 -0.016701 -0.83373
vn -0.55192 -0.016701 -0.83373
vn -0.55192 -0.016701 -0.83373
vn -0.223899 0.293099 -0.929496
vn -0.223899 0.293099 -0.929496
vn -0.223899 0.293099 -0.929496
vn -0.223899 0.293099 -0.929496
vn -0.31081 -0.040001 -0.94963
vn -0.31081 -0.040001 -0.94963
vn -0.31081 -0.040001 -0.94963
vn 0.181906 0.57102 -0.800528
vn 0.181906 0.57102 -0.800528
vn 0.181906 0.57102 -0.800528
vn 0.181906 0.57102 -0.800528
vn -0.275394 0.494189 -0.824582
vn -0.275394 0.494189 -0.824582
vn 0.212491 -0.809866 0.546777
vn 0.212491 -0.809866 0.546777
vn 0.120794 -0.648969 -0.751164
vn 0.120794 -0.648969 -0.751164
vn 0.0307 0.572104 -0.819606
vn 0.0307 0.572104 -0.819606
vn 0.539206 0.213702 -0.814609
vn 0.539206 0.213702 -0.814609
vn 0.539206 0.213702 -0.814609
vn -0.0011 0.393014 -0.919532
vn -0.0011 0.393014 -0.919532
vn 0.187808 0.129406 -0.973644
vn 0.187808 0.129406 -0.973644
vn 0.187808 0.129406 -0.973644
vn -0.174903 -0.576009 -0.798513
vn -0.174903 -0.576009 -0.798513
vn -0.174903 -0.576009 -0.798513
vn 0.794788 -0.403194 0.453593
vn 0.794788 -0.403194 0.453593
vn 0.794788 -0.403194 0.453593
vn 0.794788 -0.403194 0.453593
vn 0.794788 -0.403194 0.453593
vn 0.794788 -0.403194 0.453593
vn 0.381603 0.802306 0.459003
vn 0.381603 0.802306 0.459003
vn 0.381603 0.802306 0.459003
vn 0.381603 0.802306 0.459003
vn 0.381603 0.802306 0.459003
vn 0.325595 -0.204697 0.923086
vn 0.325595 -0.204697 0.923086
vn 0.325595 -0.204697 0.923086
vn 0.320506 0.778314 0.53991
vn 0.320506 0.778314 0.53991
vn 0.320506 0.778314 0.53991
vn 0.320506 0.778314 0.53991
vn 0.337812 0.935832 -0.100503
vn 0.337812 0.935832 -0.100503
vn 0.128903 0.99142 -0.0217
vn 0.128903 0.99142 -0.0217
vn 0.128903 0.99142 -0.0217
vn 0.429296 -0.376397 -0.820993
vn 0.429296 -0.376397 -0.820993
vn 0.429296 -0.376397 -0.820993
vn 0.429296 -0.376397 -0.820993
vn -0.059802 0.590219 -0.805025
vn -0.059802 0.590219 -0.805025
vn -0.059802 0.590219 -0.805025
vn -0.059802 0.590219 -0.805025
vn -0.059802 0.590219 -0.805025
vn -0.180303 0.908117 0.377907
vn -0.180303 0.908117 0.377907
vn -0.180303 0.908117 0.377907
vn -0.180303 0.908117 0.377907
vn -0.180303 0.908117 0.377907
vn -0.180303 0.908117 0.377907
vn -0.180303 0.908117 0.377907
vn -0.180303 0.908117 0.377907
vn -0.79417 -0.490182 0.359187
vn -0.79417 -0.490182 0.359187
vn -0.79417 -0.490182 0.359187
vn -0.79417 -0.490182 0.359187
vn -0.79417 -0.490182 0.359187
vn -0.79417 -0.490182 0.359187
vn -0.1524 -0.0923 0.983999
vn -0.1524 -0.0923 0.983999
vn -0.1524 -0.0923 0.983999
vn -0.1524 -0.0923 0.983999
vn -0.65969 -0.740489 -0.128398
vn -0.65969 -0.740489 -0.128398
vn -0.65969 -0.740489 -0.128398
vn -0.65969 -0.740489 -0.128398
vn -0.65969 -0.740489 -0.128398
vn -0.65969 -0.740489 -0.128398
vn -0.65969 -0.740489 -0.128398
vn -0.65969 -0.740489 -0.128398
vn -0.306392 -0.40409 0.861879
vn -0.306392 -0.40409 0.861879
vn -0.306392 -0.40409 0.861879
vn -0.306392 -0.40409 0.861879
vn -0.306392 -0.40409 0.861879
vn -0.138301 -0.0931 -0.986005
vn -0.138301 -0.0931 -0.986005
vn -0.138301 -0.0931 -0.986005
vn 0.140098 -0.272897 -0.951788
vn 0.140098 -0.272897 -0.951788
vn 0.140098 -0.272897 -0.951788
vn 0.257897 -0.0188 -0.965989
vn 0.257897 -0.0188 -0.965989
vn 0.257897 -0.0188 -0.965989
vn 0.044799 0.439189 -0.897277
vn 0.044799 0.439189 -0.897277
vn 0.793387 0.210697 -0.571091
vn 0.793387 0.210697 -0.571091
vn 0.793387 0.210697 -0.571091
vn 0.287003 -0.752707 -0.592505
vn 0.287003 -0.752707 -0.592505
vn 0.287003 -0.752707 -0.592505
vn 0.287003 -0.752707 -0.592505
vn -0.220502 0.776707 -0.590005
vn -0.220502 0.776707 -0.590005
vn -0.220502 0.776707 -0.590005
vn -0.718093 -0.372296 -0.587994
vn -0.718093 -0.372296 -0.587994
vn -0.718093 -0.372296 -0.587994
vn -0.718093 -0.372296 -0.587994
vn -0.405792 -0.826583 0.389992
vn -0.405792 -0.826583 0.389992
vn -0.405792 -0.826583 0.389992
vn -0.382484 0.408682 0.828665
vn -0.382484 0.408682 0.828665
vn -0.382484 0.408682 0.828665
vn 0.258319 -0.600243 -0.756954
vn 0.258319 -0.600243 -0.756954
vn 0.258319 -0.600243 -0.756954
vn 0.258319 -0.600243 -0.756954
vn 0.258319 -0.600243 -0.756954
vn 0.821494 -0.550996 -0.146799
vn 0.821494 -0.550996 -0.146799
vn 0.821494 -0.550996 -0.146799
vn 0.152107 -0.0064 -0.988343
vn 0.152107 -0.0064 -0.988343
vn 0.152107 -0.0064 -0.988343
vn 0.46879 -0.569288 -0.675386
vn 0.46879 -0.569288 -0.675386
vn 0.46879 -0.569288 -0.675386
vn 0.63139 0.558491 -0.537991
vn 0.63139 0.558491 -0.537991
vn 0.63139 0.558491 -0.537991
vn -0.547419 -0.603921 -0.57932
vn -0.547419 -0.603921 -0.57932
vn -0.547419 -0.603921 -0.57932
vn -0.547419 -0.603921 -0.57932
vn -0.643816 0.542213 -0.539913
vn -0.643816 0.542213 -0.539913
vn -0.643816 0.542213 -0.539913
vn -0.643816 0.542213 -0.539913
vn 0.451823 -0.81024 -0.373319
vn 0.451823 -0.81024 -0.373319
vn 0.269408 -0.945128 -0.184805
vn 0.269408 -0.945128 -0.184805
vn 0.196198 -0.84739 -0.493394
vn 0.0023 -0.955709 -0.294303
vn 0.0023 -0.955709 -0.294303
vn -0.241807 -0.949128 -0.201706
vn -0.241807 -0.949128 -0.201706
vn 0.033998 -0.698754 -0.714553
vn 0.033998 -0.698754 -0.714553
vn -0.207106 -0.810423 -0.548016
vn -0.207106 -0.810423 -0.548016
vn -0.405001 -0.878702 -0.252701
vn -0.405001 -0.878702 -0.252701
vn 0.286692 -0.390388 -0.874874
vn 0.286692 -0.390388 -0.874874
vn -0.454798 0.593297 -0.664197
vn -0.454798 0.593297 -0.664197
vn -0.454798 0.593297 -0.664197
vn -0.61192 0.519917 -0.59602
vn -0.61192 0.519917 -0.59602
vn -0.029199 0.037998 -0.998851
vn 0.260897 -0.655291 -0.708891
vn 0.260897 -0.655291 -0.708891
vn -0.698476 0.382587 -0.604779
vn -0.698476 0.382587 -0.604779
vn 0.080203 -0.378713 -0.922032
vn 0.080203 -0.378713 -0.922032
vn -0.0183 0.0355 -0.999202
vn -0.080201 0.795209 -0.601007
vn -0.080201 0.795209 -0.601007
vn -0.080201 0.795209 -0.601007
vn -0.091899 -0.397496 -0.91299
vn -0.091899 -0.397496 -0.91299
vn 0.293487 0.742868 -0.601674
vn 0.293487 0.742868 -0.601674
vn -0.101699 -0.796296 0.596297
vn -0.101699 -0.796296 0.596297
vn -0.101699 -0.796296 0.596297
vn 0.115602 -0.768015 0.629912
vn 0.115602 -0.768015 0.629912
vn 0.115602 -0.768015 0.629912
vn -0.129205 -0.723126 -0.678524
vn -0.129205 -0.723126 -0.678524
vn -0.129205 -0.723126 -0.678524
vn 0.096704 -0.803334 -0.587625
vn 0.096704 -0.803334 -0.587625
vn 0.096704 -0.803334 -0.587625
vn 0.096704 -0.803334 -0.587625
vn 0.096704 -0.803334 -0.587625
vn -0.600623 -0.552921 0.577522
vn -0.600623 -0.552921 0.577522
vn -0.600623 -0.552921 0.577522
vn -0.600623 -0.552921 0.577522
vn -0.701003 -0.665703 -0.255801
vn -0.701003 -0.665703 -0.255801
vn -0.701003 -0.665703 -0.255801
vn -0.701003 -0.665703 -0.255801
vn 0.479976 -0.875556 -0.054997
vn 0.479976 -0.875556 -0.054997
vn 0.479976 -0.875556 -0.054997
vn 0.479976 -0.875556 -0.054997
vn 0.479976 -0.875556 -0.054997
vn 0.479976 -0.875556 -0.054997
vn -0.521209 -0.61161 -0.59521
vn -0.521209 -0.61161 -0.59521
vn -0.061802 -0.043701 -0.997131
vn 0.585881 -0.62208 0.519384
vn 0.585881 -0.62208 0.519384
vn 0.585881 -0.62208 0.519384
vn 0.912089 0.050299 0.406895
vn 0.912089 0.050299 0.406895
vn 0.912089 0.050299 0.406895
vn 0.446623 0.727937 0.520227
vn 0.446623 0.727937 0.520227
vn 0.446623 0.727937 0.520227
vn 0.446623 0.727937 0.520227
vn -0.149608 0.811742 0.564529
vn -0.149608 0.811742 0.564529
vn -0.149608 0.811742 0.564529
vn -0.797297 -0.398999 0.452899
vn -0.797297 -0.398999 0.452899
vn -0.797297 -0.398999 0.452899
vn -0.757171 0.446083 0.477182
vn -0.757171 0.446083 0.477182
vn -0.757171 0.446083 0.477182
vn -0.307694 -0.779384 -0.545789
vn -0.307694 -0.779384 -0.545789
vn 0.334707 -0.740316 -0.583012
vn 0.334707 -0.740316 -0.583012
vn 0.334707 -0.740316 -0.583012
vn 0.870017 -0.423808 0.251905
vn 0.870017 -0.423808 0.251905
vn 0.870017 -0.423808 0.251905
vn 0.271106 -0.212405 -0.938821
vn 0.271106 -0.212405 -0.938821
vn 0.271106 -0.212405 -0.938821
vn 0.751006 0.660205 0.0109
vn 0.751006 0.660205 0.0109
vn 0.751006 0.660205 0.0109
vn 0.751006 0.660205 0.0109
vn 0.955005 -0.269101 -0.124701
vn 0.955005 -0.269101 -0.124701
vn 0.955005 -0.269101 -0.124701
vn 0.0034 -0.0084 0.999959
vn 0.0034 -0.0084 0.999959
vn 0.638207 -0.192502 -0.745409
vn 0.638207 -0.192502 -0.745409
vn 0.638207 -0.192502 -0.745409
vn 0.389103 -0.590904 -0.706705
vn 0.389103 -0.590904 -0.706705
vn 0.389103 -0.590904 -0.706705
vn 0.443193 0.487793 -0.752089
vn 0.443193 0.487793 -0.752089
vn 0.443193 0.487793 -0.752089
vn 0.604786 0.668785 0.43239
vn 0.604786 0.668785 0.43239
vn 0.604786 0.668785 0.43239
vn 0.685926 -0.601023 0.410216
vn 0.685926 -0.601023 0.410216
vn 0.685926 -0.601023 0.410216
vn 0.685926 -0.601023 0.410216
vn 0.685926 -0.601023 0.410216
vn 0.685926 -0.601023 0.410216
vn 0.0145 -0.29409 -0.955668
vn 0.0145 -0.29409 -0.955668
vn -0.1542 0.665498 -0.730298
vn -0.1542 0.665498 -0.730298
vn -0.1542 0.665498 -0.730298
vn -0.1542 0.665498 -0.730298
vn 0.345408 0.86632 0.360808
vn 0.345408 0.86632 0.360808
vn 0.345408 0.86632 0.360808
vn 0.345408 0.86632 0.360808
vn -0.236391 0.899567 0.367286
vn -0.236391 0.899567 0.367286
vn -0.236391 0.899567 0.367286
vn -0.236391 0.899567 0.367286
vn -0.247893 0.483386 -0.839576
vn -0.247893 0.483386 -0.839576
vn -0.572995 -0.304497 -0.760893
vn -0.572995 -0.304497 -0.760893
vn -0.572995 -0.304497 -0.760893
vn -0.634731 0.344817 -0.691533
vn -0.634731 0.344817 -0.691533
vn -0.634731 0.344817 -0.691533
vn -0.806583 0.261794 -0.529989
vn -0.806583 0.261794 -0.529989
vn -0.806583 0.261794 -0.529989
vn -0.806583 0.261794 -0.529989
vn -0.81464 -0.278314 -0.508825
vn -0.81464 -0.278314 -0.508825
vn -0.81464 -0.278314 -0.508825
vn -0.81464 -0.278314 -0.508825
vn -0.677601 0.3008 0.671101
vn -0.677601 0.3008 0.671101
vn -0.677601 0.3008 0.671101
vn -0.677601 0.3008 0.671101
vn -0.677601 0.3008 0.671101
vn -0.677601 0.3008 0.671101
vn -0.677601 0.3008 0.671101
vn -0.677601 0.3008 0.671101
vn -0.677601 0.3008 0.671101
vn -0.527804 0.183502 0.829307
vn -0.527804 0.183502 0.829307
vn -0.527804 0.183502 0.829307
vn -0.527804 0.183502 0.829307
vn -0.471477 -0.164192 -0.866458
vn -0.471477 -0.164192 -0.866458
vn -0.471477 -0.164192 -0.866458
vn -0.578583 0.781577 0.233193
vn -0.578583 0.781577 0.233193
vn -0.578583 0.781577 0.233193
vn -0.578583 0.781577 0.233193
vn -0.124804 -0.440113 -0.889227
vn -0.124804 -0.440113 -0.889227
vn -0.124804 -0.440113 -0.889227
vn -0.0483 0.5501 -0.833701
vn -0.0483 0.5501 -0.833701
vn 0.0786 0.426001 -0.901302
vn 0.0786 0.426001 -0.901302
vn -0.212897 0.452293 -0.866087
vn -0.212897 0.452293 -0.866087
vn -0.175506 -0.381314 -0.907633
vn -0.175506 -0.381314 -0.907633
vn -0.175506 -0.381314 -0.907633
vn -0.175203 0.477808 -0.860815
vn -0.175203 0.477808 -0.860815
vn -0.253208 0.129304 -0.958731
vn -0.253208 0.129304 -0.958731
vn -0.253208 0.129304 -0.958731
vn -0.253208 0.129304 -0.958731
vn -0.135997 -0.484989 -0.863881
vn -0.135997 -0.484989 -0.863881
vn -0.135997 -0.484989 -0.863881
vn -0.140196 -0.570882 -0.808974
vn -0.140196 -0.570882 -0.808974
vn -0.140196 -0.570882 -0.808974
vn -0.140196 -0.570882 -0.808974
vn 0.270997 -0.220898 -0.936891
vn 0.270997 -0.220898 -0.936891
vn 0.270997 -0.220898 -0.936891
vn 0.172692 0.505677 -0.845262
vn 0.172692 0.505677 -0.845262
vn 0.172692 0.505677 -0.845262
vn -0.346995 0.363195 -0.864687
vn -0.346995 0.363195 -0.864687
vn -0.080604 -0.0004 -0.996746
vn -0.396596 0.167998 -0.90249
vn -0.396596 0.167998 -0.90249
vn -0.396596 0.167998 -0.90249
vn -0.396596 0.167998 -0.90249
vn -0.451113 -0.574916 -0.682619
vn -0.451113 -0.574916 -0.682619
vn -0.451113 -0.574916 -0.682619
vn -0.451113 -0.574916 -0.682619
vn -0.545393 0.160398 -0.82269
vn -0.545393 0.160398 -0.82269
vn -0.545393 0.160398 -0.82269
vn -0.545393 0.160398 -0.82269
vn -0.583898 -0.0264 -0.811398
vn -0.583898 -0.0264 -0.811398
vn -0.583898 -0.0264 -0.811398
vn -0.697195 0.599495 -0.393097
vn -0.697195 0.599495 -0.393097
vn -0.697195 0.599495 -0.393097
vn -0.697195 0.599495 -0.393097
vn -0.486516 -0.755825 -0.438214
vn -0.486516 -0.755825 -0.438214
vn -0.486516 -0.755825 -0.438214
vn -0.625089 -0.745186 -0.232296
vn -0.625089 -0.745186 -0.232296
vn -0.327195 -0.69899 -0.635891
vn -0.327195 -0.69899 -0.635891
vn -0.327195 -0.69899 -0.635891
vn -0.327195 -0.69899 -0.635891
vn 0.022399 0.046498 -0.998667
vn -0.289297 -0.390895 -0.87379
vn -0.289297 -0.390895 -0.87379
vn -0.289297 -0.390895 -0.87379
vn 0.077498 0.070798 -0.994476
vn 0.077498 0.070798 -0.994476
vn 0.462614 0.66482 -0.586518
vn 0.462614 0.66482 -0.586518
vn 0.632998 0.550898 -0.543898
vn 0.632998 0.550898 -0.543898
vn 0.632998 0.550898 -0.543898
vn 0.632998 0.550898 -0.543898
vn 0.803331 0.170107 -0.570722
vn 0.803331 0.170107 -0.570722
vn 0.803331 0.170107 -0.570722
vn 0.803331 0.170107 -0.570722
vn -0.770504 -0.572303 -0.280701
vn -0.770504 -0.572303 -0.280701
vn -0.599516 -0.575215 -0.556515
vn -0.392805 -0.244903 -0.886412
vn -0.392805 -0.244903 -0.886412
vn -0.894483 -0.349293 -0.279095
vn -0.976586 -0.196397 -0.087799
vn -0.915682 -0.179096 -0.359793
vn -0.73651 -0.381605 -0.558508
vn 0.093699 0.0207 -0.995385
vn -0.376509 -0.093102 -0.921723
vn -0.376509 -0.093102 -0.921723
vn -0.694234 -0.20501 -0.689934
vn 0.759759 -0.18689 -0.622766
vn 0.759759 -0.18689 -0.622766
vn 0.708995 -0.396497 -0.583195
vn 0.708995 -0.396497 -0.583195
vn 0.566182 -0.545583 -0.617881
vn 0.566182 -0.545583 -0.617881
vn 0.066999 -0.0558 -0.996191
vn -0.378701 0.2975 -0.876401
vn -0.378701 0.2975 -0.876401
vn -0.962971 -0.018199 -0.268992
vn -0.734606 -0.509204 -0.448403
vn -0.734606 -0.509204 -0.448403
vn -0.734606 -0.509204 -0.448403
vn 0.413002 -0.700003 -0.582602
vn 0.413002 -0.700003 -0.582602
vn 0.413002 -0.700003 -0.582602
vn 0.413002 -0.700003 -0.582602
vn 0.073297 -0.017299 -0.99716
vn -0.786029 -0.021301 -0.617823
vn -0.435611 0.046701 -0.898923
vn -0.435611 0.046701 -0.898923
vn -0.849909 0.159202 -0.502305
vn -0.849909 0.159202 -0.502305
vn -0.765209 0.489106 -0.418605
vn -0.765209 0.489106 -0.418605
vn -0.925793 0.313398 -0.211398
vn -0.385606 0.155802 -0.909414
vn -0.385606 0.155802 -0.909414
vn -0.385606 0.155802 -0.909414
vn 0.852371 -0.483184 0.199993
vn 0.852371 -0.483184 0.199993
vn 0.852371 -0.483184 0.199993
vn -0.033801 -0.989432 -0.141005
vn -0.033801 -0.989432 -0.141005
vn -0.033801 -0.989432 -0.141005
vn -0.033801 -0.989432 -0.141005
vn -0.033801 -0.989432 -0.141005
vn -0.753365 0.296286 -0.587073
vn -0.753365 0.296286 -0.587073
vn -0.753365 0.296286 -0.587073
vn 0.437509 -0.849618 -0.294506
vn 0.437509 -0.849618 -0.294506
vn 0.437509 -0.849618 -0.294506
vn -0.709507 -0.479505 -0.516405
vn -0.709507 -0.479505 -0.516405
vn -0.709507 -0.479505 -0.516405
vn -0.709507 -0.479505 -0.516405
vn -0.709507 -0.479505 -0.516405
vn -0.430979 -0.40878 -0.80446
vn -0.430979 -0.40878 -0.80446
vn -0.430979 -0.40878 -0.80446
vn -0.430979 -0.40878 -0.80446
vn 0.150501 -0.796208 -0.586006
vn 0.150501 -0.796208 -0.586006
vn 0.150501 -0.796208 -0.586006
vn -0.760232 -0.289012 -0.581824
vn -0.760232 -0.289012 -0.581824
vn -0.760232 -0.289012 -0.581824
vn 0.0135 -0.92873 0.370512
vn 0.0135 -0.92873 0.370512
vn 0.0135 -0.92873 0.370512
vn 0.0135 -0.92873 0.370512
vn 0.0135 -0.92873 0.370512
vn -0.551991 -0.235896 -0.799787
vn -0.551991 -0.235896 -0.799787
vn -0.551991 -0.235896 -0.799787
vn -0.551991 -0.235896 -0.799787
vn -0.551991 -0.235896 -0.799787
vn 0.073104 0.570632 -0.817946
vn 0.073104 0.570632 -0.817946
vn -0.326386 -0.257589 -0.909461
vn -0.326386 -0.257589 -0.909461
vn -0.326386 -0.257589 -0.909461
vn -0.326386 -0.257589 -0.909461
vn -0.229898 0.207699 -0.950793
vn -0.229898 0.207699 -0.950793
vn -0.229898 0.207699 -0.950793
vn 0.476619 -0.603723 -0.639025
vn 0.476619 -0.603723 -0.639025
vn 0.476619 -0.603723 -0.639025
vn 0.327798 -0.717595 -0.614496
vn 0.327798 -0.717595 -0.614496
vn 0.327798 -0.717595 -0.614496
vn 0.327798 -0.717595 -0.614496
vn -0.166796 -0.432489 -0.886077
vn -0.166796 -0.432489 -0.886077
vn -0.166796 -0.432489 -0.886077
vn -0.166796 -0.432489 -0.886077
vn 0.718384 -0.289194 -0.632686
vn 0.718384 -0.289194 -0.632686
vn 0.718384 -0.289194 -0.632686
vn -0.0364 0.155998 -0.987086
vn -0.0364 0.155998 -0.987086
vn -0.0364 0.155998 -0.987086
vn -0.0364 0.155998 -0.987086
vn -0.0364 0.155998 -0.987086
vn 0.169001 0.432803 -0.885506
vn 0.169001 0.432803 -0.885506
vn 0.169001 0.432803 -0.885506
vn 0.169001 0.432803 -0.885506
vn 0.169001 0.432803 -0.885506
vn 0.169001 0.432803 -0.885506
vn 0.169001 0.432803 -0.885506
vn -0.271102 0.105901 -0.956707
vn -0.271102 0.105901 -0.956707
vn -0.271102 0.105901 -0.956707
vn -0.391103 0.297002 -0.871107
vn -0.391103 0.297002 -0.871107
vn -0.602977 0.28089 -0.746672
vn -0.602977 0.28089 -0.746672
vn -0.602977 0.28089 -0.746672
vn -0.602977 0.28089 -0.746672
vn -0.602977 0.28089 -0.746672
vn -0.351301 0.681202 -0.642302
vn -0.351301 0.681202 -0.642302
vn -0.351301 0.681202 -0.642302
vn -0.351301 0.681202 -0.642302
vn 0.689482 -0.230394 -0.686682
vn 0.689482 -0.230394 -0.686682
vn 0.689482 -0.230394 -0.686682
vn -0.674516 0.541213 -0.502112
vn -0.674516 0.541213 -0.502112
vn -0.674516 0.541213 -0.502112
vn -0.677506 0.566505 -0.469104
vn -0.677506 0.566505 -0.469104
vn -0.677506 0.566505 -0.469104
vn -0.677506 0.566505 -0.469104
vn -0.770663 0.350983 -0.531874
vn -0.770663 0.350983 -0.531874
vn -0.770663 0.350983 -0.531874
vn -0.017699 0.869464 -0.493679
vn -0.017699 0.869464 -0.493679
vn -0.707278 0.159195 -0.688778
vn -0.707278 0.159195 -0.688778
vn -0.707278 0.159195 -0.688778
vn -0.508084 0.176294 -0.843073
vn -0.508084 0.176294 -0.843073
vn -0.508084 0.176294 -0.843073
vn -0.437196 0.243798 -0.865692
vn -0.437196 0.243798 -0.865692
vn -0.437196 0.243798 -0.865692
vn -0.437196 0.243798 -0.865692
vn -0.437196 0.243798 -0.865692
vn -0.541113 0.252906 -0.802019
vn -0.541113 0.252906 -0.802019
vn -0.541113 0.252906 -0.802019
vn -0.541113 0.252906 -0.802019
vn -0.541113 0.252906 -0.802019
vn -0.072304 0.447123 -0.891545
vn -0.072304 0.447123 -0.891545
vn -0.920491 0.0302 0.389596
vn -0.920491 0.0302 0.389596
vn -0.920491 0.0302 0.389596
vn -0.920491 0.0302 0.389596
vn -0.920491 0.0302 0.389596
vn -0.920491 0.0302 0.389596
vn -0.920491 0.0302 0.389596
vn -0.646207 -0.257503 0.718407
vn -0.646207 -0.257503 0.718407
vn -0.646207 -0.257503 0.718407
vn -0.919003 0.384801 0.0858
vn -0.919003 0.384801 0.0858
vn -0.919003 0.384801 0.0858
vn -0.919003 0.384801 0.0858
vn -0.852487 0.064999 -0.518692
vn -0.852487 0.064999 -0.518692
vn -0.852487 0.064999 -0.518692
vn -0.930646 0.121906 -0.345017
vn -0.930646 0.121906 -0.345017
vn -0.930646 0.121906 -0.345017
vn -0.930646 0.121906 -0.345017
vn -0.930646 0.121906 -0.345017
vn -0.930646 0.121906 -0.345017
vn -0.202406 0.182605 -0.962126
vn -0.365497 0.607895 -0.704894
vn -0.365497 0.607895 -0.704894
vn -0.365497 0.607895 -0.704894
vn -0.365497 0.607895 -0.704894
vn -0.365497 0.607895 -0.704894
vn -0.483711 0.600514 -0.636715
vn -0.483711 0.600514 -0.636715
vn -0.483711 0.600514 -0.636715
vn -0.483711 0.600514 -0.636715
vn -0.862164 0.314387 -0.397283
vn -0.862164 0.314387 -0.397283
vn -0.77612 -0.110003 -0.620916
vn -0.432383 0.854766 -0.287089
vn -0.432383 0.854766 -0.287089
vn -0.432383 0.854766 -0.287089
vn -0.432383 0.854766 -0.287089
vn -0.574987 0.796483 -0.187096
vn -0.574987 0.796483 -0.187096
vn -0.574987 0.796483 -0.187096
vn -0.670893 0.707293 -0.222798
vn -0.670893 0.707293 -0.222798
vn -0.839515 0.53631 -0.087102
vn -0.839515 0.53631 -0.087102
vn -0.839515 0.53631 -0.087102
vn -0.983702 0.1739 -0.0457
vn -0.983702 0.1739 -0.0457
vn -0.523489 0.232195 -0.819783
vn -0.523489 0.232195 -0.819783
vn -0.523489 0.232195 -0.819783
vn -0.438885 0.532882 -0.723475
vn -0.438885 0.532882 -0.723475
vn -0.438885 0.532882 -0.723475
vn -0.881022 0.085902 -0.465211
vn -0.881022 0.085902 -0.465211
vn -0.881022 0.085902 -0.465211
vn -0.881022 0.085902 -0.465211
vn -0.906979 0.392091 -0.153796
vn -0.800204 0.593703 -0.0848
vn -0.800204 0.593703 -0.0848
vn -0.828391 0.296897 -0.474995
vn -0.828391 0.296897 -0.474995
vn -0.682283 0.098798 -0.724382
vn -0.321186 0.692969 -0.645471
vn -0.321186 0.692969 -0.645471
vn -0.48899 0.169397 -0.855683
vn -0.48899 0.169397 -0.855683
vn -0.48899 0.169397 -0.855683
vn -0.571878 0.674174 -0.467382
vn -0.571878 0.674174 -0.467382
vn -0.571878 0.674174 -0.467382
vn -0.680787 0.576789 -0.451491
vn -0.680787 0.576789 -0.451491
vn 0.692488 -0.094698 0.715187
vn 0.692488 -0.094698 0.715187
vn 0.692488 -0.094698 0.715187
vn 0.124203 0.341007 0.93182
vn 0.124203 0.341007 0.93182
vn 0.124203 0.341007 0.93182
vn 0.124203 0.341007 0.93182
vn -0.529508 -0.618009 0.581108
vn -0.529508 -0.618009 0.581108
vn -0.529508 -0.618009 0.581108
vn -0.529508 -0.618009 0.581108
vn 0.993092 -0.111999 -0.035
vn 0.993092 -0.111999 -0.035
vn 0.993092 -0.111999 -0.035
vn 0.993092 -0.111999 -0.035
vn 0.993092 -0.111999 -0.035
vn 0.85279 0.466295 0.235197
vn 0.85279 0.466295 0.235197
vn 0.85279 0.466295 0.235197
vn 0.85279 0.466295 0.235197
vn 0.85279 0.466295 0.235197
vn 0.85279 0.466295 0.235197
vn -0.044498 -0.972763 0.227491
vn -0.044498 -0.972763 0.227491
vn -0.044498 -0.972763 0.227491
vn 0.864993 0.347797 0.361697
vn 0.864993 0.347797 0.361697
vn 0.864993 0.347797 0.361697
vn 0.864993 0.347797 0.361697
vn 0.864993 0.347797 0.361697
vn 0.099203 0.990029 -0.100003
vn 0.099203 0.990029 -0.100003
vn 0.099203 0.990029 -0.100003
vn 0.258405 -0.046501 0.964917
vn 0.258405 -0.046501 0.964917
vn 0.258405 -0.046501 0.964917
vn 0.258405 -0.046501 0.964917
vn 0.850969 -0.27169 0.449484
vn 0.850969 -0.27169 0.449484
vn 0.850969 -0.27169 0.449484
vn 0.850969 -0.27169 0.449484
vn -0.094304 0.754035 0.65003
vn -0.094304 0.754035 0.65003
vn -0.094304 0.754035 0.65003
vn -0.132402 0.976316 -0.171103
vn -0.132402 0.976316 -0.171103
vn -0.132402 0.976316 -0.171103
vn -0.132402 0.976316 -0.171103
vn 0.936849 -0.040498 -0.347381
vn 0.936849 -0.040498 -0.347381
vn 0.936849 -0.040498 -0.347381
vn 0.436724 0.675836 -0.593732
vn 0.436724 0.675836 -0.593732
vn 0.436724 0.675836 -0.593732
vn 0.505719 0.807131 0.304612
vn 0.505719 0.807131 0.304612
vn 0.505719 0.807131 0.304612
vn 0.505719 0.807131 0.304612
vn 0.505719 0.807131 0.304612
vn 0.505719 0.807131 0.304612
vn 0.505719 0.807131 0.304612
vn -0.097498 0.878978 0.466788
vn -0.097498 0.878978 0.466788
vn -0.097498 0.878978 0.466788
vn -0.097498 0.878978 0.466788
vn -0.097498 0.878978 0.466788
vn 0.145805 0.948831 -0.280109
vn 0.145805 0.948831 -0.280109
vn -0.922469 -0.178194 0.342488
vn -0.922469 -0.178194 0.342488
vn -0.922469 -0.178194 0.342488
vn -0.922469 -0.178194 0.342488
vn -0.922469 -0.178194 0.342488
vn -0.59719 0.254696 0.760588
vn -0.59719 0.254696 0.760588
vn -0.59719 0.254696 0.760588
vn -0.59719 0.254696 0.760588
vn 0.353191 -0.691283 0.630384
vn 0.353191 -0.691283 0.630384
vn 0.353191 -0.691283 0.630384
vn 0.7218 -0.0019 0.6921
vn 0.7218 -0.0019 0.6921
vn 0.7218 -0.0019 0.6921
vn 0.7218 -0.0019 0.6921
vn -0.919232 0.244609 -0.308511
vn -0.919232 0.244609 -0.308511
vn -0.919232 0.244609 -0.308511
vn 0.0313 0.471701 -0.881203
vn 0.0313 0.471701 -0.881203
vn 0.0313 0.471701 -0.881203
vn 0.0313 0.471701 -0.881203
vn -0.059299 -0.0105 -0.998185
vn -0.059299 -0.0105 -0.998185
vn 0.92058 0.379492 0.092298
vn 0.92058 0.379492 0.092298
vn 0.92058 0.379492 0.092298
vn -0.465607 -0.544308 -0.69781
vn -0.465607 -0.544308 -0.69781
vn 0.763896 0.119399 -0.634197
vn 0.763896 0.119399 -0.634197
vn 0.763896 0.119399 -0.634197
vn 0.763896 0.119399 -0.634197
vn 0.58104 0.764953 -0.277919
vn 0.58104 0.764953 -0.277919
vn 0.678006 0.692206 -0.247302
vn 0.678006 0.692206 -0.247302
vn -0.154302 -0.784208 0.601006
vn -0.154302 -0.784208 0.601006
vn -0.154302 -0.784208 0.601006
vn -0.154302 -0.784208 0.601006
vn 0.206294 -0.789177 0.578483
vn 0.206294 -0.789177 0.578483
vn 0.206294 -0.789177 0.578483
vn -0.803825 -0.166405 0.571118
vn -0.803825 -0.166405 0.571118
vn -0.803825 -0.166405 0.571118
vn -0.287508 -0.528114 0.799021
vn -0.287508 -0.528114 0.799021
vn -0.287508 -0.528114 0.799021
vn -0.287508 -0.528114 0.799021
vn -0.570005 -0.441404 0.693006
vn -0.570005 -0.441404 0.693006
vn -0.570005 -0.441404 0.693006
vn -0.570005 -0.441404 0.693006
vn -0.570005 -0.441404 0.693006
vn 0.085998 -0.994576 -0.058499
vn 0.085998 -0.994576 -0.058499
vn 0.085998 -0.994576 -0.058499
vn -0.126795 -0.746868 -0.652772
vn -0.126795 -0.746868 -0.652772
vn -0.126795 -0.746868 -0.652772
vn -0.126795 -0.746868 -0.652772
vn 0.218103 -0.820111 -0.529007
vn 0.218103 -0.820111 -0.529007
vn 0.218103 -0.820111 -0.529007
vn -0.836222 -0.197705 -0.511513
vn -0.836222 -0.197705 -0.511513
vn -0.836222 -0.197705 -0.511513
vn -0.580121 -0.511718 -0.633723
vn -0.580121 -0.511718 -0.633723
vn -0.580121 -0.511718 -0.633723
vn -0.580121 -0.511718 -0.633723
vn -0.580121 -0.511718 -0.633723
vn -0.324394 -0.475391 -0.817785
vn -0.324394 -0.475391 -0.817785
vn -0.324394 -0.475391 -0.817785
vn 0.1027 0.134301 0.985604
vn 0.1027 0.134301 0.985604
vn 0.1027 0.134301 0.985604
vn -0.677112 0.0099 0.735813
vn -0.677112 0.0099 0.735813
vn -0.677112 0.0099 0.735813
vn -0.271788 0.46208 0.844164
vn -0.271788 0.46208 0.844164
vn 0.430895 0.760291 0.486094
vn 0.430895 0.760291 0.486094
vn 0.430895 0.760291 0.486094
vn 0.430895 0.760291 0.486094
vn 0.410393 0.817686 -0.403693
vn 0.410393 0.817686 -0.403693
vn 0.410393 0.817686 -0.403693
vn -0.225604 -0.766112 -0.60181
vn -0.225604 -0.766112 -0.60181
vn -0.225604 -0.766112 -0.60181
vn -0.519383 0.328989 -0.788674
vn -0.519383 0.328989 -0.788674
vn -0.537911 -0.834617 -0.118602
vn -0.276705 0.864016 0.420608
vn -0.276705 0.864016 0.420608
vn -0.276705 0.864016 0.420608
vn -0.276705 0.864016 0.420608
vn -0.151596 0.984373 -0.089598
vn -0.151596 0.984373 -0.089598
vn -0.327597 0.760093 -0.561195
vn -0.327597 0.760093 -0.561195
vn -0.327597 0.760093 -0.561195
vn -0.327597 0.760093 -0.561195
vn -0.103199 0.356198 0.928694
vn -0.103199 0.356198 0.928694
vn -0.103199 0.356198 0.928694
vn -0.103199 0.356198 0.928694
vn -0.736705 0.664105 0.127401
vn -0.736705 0.664105 0.127401
vn -0.736705 0.664105 0.127401
vn -0.0331 -0.92199 -0.385796
vn -0.0331 -0.92199 -0.385796
vn -0.0331 -0.92199 -0.385796
vn -0.464595 -0.630594 0.621694
vn -0.464595 -0.630594 0.621694
vn -0.464595 -0.630594 0.621694
vn -0.464595 -0.630594 0.621694
vn -0.464595 -0.630594 0.621694
vn -0.464595 -0.630594 0.621694
vn -0.464595 -0.630594 0.621694
vn -0.608695 0.496196 -0.619095
vn -0.608695 0.496196 -0.619095
vn -0.608695 0.496196 -0.619095
vn -0.608695 0.496196 -0.619095
vn -0.608695 0.496196 -0.619095
vn 0.033601 -0.596617 -0.801823
vn 0.033601 -0.596617 -0.801823
vn 0.033601 -0.596617 -0.801823
vn 0.033601 -0.596617 -0.801823
vn -0.439693 -0.069099 -0.895486
vn -0.439693 -0.069099 -0.895486
vn -0.439693 -0.069099 -0.895486
vn -0.396 0.5196 -0.7571
vn -0.396 0.5196 -0.7571
vn -0.396 0.5196 -0.7571
vn -0.396 0.5196 -0.7571
vn 0.589392 0.554393 -0.587592
vn 0.589392 0.554393 -0.587592
vn 0.589392 0.554393 -0.587592
vn 0.589392 0.554393 -0.587592
vn -0.697811 -0.386106 -0.603309
vn -0.697811 -0.386106 -0.603309
vn -0.802118 0.240005 -0.546812
vn -0.802118 0.240005 -0.546812
vn -0.802118 0.240005 -0.546812
vn -0.802118 0.240005 -0.546812
vn -0.802118 0.240005 -0.546812
vn 0.341794 -0.54629 -0.764686
vn 0.341794 -0.54629 -0.764686
vn 0.341794 -0.54629 -0.764686
vn -0.170494 0.232792 -0.957465
vn 0.390694 0.730288 -0.560391
vn 0.390694 0.730288 -0.560391
vn 0.390694 0.730288 -0.560391
vn 0.390694 0.730288 -0.560391
vn 0.031601 0.213104 -0.976518
vn 0.031601 0.213104 -0.976518
vn 0.031601 0.213104 -0.976518
vn -0.307794 -0.758285 -0.574689
vn -0.307794 -0.758285 -0.574689
vn 0.0457 0.984693 -0.168199
vn 0.0457 0.984693 -0.168199
vn 0.0654 0.821805 -0.566003
vn 0.0654 0.821805 -0.566003
vn 0.466406 0.881411 -0.074701
vn 0.77551 0.630508 -0.0323
vn 0.77551 0.630508 -0.0323
vn 0.405797 0.825394 -0.392497
vn 0.405797 0.825394 -0.392497
vn 0.405797 0.825394 -0.392497
vn 0.631502 0.720502 -0.286501
vn 0.631502 0.720502 -0.286501
vn 0.824876 0.562484 -0.056498
vn 0.824876 0.562484 -0.056498
vn 0.764106 0.550004 -0.337102
vn 0.764106 0.550004 -0.337102
vn 0.764106 0.550004 -0.337102
vn 0.764106 0.550004 -0.337102
vn 0.597 0.7448 -0.2981
vn 0.597 0.7448 -0.2981
vn 0.597 0.7448 -0.2981
vn 0.241996 0.687588 -0.684588
vn 0.241996 0.687588 -0.684588
vn 0.241996 0.687588 -0.684588
vn 0.442799 0.709898 -0.547699
vn 0.442799 0.709898 -0.547699
vn 0.442799 0.709898 -0.547699
vn 0.49861 0.177703 -0.848416
vn 0.49861 0.177703 -0.848416
vn 0.49861 0.177703 -0.848416
vn 0.588318 0.241507 -0.771723
vn 0.588318 0.241507 -0.771723
vn 0.588318 0.241507 -0.771723
vn 0.588318 0.241507 -0.771723
vn 0.0159 -0.236595 -0.971478
vn 0.0159 -0.236595 -0.971478
vn 0.418291 0.153897 -0.895181
vn 0.418291 0.153897 -0.895181
vn -0.432008 -0.56901 -0.699712
vn -0.432008 -0.56901 -0.699712
vn -0.432008 -0.56901 -0.699712
vn -0.432008 -0.56901 -0.699712
vn 0.483297 0.473597 -0.736295
vn 0.483297 0.473597 -0.736295
vn 0.483297 0.473597 -0.736295
vn 0.130803 0.685513 -0.716214
vn 0.130803 0.685513 -0.716214
vn 0.130803 0.685513 -0.716214
vn 0.563768 0.821254 -0.087795
vn 0.489699 0.856898 -0.161
vn 0.35701 0.873826 -0.33011
vn 0.35701 0.873826 -0.33011
vn 0.491194 0.668191 -0.558793
vn 0.491194 0.668191 -0.558793
vn 0.491194 0.668191 -0.558793
vn 0.212705 0.387209 -0.897121
vn 0.212705 0.387209 -0.897121
vn 0.212705 0.387209 -0.897121
vn -0.123803 0.520211 -0.845017
vn -0.123803 0.520211 -0.845017
vn -0.123803 0.520211 -0.845017
vn -0.807217 -0.438509 -0.395108
vn -0.807217 -0.438509 -0.395108
vn 0.0023 -0.109806 -0.99395
vn 0.204897 0.679492 -0.704491
vn -0.948467 -0.182294 -0.259191
vn -0.948467 -0.182294 -0.259191
vn -0.948467 -0.182294 -0.259191
vn -0.367 0.7848 -0.4994
vn -0.367 0.7848 -0.4994
vn -0.367 0.7848 -0.4994
vn -0.887677 -0.284593 0.36199
vn -0.887677 -0.284593 0.36199
vn -0.887677 -0.284593 0.36199
vn -0.953265 -0.250991 -0.168194
vn -0.953265 -0.250991 -0.168194
vn -0.953265 -0.250991 -0.168194
vn -0.740795 -0.089099 -0.665796
vn -0.740795 -0.089099 -0.665796
vn -0.740795 -0.089099 -0.665796
vn 0.117195 0.973456 -0.196591
vn 0.117195 0.973456 -0.196591
vn -0.069501 0.95812 -0.277806
vn -0.069501 0.95812 -0.277806
vn 0.0001 -0.726775 -0.686876
vn 0.0001 -0.726775 -0.686876
vn 0.0001 -0.726775 -0.686876
vn 0.034401 0.837131 -0.54592
vn 0.034401 0.837131 -0.54592
vn 0.034401 0.837131 -0.54592
vn 0.038502 0.347617 -0.936846
vn 0.038502 0.347617 -0.936846
vn 0.052499 -0.134097 -0.989577
vn -0.050302 0.33541 -0.940728
vn -0.050302 0.33541 -0.940728
vn -0.189104 0.723414 -0.664012
vn 0.082999 0.630192 0.77199
vn 0.082999 0.630192 0.77199
vn 0.082999 0.630192 0.77199
vn 0.0102 0.838624 -0.544616
vn 0.0102 0.838624 -0.544616
vn 0.0102 0.838624 -0.544616
vn 0.0102 0.838624 -0.544616
vn 0.0102 0.838624 -0.544616
vn 0.0102 0.838624 -0.544616
vn -0.597507 -0.79171 -0.127202
vn 0.098401 0.976014 -0.194203
vn 0.098401 0.976014 -0.194203
vn 0.0028 0.714119 -0.700019
vn 0.0028 0.714119 -0.700019
vn 0.0028 0.714119 -0.700019
vn 0.0028 0.714119 -0.700019
vn 0.0028 0.714119 -0.700019
vn -0.769925 -0.61762 -0.160505
vn -0.769925 -0.61762 -0.160505
vn -0.670892 -0.475194 -0.569293
vn -0.670892 -0.475194 -0.569293
vn -0.189689 0.743159 -0.641664
vn -0.189689 0.743159 -0.641664
vn -0.313001 0.2439 -0.917902
vn -0.313001 0.2439 -0.917902
vn -0.313001 0.2439 -0.917902
vn -0.905134 -0.165206 -0.391715
vn -0.905134 -0.165206 -0.391715
vn -0.576192 0.238997 -0.78159
vn -0.576192 0.238997 -0.78159
vn -0.576192 0.238997 -0.78159
vn -0.699187 0.704087 -0.124098
vn -0.699187 0.704087 -0.124098
vn -0.699187 0.704087 -0.124098
vn -0.699187 0.704087 -0.124098
vn -0.566126 0.299114 -0.768135
vn -0.566126 0.299114 -0.768135
vn -0.566126 0.299114 -0.768135
vn -0.185596 0.112397 -0.976177
vn -0.185596 0.112397 -0.976177
vn -0.185596 0.112397 -0.976177
vn -0.185596 0.112397 -0.976177
vn -0.21701 0.66153 -0.717833
vn -0.21701 0.66153 -0.717833
vn -0.284389 0.890964 -0.353986
vn -0.463491 0.763985 -0.448891
vn -0.463491 0.763985 -0.448891
vn -0.222597 0.382394 -0.896786
vn -0.222597 0.382394 -0.896786
vn -0.561701 0.593801 -0.576101
vn -0.561701 0.593801 -0.576101
vn -0.721797 0.662397 -0.200599
vn -0.721797 0.662397 -0.200599
vn 0.854428 0.021701 -0.519117
vn 0.854428 0.021701 -0.519117
vn 0.854428 0.021701 -0.519117
vn 0.941209 0.185402 -0.282403
vn 0.941209 0.185402 -0.282403
vn 0.941209 0.185402 -0.282403
vn 0.941209 0.185402 -0.282403
vn -0.244204 0.448807 -0.859614
vn -0.244204 0.448807 -0.859614
vn -0.244204 0.448807 -0.859614
vn -0.244204 0.448807 -0.859614
vn -0.244204 0.448807 -0.859614
vn -0.244204 0.448807 -0.859614
vn 0.28041 0.958234 0.056202
vn 0.223395 0.806783 -0.546988
vn 0.223395 0.806783 -0.546988
vn 0.223395 0.806783 -0.546988
vn 0.223395 0.806783 -0.546988
vn -0.582213 0.615414 -0.531312
vn -0.582213 0.615414 -0.531312
vn -0.582213 0.615414 -0.531312
vn 0.291492 0.717281 0.632883
vn 0.291492 0.717281 0.632883
vn 0.291492 0.717281 0.632883
vn 0.291492 0.717281 0.632883
vn -0.244205 0.741516 -0.624914
vn -0.244205 0.741516 -0.624914
vn -0.244205 0.741516 -0.624914
f 7/7/7 2/2/2 1/1/1
f 1/1/1 2/2/2 33/33/33
f 1/1/1 5/5/5 6/6/6
f 66/66/66 5/5/5 1/1/1
f 1/1/1 6/6/6 7/7/7
f 33/33/33 31/31/31 1/1/1
f 1/1/1 31/31/31 66/66/66
f 2/2/2 7/7/7 4079/4079/4079
f 4123/4123/4123 34/34/34 4/4/4
f 3/3/3 4080/4080/4080 4122/4122/4122
f 9/9/9 6/6/6 5/5/5
f 63/63/63 9/9/9 5/5/5
f 5/5/5 59/59/59 63/63/63
f 66/66/66 59/59/59 5/5/5
f 11/11/11 7/7/7 6/6/6
f 6/6/6 9/9/9 14/14/14
f 14/14/14 11/11/11 6/6/6
f 8/8/8 12/12/12 4085/4085/4085
f 4085/4085/4085 4080/4080/4080 8/8/8
f 20/20/20 14/14/14 9/9/9
f 158/158/158 20/20/20 9/9/9
f 9/9/9 63/63/63 158/158/158
f 10/10/10 13/13/13 16/16/16
f 10/10/10 16/16/16 4084/4084/4084
f 22/22/22 16/16/16 13/13/13
f 14/14/14 20/20/20 23/23/23
f 16/16/16 22/22/22 24/24/24
f 16/16/16 24/24/24 4095/4095/4095
f 4093/4093/4093 4082/4082/4082 15/15/15
f 218/218/218 22/22/22 19/19/19
f 18/18/18 157/157/157 210/210/210
f 21/21/21 211/211/211 222/222/222
f 220/220/220 217/217/217 17/17/17
f 223/223/223 24/24/24 22/22/22
f 22/22/22 218/218/218 223/223/223
f 24/24/24 223/223/223 4194/4194/4194
f 4194/4194/4194 4095/4095/4095 24/24/24
f 31/31/31 28/28/28 26/26/26
f 27/27/27 29/29/29 41/41/41
f 59/59/59 31/31/31 26/26/26
f 25/25/25 36/36/36 39/39/39
f 45/45/45 37/37/37 27/27/27
f 25/25/25 39/39/39 61/61/61
f 27/27/27 41/41/41 45/45/45
f 61/61/61 58/58/58 25/25/25
f 30/30/30 32/32/32 35/35/35
f 30/30/30 35/35/35 42/42/42
f 32/32/32 34/34/34 35/35/35
f 31/31/31 59/59/59 66/66/66
f 4102/4102/4102 35/35/35 34/34/34
f 4104/4104/4104 4102/4102/4102 34/34/34
f 4123/4123/4123 4104/4104/4104 34/34/34
f 43/43/43 42/42/42 35/35/35
f 4099/4099/4099 43/43/43 35/35/35
f 4102/4102/4102 4099/4099/4099 35/35/35
f 83/83/83 39/39/39 36/36/36
f 36/36/36 44/44/44 83/83/83
f 55/55/55 52/52/52 38/38/38
f 40/40/40 54/54/54 82/82/82
f 98/98/98 55/55/55 38/38/38
f 81/81/81 61/61/61 39/39/39
f 39/39/39 83/83/83 86/86/86
f 38/38/38 85/85/85 98/98/98
f 42/42/42 43/43/43 47/47/47
f 46/46/46 45/45/45 41/41/41
f 4107/4107/4107 47/47/47 43/43/43
f 43/43/43 4099/4099/4099 4107/4107/4107
f 45/45/45 46/46/46 88/88/88
f 91/91/91 84/84/84 45/45/45
f 45/45/45 88/88/88 92/92/92
f 92/92/92 91/91/91 45/45/45
f 4107/4107/4107 89/89/89 47/47/47
f 48/48/48 53/53/53 80/80/80
f 75/75/75 69/69/69 50/50/50
f 124/124/124 75/75/75 50/50/50
f 141/141/141 125/125/125 49/49/49
f 52/52/52 55/55/55 4113/4113/4113
f 4126/4126/4126 79/79/79 51/51/51
f 51/51/51 4114/4114/4114 4126/4126/4126
f 57/57/57 100/100/100 4138/4138/4138
f 4138/4138/4138 4116/4116/4116 57/57/57
f 58/58/58 61/61/61 65/65/65
f 65/65/65 62/62/62 58/58/58
f 78/78/78 64/64/64 60/60/60
f 62/62/62 65/65/65 160/160/160
f 160/160/160 157/157/157 62/62/62
f 64/64/64 67/67/67 71/71/71
f 78/78/78 67/67/67 64/64/64
f 64/64/64 71/71/71 170/170/170
f 170/170/170 159/159/159 64/64/64
f 75/75/75 72/72/72 69/69/69
f 4162/4162/4162 71/71/71 67/67/67
f 68/68/68 79/79/79 4126/4126/4126
f 67/67/67 4125/4125/4125 4162/4162/4162
f 4164/4164/4164 172/172/172 74/74/74
f 75/75/75 124/124/124 140/140/140
f 77/77/77 193/193/193 355/355/355
f 360/360/360 192/192/192 76/76/76
f 76/76/76 354/354/354 360/360/360
f 101/101/101 86/86/86 83/83/83
f 84/84/84 91/91/91 102/102/102
f 104/104/104 98/98/98 85/85/85
f 86/86/86 101/101/101 103/103/103
f 97/97/97 93/93/93 90/90/90
f 4132/4132/4132 94/94/94 87/87/87
f 89/89/89 4107/4107/4107 4111/4111/4111
f 89/89/89 4111/4111/4111 4134/4134/4134
f 91/91/91 92/92/92 107/107/107
f 107/107/107 102/102/102 91/91/91
f 92/92/92 95/95/95 107/107/107
f 108/108/108 107/107/107 95/95/95
f 4148/4148/4148 109/109/109 96/96/96
f 96/96/96 4133/4133/4133 4135/4135/4135
f 96/96/96 4135/4135/4135 4149/4149/4149
f 4149/4149/4149 4148/4148/4148 96/96/96
f 98/98/98 104/104/104 128/128/128
f 99/99/99 129/129/129 4140/4140/4140
f 4140/4140/4140 4137/4137/4137 99/99/99
f 105/105/105 103/103/103 101/101/101
f 113/113/113 105/105/105 101/101/101
f 102/102/102 107/107/107 114/114/114
f 103/103/103 105/105/105 698/698/698
f 104/104/104 121/121/121 134/134/134
f 698/698/698 120/120/120 103/103/103
f 134/134/134 128/128/128 104/104/104
f 106/106/106 114/114/114 116/116/116
f 105/105/105 115/115/115 698/698/698
f 107/107/107 108/108/108 111/111/111
f 107/107/107 111/111/111 114/114/114
f 119/119/119 112/112/112 110/110/110
f 4151/4151/4151 119/119/119 110/110/110
f 109/109/109 4148/4148/4148 4150/4150/4150
f 116/116/116 114/114/114 111/111/111
f 118/118/118 116/116/116 111/111/111
f 117/117/117 119/119/119 710/710/710
f 703/703/703 698/698/698 115/115/115
f 710/710/710 705/705/705 117/117/117
f 119/119/119 697/697/697 710/710/710
f 4151/4151/4151 697/697/697 119/119/119
f 144/144/144 135/135/135 122/122/122
f 782/782/782 146/146/146 123/123/123
f 120/120/120 698/698/698 781/781/781
f 127/127/127 133/133/133 139/139/139
f 143/143/143 132/132/132 126/126/126
f 124/124/124 136/136/136 140/140/140
f 142/142/142 138/138/138 131/131/131
f 130/130/130 137/137/137 4141/4141/4141
f 137/137/137 145/145/145 4157/4157/4157
f 4157/4157/4157 4141/4141/4141 137/137/137
f 782/782/782 403/403/403 146/146/146
f 145/145/145 402/402/402 4267/4267/4267
f 4267/4267/4267 4157/4157/4157 145/145/145
f 149/149/149 153/153/153 187/187/187
f 243/243/243 152/152/152 148/148/148
f 187/187/187 185/185/185 149/149/149
f 147/147/147 184/184/184 242/242/242
f 363/363/363 186/186/186 150/150/150
f 152/152/152 243/243/243 245/245/245
f 152/152/152 245/245/245 249/249/249
f 151/151/151 247/247/247 364/364/364
f 279/279/279 204/204/204 154/154/154
f 155/155/155 206/206/206 375/375/375
f 156/156/156 259/259/259 281/281/281
f 376/376/376 259/259/259 156/156/156
f 157/157/157 160/160/160 210/210/210
f 159/159/159 170/170/170 175/175/175
f 161/161/161 176/176/176 215/215/215
f 212/212/212 210/210/210 160/160/160
f 214/214/214 212/212/212 160/160/160
f 165/165/165 168/168/168 173/173/173
f 178/178/178 167/167/167 164/164/164
f 163/163/163 171/171/171 177/177/177
f 180/180/180 174/174/174 169/169/169
f 4167/4167/4167 179/179/179 172/172/172
f 172/172/172 4164/4164/4164 4167/4167/4167
f 4167/4167/4167 216/216/216 179/179/179
f 182/182/182 185/185/185 202/202/202
f 336/336/336 183/183/183 181/181/181
f 194/194/194 189/189/189 181/181/181
f 181/181/181 189/189/189 336/336/336
f 207/207/207 194/194/194 181/181/181
f 181/181/181 200/200/200 207/207/207
f 185/185/185 187/187/187 202/202/202
f 334/334/334 242/242/242 184/184/184
f 336/336/336 332/332/332 183/183/183
f 369/369/369 203/203/203 188/188/188
f 188/188/188 366/366/366 369/369/369
f 190/190/190 195/195/195 4170/4170/4170
f 353/353/353 337/337/337 191/191/191
f 4170/4170/4170 351/351/351 190/190/190
f 386/386/386 198/198/198 192/192/192
f 361/361/361 355/355/355 193/193/193
f 192/192/192 360/360/360 386/386/386
f 196/196/196 208/208/208 4174/4174/4174
f 4175/4175/4175 4171/4171/4171 197/197/197
f 199/199/199 225/225/225 389/389/389
f 439/439/439 224/224/224 198/198/198
f 198/198/198 386/386/386 388/388/388
f 198/198/198 388/388/388 439/439/439
f 379/379/379 208/208/208 201/201/201
f 203/203/203 369/369/369 380/380/380
f 204/204/204 279/279/279 413/413/413
f 206/206/206 373/373/373 375/375/375
f 414/414/414 372/372/372 205/205/205
f 208/208/208 379/379/379 4174/4174/4174
f 210/210/210 212/212/212 509/509/509
f 508/508/508 219/219/219 209/209/209
f 212/212/212 214/214/214 228/228/228
f 213/213/213 229/229/229 518/518/518
f 520/520/520 509/509/509 212/212/212
f 212/212/212 517/517/517 520/520/520
f 4206/4206/4206 230/230/230 216/216/216
f 216/216/216 4167/4167/4167 4206/4206/4206
f 218/218/218 221/221/221 512/512/512
f 512/512/512 223/223/223 218/218/218
f 219/219/219 508/508/508 513/513/513
f 513/513/513 511/511/511 219/219/219
f 512/512/512 510/510/510 223/223/223
f 223/223/223 510/510/510 4194/4194/4194
f 439/439/439 226/226/226 224/224/224
f 225/225/225 227/227/227 457/457/457
f 440/440/440 389/389/389 225/225/225
f 224/224/224 439/439/439 456/456/456
f 227/227/227 235/235/235 436/436/436
f 456/456/456 234/234/234 226/226/226
f 227/227/227 436/436/436 457/457/457
f 226/226/226 439/439/439 456/456/456
f 229/229/229 236/236/236 518/518/518
f 4206/4206/4206 238/238/238 230/230/230
f 234/234/234 433/433/433 435/435/435
f 456/456/456 433/433/433 234/234/234
f 236/236/236 437/437/437 595/595/595
f 4281/4281/4281 437/437/437 236/236/236
f 595/595/595 518/518/518 236/236/236
f 237/237/237 4204/4204/4204 4208/4208/4208
f 239/239/239 4210/4210/4210 4284/4284/4284
f 333/333/333 244/244/244 241/241/241
f 345/345/345 248/248/248 244/244/244
f 244/244/244 333/333/333 345/345/345
f 246/246/246 343/343/343 362/362/362
f 267/267/267 261/261/261 252/252/252
f 250/250/250 260/260/260 338/338/338
f 392/392/392 266/266/266 251/251/251
f 250/250/250 338/338/338 356/356/356
f 251/251/251 359/359/359 392/392/392
f 253/253/253 256/256/256 374/374/374
f 383/383/383 258/258/258 254/254/254
f 255/255/255 262/262/262 313/313/313
f 374/374/374 260/260/260 253/253/253
f 255/255/255 313/313/313 315/315/315
f 255/255/255 315/315/315 443/443/443
f 443/443/443 384/384/384 255/255/255
f 286/286/286 281/281/281 259/259/259
f 381/381/381 284/284/284 257/257/257
f 261/261/261 267/267/267 312/312/312
f 374/374/374 338/338/338 260/260/260
f 314/314/314 268/268/268 265/265/265
f 265/265/265 268/268/268 398/398/398
f 265/265/265 311/311/311 314/314/314
f 718/718/718 309/309/309 264/264/264
f 263/263/263 394/394/394 787/787/787
f 724/724/724 718/718/718 264/264/264
f 787/787/787 721/721/721 263/263/263
f 268/268/268 393/393/393 398/398/398
f 278/278/278 275/275/275 272/272/272
f 270/270/270 274/274/274 282/282/282
f 288/288/288 277/277/277 271/271/271
f 269/269/269 280/280/280 285/285/285
f 275/275/275 278/278/278 291/291/291
f 416/416/416 282/282/282 274/274/274
f 273/273/273 290/290/290 425/425/425
f 425/425/425 415/415/415 273/273/273
f 277/277/277 288/288/288 421/421/421
f 424/424/424 289/289/289 276/276/276
f 276/276/276 419/419/419 424/424/424
f 281/281/281 286/286/286 303/303/303
f 279/279/279 302/302/302 430/430/430
f 430/430/430 413/413/413 279/279/279
f 286/286/286 299/299/299 303/303/303
f 428/428/428 300/300/300 287/287/287
f 287/287/287 385/385/385 412/412/412
f 287/287/287 412/412/412 428/428/428
f 297/297/297 295/295/295 292/292/292
f 293/293/293 296/296/296 306/306/306
f 307/307/307 298/298/298 294/294/294
f 295/295/295 297/297/297 328/328/328
f 330/330/330 306/306/306 296/296/296
f 298/298/298 307/307/307 544/544/544
f 541/541/541 328/328/328 297/297/297
f 432/432/432 304/304/304 301/301/301
f 301/301/301 429/429/429 432/432/432
f 305/305/305 326/326/326 545/545/545
f 549/549/549 543/543/543 308/308/308
f 316/316/316 314/314/314 311/311/311
f 318/318/318 316/316/316 311/311/311
f 719/719/719 317/317/317 310/310/310
f 316/316/316 318/318/318 444/444/444
f 317/317/317 321/321/321 448/448/448
f 719/719/719 321/321/321 317/317/317
f 449/449/449 444/444/444 318/318/318
f 455/455/455 325/325/325 320/320/320
f 319/319/319 324/324/324 734/734/734
f 863/863/863 453/453/453 319/319/319
f 319/319/319 734/734/734 757/757/757
f 319/319/319 757/757/757 863/863/863
f 465/465/465 448/448/448 321/321/321
f 323/323/323 451/451/451 466/466/466
f 322/322/322 720/720/720 731/731/731
f 328/328/328 541/541/541 553/553/553
f 558/558/558 546/546/546 327/327/327
f 331/331/331 554/554/554 1306/1306/1306
f 1305/1305/1305 559/559/559 329/329/329
f 335/335/335 337/337/337 342/342/342
f 335/335/335 342/342/342 346/346/346
f 353/353/353 342/342/342 337/337/337
f 371/371/371 357/357/357 339/339/339
f 374/374/374 370/370/370 338/338/338
f 347/347/347 344/344/344 340/340/340
f 4228/4228/4228 348/348/348 341/341/341
f 341/341/341 352/352/352 4224/4224/4224
f 341/341/341 4224/4224/4224 4228/4228/4228
f 344/344/344 347/347/347 365/365/365
f 367/367/367 365/365/365 347/347/347
f 4253/4253/4253 368/368/368 349/349/349
f 350/350/350 4229/4229/4229 4254/4254/4254
f 351/351/351 4170/4170/4170 4223/4223/4223
f 358/358/358 372/372/372 382/382/382
f 358/358/358 382/382/382 390/390/390
f 4249/4249/4249 378/378/378 368/368/368
f 4253/4253/4253 4249/4249/4249 368/368/368
f 414/414/414 382/382/382 372/372/372
f 4183/4183/4183 4174/4174/4174 379/379/379
f 4248/4248/4248 4182/4182/4182 377/377/377
f 441/441/441 390/390/390 382/382/382
f 414/414/414 411/411/411 382/382/382
f 447/447/447 396/396/396 391/391/391
f 391/391/391 442/442/442 447/447/447
f 395/395/395 445/445/445 458/458/458
f 395/395/395 458/458/458 778/778/778
f 397/397/397 779/779/779 790/790/790
f 400/400/400 404/404/404 408/408/408
f 409/409/409 401/401/401 399/399/399
f 400/400/400 408/408/408 410/410/410
f 477/477/477 409/409/409 399/399/399
f 409/409/409 405/405/405 401/401/401
f 782/782/782 407/407/407 403/403/403
f 403/403/403 407/407/407 4271/4271/4271
f 4271/4271/4271 4268/4268/4268 403/403/403
f 835/835/835 473/473/473 406/406/406
f 407/407/407 475/475/475 4271/4271/4271
f 407/407/407 782/782/782 837/837/837
f 411/411/411 414/414/414 427/427/427
f 426/426/426 422/422/422 417/417/417
f 431/431/431 427/427/427 414/414/414
f 457/457/457 436/436/436 434/434/434
f 437/437/437 482/482/482 599/599/599
f 4283/4283/4283 484/484/484 438/438/438
f 599/599/599 595/595/595 437/437/437
f 464/464/464 459/459/459 446/446/446
f 858/858/858 468/468/468 454/454/454
f 452/452/452 843/843/843 855/855/855
f 895/895/895 842/842/842 450/450/450
f 450/450/450 861/861/861 895/895/895
f 463/463/463 467/467/467 857/857/857
f 852/852/852 616/616/616 460/460/460
f 469/469/469 471/471/471 598/598/598
f 798/798/798 471/471/471 469/469/469
f 479/479/479 474/474/474 470/470/470
f 470/470/470 474/474/474 836/836/836
f 483/483/483 479/479/479 470/470/470
f 600/600/600 483/483/483 470/470/470
f 834/834/834 798/798/798 469/469/469
f 613/613/613 598/598/598 471/471/471
f 620/620/620 612/612/612 472/472/472
f 873/873/873 620/620/620 472/472/472
f 471/471/471 798/798/798 872/872/872
f 476/476/476 480/480/480 4302/4302/4302
f 4302/4302/4302 4270/4270/4270 476/476/476
f 480/480/480 484/484/484 4302/4302/4302
f 484/484/484 4283/4283/4283 4302/4302/4302
f 487/487/487 490/490/490 680/680/680
f 976/976/976 489/489/489 486/486/486
f 680/680/680 592/592/592 487/487/487
f 488/488/488 593/593/593 977/977/977
f 694/694/694 680/680/680 490/490/490
f 1273/1273/1273 692/692/692 489/489/489
f 489/489/489 976/976/976 979/979/979
f 489/489/489 979/979/979 1260/1260/1260
f 489/489/489 1260/1260/1260 1273/1273/1273
f 491/491/491 497/497/497 528/528/528
f 562/562/562 499/499/499 493/493/493
f 492/492/492 529/529/529 536/536/536
f 494/494/494 538/538/538 563/563/563
f 496/496/496 498/498/498 503/503/503
f 528/528/528 497/497/497 495/495/495
f 496/496/496 503/503/503 638/638/638
f 532/532/532 528/528/528 495/495/495
f 534/534/534 532/532/532 495/495/495
f 653/653/653 534/534/534 495/495/495
f 496/496/496 638/638/638 641/641/641
f 495/495/495 639/639/639 653/653/653
f 498/498/498 501/501/501 503/503/503
f 569/569/569 502/502/502 500/500/500
f 499/499/499 562/562/562 568/568/568
f 505/505/505 503/503/503 501/501/501
f 569/569/569 507/507/507 502/502/502
f 503/503/503 505/505/505 638/638/638
f 504/504/504 567/567/567 655/655/655
f 644/644/644 638/638/638 505/505/505
f 659/659/659 645/645/645 506/506/506
f 506/506/506 657/657/657 659/659/659
f 519/519/519 513/513/513 508/508/508
f 510/510/510 512/512/512 516/516/516
f 510/510/510 516/516/516 4433/4433/4433
f 4433/4433/4433 4194/4194/4194 510/510/510
f 511/511/511 513/513/513 521/521/521
f 521/521/521 514/514/514 511/511/511
f 513/513/513 519/519/519 522/522/522
f 522/522/522 521/521/521 513/513/513
f 514/514/514 521/521/521 523/523/523
f 515/515/515 524/524/524 4435/4435/4435
f 4435/4435/4435 4432/4432/4432 515/515/515
f 597/597/597 520/520/520 517/517/517
f 517/517/517 594/594/594 597/597/597
f 596/596/596 522/522/522 519/519/519
f 521/521/521 522/522/522 602/602/602
f 602/602/602 523/523/523 521/521/521
f 522/522/522 596/596/596 601/601/601
f 522/522/522 601/601/601 602/602/602
f 525/525/525 603/603/603 607/607/607
f 524/524/524 605/605/605 4475/4475/4475
f 4437/4437/4437 4435/4435/4435 524/524/524
f 4475/4475/4475 4437/4437/4437 524/524/524
f 526/526/526 531/531/531 4447/4447/4447
f 540/540/540 537/537/537 530/530/530
f 4452/4452/4452 539/539/539 527/527/527
f 4447/4447/4447 4445/4445/4445 526/526/526
f 526/526/526 4445/4445/4445 4451/4451/4451
f 533/533/533 535/535/535 4443/4443/4443
f 533/533/533 4443/4443/4443 4448/4448/4448
f 535/535/535 654/654/654 2469/2469/2469
f 535/535/535 2469/2469/2469 6247/6247/6247
f 6247/6247/6247 4443/4443/4443 535/535/535
f 537/537/537 540/540/540 629/629/629
f 578/578/578 563/563/563 538/538/538
f 629/629/629 577/577/577 537/537/537
f 4506/4506/4506 629/629/629 540/540/540
f 539/539/539 4452/4452/4452 4504/4504/4504
f 542/542/542 547/547/547 555/555/555
f 560/560/560 556/556/556 548/548/548
f 550/550/550 557/557/557 1312/1312/1312
f 1309/1309/1309 1303/1303/1303 552/552/552
f 1313/1313/1313 1308/1308/1308 551/551/551
f 559/559/559 1305/1305/1305 1314/1314/1314
f 663/663/663 568/568/568 562/562/562
f 578/578/578 575/575/575 563/563/563
f 561/561/561 573/573/573 660/660/660
f 565/565/565 571/571/571 580/580/580
f 584/584/584 571/571/571 565/565/565
f 564/564/564 579/579/579 630/630/630
f 1295/1295/1295 585/585/585 566/566/566
f 566/566/566 631/631/631 1320/1320/1320
f 1320/1320/1320 1295/1295/1295 566/566/566
f 663/663/663 656/656/656 568/568/568
f 572/572/572 575/575/575 578/578/578
f 676/676/676 574/574/574 570/570/570
f 571/571/571 576/576/576 580/580/580
f 571/571/571 584/584/584 587/587/587
f 571/571/571 587/587/587 677/677/677
f 669/669/669 660/660/660 573/573/573
f 676/676/676 670/670/670 574/574/574
f 629/629/629 582/582/582 577/577/577
f 581/581/581 628/628/628 631/631/631
f 1294/1294/1294 586/586/586 583/583/583
f 588/588/588 590/590/590 678/678/678
f 1394/1394/1394 590/590/590 588/588/588
f 586/586/586 1294/1294/1294 1391/1391/1391
f 588/588/588 1392/1392/1392 1394/1394/1394
f 589/589/589 591/591/591 676/676/676
f 1393/1393/1393 591/591/591 589/589/589
f 591/591/591 674/674/674 676/676/676
f 679/679/679 674/674/674 591/591/591
f 1401/1401/1401 977/977/977 593/593/593
f 591/591/591 1393/1393/1393 1398/1398/1398
f 613/613/613 597/597/597 594/594/594
f 594/594/594 598/598/598 613/613/613
f 611/611/611 601/601/601 596/596/596
f 608/608/608 602/602/602 601/601/601
f 611/611/611 608/608/608 601/601/601
f 608/608/608 604/604/604 602/602/602
f 606/606/606 609/609/609 610/610/610
f 606/606/606 610/610/610 4476/4476/4476
f 619/619/619 610/610/610 609/609/609
f 609/609/609 614/614/614 621/621/621
f 621/621/621 619/619/619 609/609/609
f 610/610/610 619/619/619 4495/4495/4495
f 4495/4495/4495 4476/4476/4476 610/610/610
f 859/859/859 624/624/624 617/617/617
f 617/617/617 853/853/853 859/859/859
f 619/619/619 621/621/621 625/625/625
f 619/619/619 625/625/625 4488/4488/4488
f 619/619/619 4488/4488/4488 4495/4495/4495
f 875/875/875 625/625/625 621/621/621
f 620/620/620 873/873/873 874/874/874
f 1409/1409/1409 627/627/627 623/623/623
f 624/624/624 859/859/859 1410/1410/1410
f 625/625/625 875/875/875 4711/4711/4711
f 4711/4711/4711 4488/4488/4488 625/625/625
f 627/627/627 1409/1409/1409 4497/4497/4497
f 4496/4496/4496 4491/4491/4491 626/626/626
f 4505/4505/4505 631/631/631 628/628/628
f 1351/1351/1351 1320/1320/1320 631/631/631
f 4885/4885/4885 1351/1351/1351 631/631/631
f 631/631/631 4505/4505/4505 4508/4508/4508
f 631/631/631 4508/4508/4508 4885/4885/4885
f 634/634/634 640/640/640 643/643/643
f 646/646/646 639/639/639 632/632/632
f 633/633/633 642/642/642 658/658/658
f 663/663/663 648/648/648 635/635/635
f 659/659/659 657/657/657 636/636/636
f 635/635/635 656/656/656 663/663/663
f 643/643/643 640/640/640 637/637/637
f 639/639/639 646/646/646 2418/2418/2418
f 2466/2466/2466 653/653/653 639/639/639
f 639/639/639 2418/2418/2418 2466/2466/2466
f 687/687/687 651/651/651 649/649/649
f 649/649/649 651/651/651 2416/2416/2416
f 647/647/647 662/662/662 685/685/685
f 646/646/646 2415/2415/2415 2418/2418/2418
f 686/686/686 682/682/682 650/650/650
f 650/650/650 682/682/682 689/689/689
f 650/650/650 689/689/689 2482/2482/2482
f 2483/2483/2483 2416/2416/2416 651/651/651
f 652/652/652 2465/2465/2465 2468/2468/2468
f 661/661/661 671/671/671 684/684/684
f 673/673/673 668/668/668 666/666/666
f 664/664/664 667/667/667 2364/2364/2364
f 682/682/682 672/672/672 665/665/665
f 690/690/690 683/683/683 664/664/664
f 2364/2364/2364 690/690/690 664/664/664
f 668/668/668 673/673/673 675/675/675
f 668/668/668 675/675/675 681/681/681
f 668/668/668 681/681/681 696/696/696
f 667/667/667 695/695/695 2364/2364/2364
f 676/676/676 674/674/674 670/670/670
f 672/672/672 682/682/682 686/686/686
f 690/690/690 2364/2364/2364 2473/2473/2473
f 688/688/688 2472/2472/2472 2485/2485/2485
f 2485/2485/2485 2481/2481/2481 688/688/688
f 691/691/691 1272/1272/1272 2195/2195/2195
f 2195/2195/2195 2191/2191/2191 691/691/691
f 693/693/693 2193/2193/2193 2492/2492/2492
f 2494/2494/2494 2364/2364/2364 695/695/695
f 4620/4620/4620 710/710/710 697/697/697
f 697/697/697 4151/4151/4151 4619/4619/4619
f 697/697/697 4619/4619/4619 4620/4620/4620
f 698/698/698 703/703/703 713/713/713
f 698/698/698 713/713/713 785/785/785
f 785/785/785 781/781/781 698/698/698
f 706/706/706 702/702/702 699/699/699
f 699/699/699 702/702/702 776/776/776
f 700/700/700 777/777/777 779/779/779
f 702/702/702 706/706/706 715/715/715
f 702/702/702 715/715/715 803/803/803
f 783/783/783 776/776/776 702/702/702
f 803/803/803 783/783/783 702/702/702
f 705/705/705 710/710/710 712/712/712
f 704/704/704 711/711/711 714/714/714
f 4629/4629/4629 716/716/716 708/708/708
f 4620/4620/4620 712/712/712 710/710/710
f 807/807/807 714/714/714 711/711/711
f 712/712/712 717/717/717 808/808/808
f 4620/4620/4620 717/717/717 712/712/712
f 810/810/810 786/786/786 714/714/714
f 807/807/807 805/805/805 714/714/714
f 714/714/714 805/805/805 810/810/810
f 4633/4633/4633 804/804/804 716/716/716
f 716/716/716 4629/4629/4629 4633/4633/4633
f 816/816/816 808/808/808 717/717/717
f 4647/4647/4647 816/816/816 717/717/717
f 717/717/717 4620/4620/4620 4635/4635/4635
f 717/717/717 4635/4635/4635 4647/4647/4647
f 720/720/720 725/725/725 727/727/727
f 720/720/720 727/727/727 731/731/731
f 792/792/792 726/726/726 722/722/722
f 723/723/723 788/788/788 793/793/793
f 752/752/752 732/732/732 729/729/729
f 833/833/833 754/754/754 728/728/728
f 728/728/728 797/797/797 833/833/833
f 753/753/753 749/749/749 733/733/733
f 730/730/730 747/747/747 755/755/755
f 742/742/742 739/739/739 735/735/735
f 736/736/736 740/740/740 759/759/759
f 748/748/748 744/744/744 737/737/737
f 756/756/756 748/748/748 737/737/737
f 760/760/760 756/756/756 737/737/737
f 739/739/739 742/742/742 761/761/761
f 1385/1385/1385 759/759/759 740/740/740
f 741/741/741 762/762/762 774/774/774
f 738/738/738 771/771/771 1384/1384/1384
f 743/743/743 746/746/746 879/879/879
f 880/880/880 764/764/764 745/745/745
f 746/746/746 751/751/751 879/879/879
f 750/750/750 832/832/832 887/887/887
f 892/892/892 879/879/879 751/751/751
f 750/750/750 887/887/887 890/890/890
f 756/756/756 760/760/760 862/862/862
f 1411/1411/1411 860/860/860 758/758/758
f 759/759/759 1385/1385/1385 1413/1413/1413
f 762/762/762 766/766/766 774/774/774
f 902/902/902 767/767/767 763/763/763
f 764/764/764 880/880/880 903/903/903
f 1483/1483/1483 773/773/773 765/765/765
f 767/767/767 902/902/902 908/908/908
f 765/765/765 906/906/906 2011/2011/2011
f 2011/2011/2011 1483/1483/1483 765/765/765
f 881/881/881 819/819/819 768/768/768
f 769/769/769 821/821/821 925/925/925
f 883/883/883 881/881/881 768/768/768
f 934/934/934 885/885/885 770/770/770
f 769/769/769 925/925/925 927/927/927
f 769/769/769 927/927/927 933/933/933
f 775/775/775 1381/1381/1381 1386/1386/1386
f 1488/1488/1488 1380/1380/1380 772/772/772
f 772/772/772 1482/1482/1482 1488/1488/1488
f 790/790/790 779/779/779 777/777/777
f 776/776/776 783/783/783 789/789/789
f 781/781/781 785/785/785 834/834/834
f 796/796/796 791/791/791 784/784/784
f 800/800/800 795/795/795 783/783/783
f 803/803/803 800/800/800 783/783/783
f 809/809/809 798/798/798 785/785/785
f 785/785/785 798/798/798 834/834/834
f 795/795/795 800/800/800 839/839/839
f 838/838/838 832/832/832 794/794/794
f 799/799/799 810/810/810 865/865/865
f 799/799/799 865/865/865 873/873/873
f 800/800/800 803/803/803 811/811/811
f 800/800/800 811/811/811 848/848/848
f 847/847/847 841/841/841 802/802/802
f 849/849/849 846/846/846 801/801/801
f 4648/4648/4648 811/811/811 803/803/803
f 804/804/804 4633/4633/4633 4651/4651/4651
f 806/806/806 808/808/808 816/816/816
f 868/868/868 810/810/810 805/805/805
f 805/805/805 815/815/815 818/818/818
f 805/805/805 818/818/818 868/868/868
f 868/868/868 865/865/865 810/810/810
f 850/850/850 848/848/848 811/811/811
f 4705/4705/4705 850/850/850 811/811/811
f 813/813/813 4650/4650/4650 4657/4657/4657
f 812/812/812 4656/4656/4656 4707/4707/4707
f 4654/4654/4654 817/817/817 814/814/814
f 814/814/814 4646/4646/4646 4654/4654/4654
f 4692/4692/4692 868/868/868 818/818/818
f 817/817/817 4654/4654/4654 4693/4693/4693
f 820/820/820 824/824/824 828/828/828
f 881/881/881 822/822/822 819/819/819
f 820/820/820 828/828/828 943/943/943
f 943/943/943 924/924/924 820/820/820
f 830/830/830 827/827/827 823/823/823
f 918/918/918 831/831/831 825/825/825
f 826/826/826 882/882/882 922/922/922
f 921/921/921 918/918/918 825/825/825
f 827/827/827 830/830/830 4680/4680/4680
f 4683/4683/4683 944/944/944 829/829/829
f 827/827/827 4680/4680/4680 4682/4682/4682
f 830/830/830 917/917/917 4740/4740/4740
f 4740/4740/4740 4680/4680/4680 830/830/830
f 832/832/832 838/838/838 887/887/887
f 847/847/847 844/844/844 841/841/841
f 840/840/840 845/845/845 888/888/888
f 844/844/844 847/847/847 856/856/856
f 896/896/896 888/888/888 845/845/845
f 846/846/846 849/849/849 854/854/854
f 848/848/848 850/850/850 859/859/859
f 859/859/859 853/853/853 848/848/848
f 877/877/877 859/859/859 850/850/850
f 850/850/850 870/870/870 877/877/877
f 4706/4706/4706 871/871/871 851/851/851
f 859/859/859 877/877/877 1410/1410/1410
f 1414/1414/1414 897/897/897 864/864/864
f 868/868/868 866/866/866 865/865/865
f 865/865/865 866/866/866 873/873/873
f 866/866/866 868/868/868 4692/4692/4692
f 874/874/874 873/873/873 866/866/866
f 4694/4694/4694 875/875/875 867/867/867
f 4708/4708/4708 876/876/876 869/869/869
f 869/869/869 4704/4704/4704 4708/4708/4708
f 875/875/875 4694/4694/4694 4711/4711/4711
f 4708/4708/4708 1409/1409/1409 876/876/876
f 878/878/878 891/891/891 901/901/901
f 882/882/882 886/886/886 922/922/922
f 4751/4751/4751 920/920/920 884/884/884
f 885/885/885 934/934/934 4874/4874/4874
f 4874/4874/4874 4752/4752/4752 885/885/885
f 900/900/900 893/893/893 889/889/889
f 889/889/889 897/897/897 900/900/900
f 894/894/894 899/899/899 912/912/912
f 910/910/910 901/901/901 891/891/891
f 1414/1414/1414 900/900/900 897/897/897
f 1430/1430/1430 912/912/912 899/899/899
f 898/898/898 1412/1412/1412 1428/1428/1428
f 911/911/911 908/908/908 902/902/902
f 904/904/904 909/909/909 913/913/913
f 907/907/907 914/914/914 1957/1957/1957
f 905/905/905 1956/1956/1956 2010/2010/2010
f 1427/1427/1427 913/913/913 909/909/909
f 1420/1420/1420 1417/1417/1417 916/916/916
f 915/915/915 1415/1415/1415 1977/1977/1977
f 1429/1429/1429 1420/1420/1420 916/916/916
f 1976/1976/1976 1957/1957/1957 914/914/914
f 919/919/919 923/923/923 4744/4744/4744
f 4744/4744/4744 4741/4741/4741 919/919/919
f 4751/4751/4751 4743/4743/4743 920/920/920
f 929/929/929 926/926/926 924/924/924
f 943/943/943 929/929/929 924/924/924
f 927/927/927 930/930/930 937/937/937
f 937/937/937 933/933/933 927/927/927
f 941/941/941 937/937/937 930/930/930
f 966/966/966 939/939/939 928/928/928
f 929/929/929 943/943/943 947/947/947
f 928/928/928 946/946/946 951/951/951
f 928/928/928 951/951/951 966/966/966
f 931/931/931 935/935/935 2027/2027/2027
f 932/932/932 2028/2028/2028 5076/5076/5076
f 5076/5076/5076 4872/4872/4872 932/932/932
f 936/936/936 940/940/940 2007/2007/2007
f 935/935/935 2006/2006/2006 2027/2027/2027
f 938/938/938 965/965/965 2019/2019/2019
f 2019/2019/2019 2005/2005/2005 938/938/938
f 949/949/949 947/947/947 943/943/943
f 4839/4839/4839 950/950/950 945/945/945
f 944/944/944 4683/4683/4683 4841/4841/4841
f 4840/4840/4840 4836/4836/4836 942/942/942
f 947/947/947 949/949/949 952/952/952
f 4837/4837/4837 951/951/951 948/948/948
f 956/956/956 953/953/953 951/951/951
f 951/951/951 953/953/953 971/971/971
f 4846/4846/4846 956/956/956 951/951/951
f 971/971/971 966/966/966 951/951/951
f 951/951/951 4837/4837/4837 4843/4843/4843
f 951/951/951 4843/4843/4843 4846/4846/4846
f 954/954/954 957/957/957 959/959/959
f 955/955/955 960/960/960 973/973/973
f 4849/4849/4849 964/964/964 958/958/958
f 962/962/962 968/968/968 974/974/974
f 4853/4853/4853 969/969/969 961/961/961
f 963/963/963 4848/4848/4848 4854/4854/4854
f 966/966/966 971/971/971 2074/2074/2074
f 2074/2074/2074 2020/2020/2020 966/966/966
f 2075/2075/2075 972/972/972 967/967/967
f 4860/4860/4860 2076/2076/2076 970/970/970
f 969/969/969 4853/4853/4853 4859/4859/4859
f 1396/1396/1396 978/978/978 975/975/975
f 1270/1270/1270 1260/1260/1260 979/979/979
f 2188/2188/2188 1271/1271/1271 980/980/980
f 981/981/981 1400/1400/1400 2189/2189/2189
f 982/982/982 1262/1262/1262 1265/1265/1265
f 1362/1362/1362 1264/1264/1264 983/983/983
f 982/982/982 1265/1265/1265 1407/1407/1407
f 1365/1365/1365 1362/1362/1362 983/983/983
f 1402/1402/1402 1364/1364/1364 982/982/982
f 1407/1407/1407 1402/1402/1402 982/982/982
f 985/985/985 988/988/988 995/995/995
f 1045/1045/1045 989/989/989 986/986/986
f 984/984/984 994/994/994 1044/1044/1044
f 988/988/988 992/992/992 995/995/995
f 1070/1070/1070 990/990/990 987/987/987
f 989/989/989 1045/1045/1045 1073/1073/1073
f 1072/1072/1072 993/993/993 991/991/991
f 1047/1047/1047 1044/1044/1044 994/994/994
f 1072/1072/1072 1046/1046/1046 993/993/993
f 1276/1276/1276 1049/1049/1049 998/998/998
f 996/996/996 1048/1048/1048 1278/1278/1278
f 1279/1279/1279 1275/1275/1275 997/997/997
f 1003/1003/1003 1010/1010/1010 1022/1022/1022
f 1054/1054/1054 1005/1005/1005 999/999/999
f 1017/1017/1017 1012/1012/1012 1002/1002/1002
f 1001/1001/1001 1011/1011/1011 1094/1094/1094
f 1022/1022/1022 1016/1016/1016 1003/1003/1003
f 1066/1066/1066 1055/1055/1055 1000/1000/1000
f 1090/1090/1090 1069/1069/1069 1004/1004/1004
f 1097/1097/1097 1090/1090/1090 1004/1004/1004
f 1028/1028/1028 1023/1023/1023 1009/1009/1009
f 1107/1107/1107 1028/1028/1028 1009/1009/1009
f 1008/1008/1008 1058/1058/1058 1085/1085/1085
f 1007/1007/1007 1083/1083/1083 1118/1118/1118
f 1117/1117/1117 1105/1105/1105 1006/1006/1006
f 1014/1014/1014 1018/1018/1018 1026/1026/1026
f 1025/1025/1025 1021/1021/1021 1015/1015/1015
f 1013/1013/1013 1020/1020/1020 1096/1096/1096
f 1018/1018/1018 1024/1024/1024 1026/1026/1026
f 1021/1021/1021 1025/1025/1025 1033/1033/1033
f 1019/1019/1019 1031/1031/1031 1106/1106/1106
f 1106/1106/1106 1095/1095/1095 1019/1019/1019
f 1030/1030/1030 1026/1026/1026 1024/1024/1024
f 1025/1025/1025 1029/1029/1029 1033/1033/1033
f 1108/1108/1108 1032/1032/1032 1027/1027/1027
f 1285/1285/1285 1264/1264/1264 1034/1034/1034
f 1034/1034/1034 1264/1264/1264 1362/1362/1362
f 1034/1034/1034 1281/1281/1281 1285/1285/1285
f 1719/1719/1719 1283/1283/1283 1036/1036/1036
f 1034/1034/1034 1362/1362/1362 1368/1368/1368
f 1035/1035/1035 1369/1369/1369 1717/1717/1717
f 1038/1038/1038 1040/1040/1040 1071/1071/1071
f 1137/1137/1137 1040/1040/1040 1038/1038/1038
f 1071/1071/1071 1043/1043/1043 1038/1038/1038
f 1038/1038/1038 1043/1043/1043 1132/1132/1132
f 1037/1037/1037 1131/1131/1131 1134/1134/1134
f 1041/1041/1041 1046/1046/1046 1072/1072/1072
f 1234/1234/1234 1046/1046/1046 1041/1041/1041
f 1039/1039/1039 1136/1136/1136 1150/1150/1150
f 1039/1039/1039 1150/1150/1150 1167/1167/1167
f 1042/1042/1042 1168/1168/1168 1236/1236/1236
f 1044/1044/1044 1047/1047/1047 1133/1133/1133
f 1235/1235/1235 1133/1133/1133 1047/1047/1047
f 1050/1050/1050 1053/1053/1053 1241/1241/1241
f 1276/1276/1276 1051/1051/1051 1049/1049/1049
f 1237/1237/1237 1124/1124/1124 1048/1048/1048
f 1048/1048/1048 1124/1124/1124 1278/1278/1278
f 1048/1048/1048 1224/1224/1224 1237/1237/1237
f 1241/1241/1241 1226/1226/1226 1050/1050/1050
f 1052/1052/1052 1125/1125/1125 1238/1238/1238
f 1277/1277/1277 1125/1125/1125 1052/1052/1052
f 1052/1052/1052 1238/1238/1238 1240/1240/1240
f 1068/1068/1068 1063/1063/1063 1057/1057/1057
f 1056/1056/1056 1060/1060/1060 1080/1080/1080
f 1058/1058/1058 1082/1082/1082 1085/1085/1085
f 1061/1061/1061 1067/1067/1067 1075/1075/1075
f 1064/1064/1064 1077/1077/1077 1180/1180/1180
f 1173/1173/1173 1079/1079/1079 1059/1059/1059
f 1178/1178/1178 1175/1175/1175 1062/1062/1062
f 1088/1088/1088 1074/1074/1074 1065/1065/1065
f 1076/1076/1076 1089/1089/1089 1101/1101/1101
f 1078/1078/1078 1102/1102/1102 1199/1199/1199
f 1199/1199/1199 1181/1181/1181 1078/1078/1078
f 1087/1087/1087 1084/1084/1084 1081/1081/1081
f 1206/1206/1206 1087/1087/1087 1081/1081/1081
f 1079/1079/1079 1173/1173/1173 1200/1200/1200
f 1081/1081/1081 1204/1204/1204 1206/1206/1206
f 1084/1084/1084 1087/1087/1087 1119/1119/1119
f 1122/1122/1122 1115/1115/1115 1086/1086/1086
f 1214/1214/1214 1122/1122/1122 1086/1086/1086
f 1087/1087/1087 1206/1206/1206 1216/1216/1216
f 1093/1093/1093 1098/1098/1098 1109/1109/1109
f 1114/1114/1114 1103/1103/1103 1092/1092/1092
f 1091/1091/1091 1110/1110/1110 1113/1113/1113
f 1100/1100/1100 1111/1111/1111 1122/1122/1122
f 1099/1099/1099 1121/1121/1121 1246/1246/1246
f 1248/1248/1248 1199/1199/1199 1102/1102/1102
f 1116/1116/1116 1112/1112/1112 1104/1104/1104
f 1111/1111/1111 1115/1115/1115 1122/1122/1122
f 1123/1123/1123 1215/1215/1215 1254/1254/1254
f 1253/1253/1253 1245/1245/1245 1120/1120/1120
f 1125/1125/1125 1277/1277/1277 1280/1280/1280
f 1134/1134/1134 1131/1131/1131 1126/1126/1126
f 1127/1127/1127 1133/1133/1133 1170/1170/1170
f 1160/1160/1160 1139/1139/1139 1128/1128/1128
f 1172/1172/1172 1148/1148/1148 1130/1130/1130
f 1129/1129/1129 1146/1146/1146 1734/1734/1734
f 1735/1735/1735 1160/1160/1160 1128/1128/1128
f 1235/1235/1235 1170/1170/1170 1133/1133/1133
f 1135/1135/1135 1140/1140/1140 1149/1149/1149
f 1159/1159/1159 1142/1142/1142 1138/1138/1138
f 1141/1141/1141 1145/1145/1145 1152/1152/1152
f 1756/1756/1756 1147/1147/1147 1143/1143/1143
f 1142/1142/1142 1159/1159/1159 1753/1753/1753
f 1169/1169/1169 1151/1151/1151 1144/1144/1144
f 1761/1761/1761 1734/1734/1734 1146/1146/1146
f 1147/1147/1147 1756/1756/1756 1763/1763/1763
f 1171/1171/1171 1168/1168/1168 1153/1153/1153
f 1155/1155/1155 1162/1162/1162 1166/1166/1166
f 1770/1770/1770 1161/1161/1161 1154/1154/1154
f 1155/1155/1155 1166/1166/1166 1202/1202/1202
f 1155/1155/1155 1174/1174/1174 1176/1176/1176
f 1202/1202/1202 1174/1174/1174 1155/1155/1155
f 1156/1156/1156 1177/1177/1177 1185/1185/1185
f 1188/1188/1188 1184/1184/1184 1157/1157/1157
f 1154/1154/1154 1182/1182/1182 1770/1770/1770
f 1513/1513/1513 1510/1510/1510 1158/1158/1158
f 1159/1159/1159 1512/1512/1512 1752/1752/1752
f 1731/1731/1731 1513/1513/1513 1158/1158/1158
f 1159/1159/1159 1752/1752/1752 1758/1758/1758
f 1758/1758/1758 1753/1753/1753 1159/1159/1159
f 1210/1210/1210 1166/1166/1166 1162/1162/1162
f 2265/2265/2265 1210/1210/1210 1162/1162/1162
f 1161/1161/1161 1770/1770/1770 1787/1787/1787
f 1164/1164/1164 1790/1790/1790 1793/1793/1793
f 1163/1163/1163 1791/1791/1791 2266/2266/2266
f 1209/1209/1209 1201/1201/1201 1165/1165/1165
f 1168/1168/1168 1171/1171/1171 1236/1236/1236
f 1194/1194/1194 1185/1185/1185 1177/1177/1177
f 1198/1198/1198 1195/1195/1195 1179/1179/1179
f 1183/1183/1183 1187/1187/1187 1780/1780/1780
f 1777/1777/1777 1770/1770/1770 1182/1182/1182
f 1186/1186/1186 1197/1197/1197 1779/1779/1779
f 1192/1192/1192 1738/1738/1738 1743/1743/1743
f 1862/1862/1862 1737/1737/1737 1190/1190/1190
f 1191/1191/1191 1741/1741/1741 1809/1809/1809
f 1189/1189/1189 1806/1806/1806 1875/1875/1875
f 1875/1875/1875 1861/1861/1861 1189/1189/1189
f 1195/1195/1195 1198/1198/1198 1247/1247/1247
f 1195/1195/1195 1247/1247/1247 1249/1249/1249
f 1195/1195/1195 1249/1249/1249 1857/1857/1857
f 1807/1807/1807 1778/1778/1778 1196/1196/1196
f 1828/1828/1828 1804/1804/1804 1193/1193/1193
f 1855/1855/1855 1828/1828/1828 1193/1193/1193
f 1211/1211/1211 1205/1205/1205 1203/1203/1203
f 1207/1207/1207 1213/1213/1213 1218/1218/1218
f 1259/1259/1259 1217/1217/1217 1212/1212/1212
f 2264/2264/2264 1257/1257/1257 1208/1208/1208
f 1259/1259/1259 1256/1256/1256 1217/1217/1217
f 1868/1868/1868 1257/1257/1257 1219/1219/1219
f 1219/1219/1219 1257/1257/1257 2264/2264/2264
f 1894/1894/1894 1871/1871/1871 1223/1223/1223
f 2325/2325/2325 1892/1892/1892 1220/1220/1220
f 1222/1222/1222 2267/2267/2267 2303/2303/2303
f 1221/1221/1221 2302/2302/2302 2327/2327/2327
f 1232/1232/1232 1229/1229/1229 1225/1225/1225
f 1224/1224/1224 1227/1227/1227 1243/1243/1243
f 1251/1251/1251 1233/1233/1233 1226/1226/1226
f 1243/1243/1243 1237/1237/1237 1224/1224/1224
f 1226/1226/1226 1241/1241/1241 1251/1251/1251
f 1228/1228/1228 1231/1231/1231 1250/1250/1250
f 1252/1252/1252 1244/1244/1244 1230/1230/1230
f 1252/1252/1252 1242/1242/1242 1239/1239/1239
f 1239/1239/1239 1244/1244/1244 1252/1252/1252
f 1255/1255/1255 1249/1249/1249 1247/1247/1247
f 1249/1249/1249 1255/1255/1255 1258/1258/1258
f 1249/1249/1249 1258/1258/1258 1870/1870/1870
f 1867/1867/1867 1857/1857/1857 1249/1249/1249
f 1870/1870/1870 1867/1867/1867 1249/1249/1249
f 1261/1261/1261 1271/1271/1271 2188/2188/2188
f 2197/2197/2197 1274/1274/1274 1261/1261/1261
f 1261/1261/1261 2188/2188/2188 2197/2197/2197
f 1269/1269/1269 1267/1267/1267 1263/1263/1263
f 1284/1284/1284 1269/1269/1269 1263/1263/1263
f 1266/1266/1266 1268/1268/1268 2185/2185/2185
f 2183/2183/2183 1408/1408/1408 1266/1266/1266
f 2185/2185/2185 2183/2183/2183 1266/1266/1266
f 1269/1269/1269 1284/1284/1284 1286/1286/1286
f 1269/1269/1269 1286/1286/1286 2190/2190/2190
f 2190/2190/2190 2186/2186/2186 1269/1269/1269
f 1289/1289/1289 1285/1285/1285 1281/1281/1281
f 2205/2205/2205 1289/1289/1289 1281/1281/1281
f 1282/1282/1282 1718/1718/1718 2207/2207/2207
f 1288/1288/1288 1286/1286/1286 1284/1284/1284
f 1286/1286/1286 1288/1288/1288 2214/2214/2214
f 2203/2203/2203 2190/2190/2190 1286/1286/1286
f 2212/2212/2212 2204/2204/2204 1287/1287/1287
f 2217/2217/2217 2212/2212/2212 1287/1287/1287
f 2205/2205/2205 1290/1290/1290 1289/1289/1289
f 1289/1289/1289 1290/1290/1290 2215/2215/2215
f 1291/1291/1291 2206/2206/2206 2236/2236/2236
f 2219/2219/2219 2215/2215/2215 1290/1290/1290
f 2238/2238/2238 2219/2219/2219 1290/1290/1290
f 1291/1291/1291 2236/2236/2236 2239/2239/2239
f 2239/2239/2239 2237/2237/2237 1291/1291/1291
f 1342/1342/1342 1300/1300/1300 1293/1293/1293
f 1292/1292/1292 1299/1299/1299 1390/1390/1390
f 1293/1293/1293 1318/1318/1318 1342/1342/1342
f 1298/1298/1298 1340/1340/1340 1355/1355/1355
f 1403/1403/1403 1338/1338/1338 1297/1297/1297
f 1296/1296/1296 1352/1352/1352 1364/1364/1364
f 1296/1296/1296 1364/1364/1364 1402/1402/1402
f 1302/1302/1302 1346/1346/1346 1399/1399/1399
f 1394/1394/1394 1392/1392/1392 1301/1301/1301
f 1399/1399/1399 1395/1395/1395 1302/1302/1302
f 1304/1304/1304 1310/1310/1310 1329/1329/1329
f 1324/1324/1324 1314/1314/1314 1305/1305/1305
f 1332/1332/1332 1327/1327/1327 1307/1307/1307
f 1311/1311/1311 1317/1317/1317 1333/1333/1333
f 1316/1316/1316 1326/1326/1326 1337/1337/1337
f 1336/1336/1336 1331/1331/1331 1315/1315/1315
f 1349/1349/1349 1344/1344/1344 1319/1319/1319
f 1321/1321/1321 1328/1328/1328 1434/1434/1434
f 1437/1437/1437 1334/1334/1334 1322/1322/1322
f 1436/1436/1436 1433/1433/1433 1325/1325/1325
f 1323/1323/1323 1431/1431/1431 1438/1438/1438
f 1330/1330/1330 1335/1335/1335 1435/1435/1435
f 1440/1440/1440 1435/1435/1435 1335/1335/1335
f 1341/1341/1341 1347/1347/1347 1378/1378/1378
f 1406/1406/1406 1343/1343/1343 1339/1339/1339
f 1357/1357/1357 1355/1355/1355 1340/1340/1340
f 1375/1375/1375 1357/1357/1357 1340/1340/1340
f 1344/1344/1344 1349/1349/1349 1452/1452/1452
f 1457/1457/1457 1379/1379/1379 1348/1348/1348
f 1405/1405/1405 1397/1397/1397 1345/1345/1345
f 4884/4884/4884 1454/1454/1454 1350/1350/1350
f 1353/1353/1353 1356/1356/1356 1361/1361/1361
f 1354/1354/1354 1362/1362/1362 1365/1365/1365
f 1373/1373/1373 1363/1363/1363 1359/1359/1359
f 1377/1377/1377 1372/1372/1372 1358/1358/1358
f 1370/1370/1370 1366/1366/1366 1360/1360/1360
f 1367/1367/1367 1371/1371/1371 1715/1715/1715
f 1372/1372/1372 1377/1377/1377 1388/1388/1388
f 1372/1372/1372 1388/1388/1388 1722/1722/1722
f 1371/1371/1371 1712/1712/1712 1715/1715/1715
f 1720/1720/1720 1712/1712/1712 1371/1371/1371
f 1424/1424/1424 1389/1389/1389 1376/1376/1376
f 1455/1455/1455 1423/1423/1423 1374/1374/1374
f 1420/1420/1420 1387/1387/1387 1383/1383/1383
f 1383/1383/1383 1417/1417/1417 1420/1420/1420
f 1971/1971/1971 1416/1416/1416 1382/1382/1382
f 1382/1382/1382 1489/1489/1489 1971/1971/1971
f 1419/1419/1419 1413/1413/1413 1385/1385/1385
f 1389/1389/1389 1424/1424/1424 1723/1723/1723
f 1397/1397/1397 1405/1405/1405 2182/2182/2182
f 1397/1397/1397 2182/2182/2182 2187/2187/2187
f 1404/1404/1404 1408/1408/1408 2183/2183/2183
f 4708/4708/4708 4497/4497/4497 1409/1409/1409
f 1412/1412/1412 1418/1418/1418 1428/1428/1428
f 1415/1415/1415 1970/1970/1970 1977/1977/1977
f 1421/1421/1421 1441/1441/1441 1458/1458/1458
f 4963/4963/4963 1443/1443/1443 1425/1425/1425
f 1422/1422/1422 1453/1453/1453 4922/4922/4922
f 1424/1424/1424 1460/1460/1460 1723/1723/1723
f 1426/1426/1426 4924/4924/4924 4964/4964/4964
f 1433/1433/1433 1436/1436/1436 1464/1464/1464
f 1463/1463/1463 1439/1439/1439 1432/1432/1432
f 1435/1435/1435 1440/1440/1440 1466/1466/1466
f 1467/1467/1467 1464/1464/1464 1436/1436/1436
f 1439/1439/1439 1463/1463/1463 1468/1468/1468
f 1469/1469/1469 1466/1466/1466 1440/1440/1440
f 1958/1958/1958 1459/1459/1459 1442/1442/1442
f 1999/1999/1999 1961/1961/1961 1444/1444/1444
f 5064/5064/5064 1999/1999/1999 1444/1444/1444
f 4963/4963/4963 4943/4943/4943 1443/1443/1443
f 1444/1444/1444 4944/4944/4944 5064/5064/5064
f 1477/1477/1477 1449/1449/1449 1445/1445/1445
f 1446/1446/1446 1450/1450/1450 1990/1990/1990
f 1995/1995/1995 1479/1479/1479 1447/1447/1447
f 1448/1448/1448 1993/1993/1993 1997/1997/1997
f 1449/1449/1449 1477/1477/1477 1986/1986/1986
f 1451/1451/1451 1989/1989/1989 1992/1992/1992
f 1456/1456/1456 4887/4887/4887 4926/4926/4926
f 2138/2138/2138 1723/1723/1723 1460/1460/1460
f 1459/1459/1459 1958/1958/1958 2136/2136/2136
f 1461/1461/1461 1465/1465/1465 1470/1470/1470
f 1475/1475/1475 1468/1468/1468 1463/1463/1463
f 1462/1462/1462 1472/1472/1472 4902/4902/4902
f 4903/4903/4903 1475/1475/1475 1463/1463/1463
f 1466/1466/1466 1469/1469/1469 1473/1473/1473
f 1476/1476/1476 1473/1473/1473 1469/1469/1469
f 1473/1473/1473 1476/1476/1476 4907/4907/4907
f 4935/4935/4935 4904/4904/4904 1474/1474/1474
f 1471/1471/1471 4906/4906/4906 4934/4934/4934
f 1475/1475/1475 4903/4903/4903 4908/4908/4908
f 1994/1994/1994 1987/1987/1987 1478/1478/1478
f 1480/1480/1480 1484/1484/1484 1487/1487/1487
f 1651/1651/1651 1484/1484/1484 1480/1480/1480
f 2009/2009/2009 1652/1652/1652 1481/1481/1481
f 1490/1490/1490 1487/1487/1487 1484/1484/1484
f 1669/1669/1669 1491/1491/1491 1485/1485/1485
f 1486/1486/1486 1654/1654/1654 1657/1657/1657
f 1486/1486/1486 1657/1657/1657 1671/1671/1671
f 1487/1487/1487 1490/1490/1490 1968/1968/1968
f 1491/1491/1491 1669/1669/1669 2143/2143/2143
f 1974/1974/1974 1969/1969/1969 1492/1492/1492
f 2145/2145/2145 1974/1974/1974 1492/1492/1492
f 1559/1559/1559 1499/1499/1499 1495/1495/1495
f 1493/1493/1493 1497/1497/1497 1568/1568/1568
f 1495/1495/1495 1508/1508/1508 1559/1559/1559
f 1576/1576/1576 1506/1506/1506 1494/1494/1494
f 1496/1496/1496 1570/1570/1570 1582/1582/1582
f 1582/1582/1582 1578/1578/1578 1496/1496/1496
f 1504/1504/1504 1517/1517/1517 1529/1529/1529
f 1563/1563/1563 1518/1518/1518 1503/1503/1503
f 1501/1501/1501 1525/1525/1525 1554/1554/1554
f 1505/1505/1505 1528/1528/1528 1557/1557/1557
f 1505/1505/1505 1557/1557/1557 1629/1629/1629
f 1630/1630/1630 1569/1569/1569 1498/1498/1498
f 1498/1498/1498 1625/1625/1625 1630/1630/1630
f 1636/1636/1636 1561/1561/1561 1509/1509/1509
f 1507/1507/1507 1577/1577/1577 1580/1580/1580
f 1509/1509/1509 1581/1581/1581 1636/1636/1636
f 1511/1511/1511 1514/1514/1514 1750/1750/1750
f 1515/1515/1515 1733/1733/1733 1767/1767/1767
f 1764/1764/1764 1750/1750/1750 1514/1514/1514
f 1543/1543/1543 1527/1527/1527 1516/1516/1516
f 1565/1565/1565 1549/1549/1549 1519/1519/1519
f 1539/1539/1539 1531/1531/1531 1521/1521/1521
f 1544/1544/1544 1537/1537/1537 1520/1520/1520
f 1523/1523/1523 1541/1541/1541 1548/1548/1548
f 1566/1566/1566 1541/1541/1541 1523/1523/1523
f 1524/1524/1524 1532/1532/1532 1540/1540/1540
f 1524/1524/1524 1540/1540/1540 1553/1553/1553
f 1527/1527/1527 1543/1543/1543 1556/1556/1556
f 1538/1538/1538 1546/1546/1546 1552/1552/1552
f 1558/1558/1558 1550/1550/1550 1542/1542/1542
f 1628/1628/1628 1558/1558/1558 1542/1542/1542
f 1542/1542/1542 1567/1567/1567 1628/1628/1628
f 1635/1635/1635 1627/1627/1627 1560/1560/1560
f 1571/1571/1571 1572/1572/1572 1583/1583/1583
f 1632/1632/1632 1572/1572/1572 1571/1571/1571
f 1591/1591/1591 1583/1583/1583 1572/1572/1572
f 1638/1638/1638 1592/1592/1592 1573/1573/1573
f 1573/1573/1573 1633/1633/1633 1638/1638/1638
f 1585/1585/1585 1579/1579/1579 1575/1575/1575
f 1578/1578/1578 1582/1582/1582 1600/1600/1600
f 1597/1597/1597 1584/1584/1584 1574/1574/1574
f 1581/1581/1581 1587/1587/1587 1614/1614/1614
f 1581/1581/1581 1614/1614/1614 1641/1641/1641
f 1641/1641/1641 1636/1636/1636 1581/1581/1581
f 1582/1582/1582 1590/1590/1590 1600/1600/1600
f 1586/1586/1586 1598/1598/1598 1612/1612/1612
f 1613/1613/1613 1599/1599/1599 1589/1589/1589
f 1620/1620/1620 1613/1613/1613 1589/1589/1589
f 1637/1637/1637 1618/1618/1618 1588/1588/1588
f 2280/2280/2280 1603/1603/1603 1595/1595/1595
f 1593/1593/1593 1609/1609/1609 1686/1686/1686
f 1596/1596/1596 1688/1688/1688 2279/2279/2279
f 2281/2281/2281 1607/1607/1607 1601/1601/1601
f 1601/1601/1601 2277/2277/2277 2281/2281/2281
f 1647/1647/1647 1616/1616/1616 1605/1605/1605
f 1604/1604/1604 1623/1623/1623 1683/1683/1683
f 1683/1683/1683 1646/1646/1646 1604/1604/1604
f 2282/2282/2282 1685/1685/1685 1608/1608/1608
f 1611/1611/1611 1619/1619/1619 1639/1639/1639
f 1682/1682/1682 1622/1622/1622 1615/1615/1615
f 1616/1616/1616 1647/1647/1647 1680/1680/1680
f 1615/1615/1615 1679/1679/1679 1682/1682/1682
f 1621/1621/1621 1638/1638/1638 1642/1642/1642
f 1634/1634/1634 1631/1631/1631 1626/1626/1626
f 1631/1631/1631 1634/1634/1634 1640/1640/1640
f 1642/1642/1642 1638/1638/1638 1633/1633/1633
f 1783/1783/1783 1774/1774/1774 1644/1644/1644
f 1644/1644/1644 1774/1774/1774 1815/1815/1815
f 1827/1827/1827 1786/1786/1786 1645/1645/1645
f 1643/1643/1643 1814/1814/1814 1816/1816/1816
f 1643/1643/1643 1816/1816/1816 1823/1823/1823
f 1643/1643/1643 1823/1823/1823 1825/1825/1825
f 1684/1684/1684 1681/1681/1681 1648/1648/1648
f 1689/1689/1689 1677/1677/1677 1650/1650/1650
f 1649/1649/1649 1675/1675/1675 2274/2274/2274
f 1702/1702/1702 1689/1689/1689 1650/1650/1650
f 1650/1650/1650 1698/1698/1698 1700/1700/1700
f 2268/2268/2268 1696/1696/1696 1649/1649/1649
f 1650/1650/1650 1700/1700/1700 1707/1707/1707
f 1707/1707/1707 1702/1702/1702 1650/1650/1650
f 2274/2274/2274 2268/2268/2268 1649/1649/1649
f 2018/2018/2018 1656/1656/1656 1653/1653/1653
f 1652/1652/1652 2009/2009/2009 2013/2013/2013
f 1653/1653/1653 2014/2014/2014 2018/2018/2018
f 1655/1655/1655 1658/1658/1658 1666/1666/1666
f 2016/2016/2016 1658/1658/1658 1655/1655/1655
f 1655/1655/1655 1666/1666/1666 1670/1670/1670
f 1662/1662/1662 1665/1665/1665 1668/1668/1668
f 2035/2035/2035 1663/1663/1663 1659/1659/1659
f 1661/1661/1661 2017/2017/2017 2032/2032/2032
f 1660/1660/1660 2031/2031/2031 2036/2036/2036
f 2041/2041/2041 1667/1667/1667 1664/1664/1664
f 1664/1664/1664 2038/2038/2038 2041/2041/2041
f 1674/1674/1674 1672/1672/1672 1667/1667/1667
f 2041/2041/2041 1674/1674/1674 1667/1667/1667
f 1672/1672/1672 1674/1674/1674 2146/2146/2146
f 1673/1673/1673 2040/2040/2040 2042/2042/2042
f 1674/1674/1674 2043/2043/2043 2146/2146/2146
f 1678/1678/1678 1691/1691/1691 2272/2272/2272
f 1676/1676/1676 2270/2270/2270 2275/2275/2275
f 1690/1690/1690 1703/1703/1703 2271/2271/2271
f 1824/1824/1824 1817/1817/1817 1693/1693/1693
f 1694/1694/1694 1818/1818/1818 1903/1903/1903
f 1917/1917/1917 1824/1824/1824 1693/1693/1693
f 1695/1695/1695 1904/1904/1904 1909/1909/1909
f 1695/1695/1695 1909/1909/1909 1925/1925/1925
f 1919/1919/1919 1915/1915/1915 1692/1692/1692
f 2287/2287/2287 1699/1699/1699 1697/1697/1697
f 1696/1696/1696 2268/2268/2268 2284/2284/2284
f 1697/1697/1697 2285/2285/2285 2287/2287/2287
f 2293/2293/2293 1708/1708/1708 1701/1701/1701
f 1699/1699/1699 2287/2287/2287 2292/2292/2292
f 1704/1704/1704 1709/1709/1709 2294/2294/2294
f 2289/2289/2289 2271/2271/2271 1703/1703/1703
f 2294/2294/2294 2290/2290/2290 1704/1704/1704
f 1705/1705/1705 1710/1710/1710 1906/1906/1906
f 2064/2064/2064 1710/1710/1710 1705/1705/1705
f 1706/1706/1706 1907/1907/1907 1949/1949/1949
f 1706/1706/1706 1949/1949/1949 2063/2063/2063
f 1705/1705/1705 2062/2062/2062 2064/2064/2064
f 1921/1921/1921 1906/1906/1906 1710/1710/1710
f 1951/1951/1951 1924/1924/1924 1711/1711/1711
f 2067/2067/2067 1951/1951/1951 1711/1711/1711
f 1711/1711/1711 2065/2065/2065 2067/2067/2067
f 1728/1728/1728 1715/1715/1715 1712/1712/1712
f 1713/1713/1713 1721/1721/1721 1724/1724/1724
f 1714/1714/1714 1727/1727/1727 1730/1730/1730
f 1715/1715/1715 1728/1728/1728 2201/2201/2201
f 1716/1716/1716 2202/2202/2202 2206/2206/2206
f 2138/2138/2138 1726/1726/1726 1723/1723/1723
f 2140/2140/2140 1729/1729/1729 1725/1725/1725
f 1725/1725/1725 2137/2137/2137 2140/2140/2140
f 1729/1729/1729 2140/2140/2140 2142/2142/2142
f 1728/1728/1728 2141/2141/2141 2208/2208/2208
f 2208/2208/2208 2201/2201/2201 1728/1728/1728
f 1732/1732/1732 1760/1760/1760 1766/1766/1766
f 1872/1872/1872 1740/1740/1740 1736/1736/1736
f 1863/1863/1863 1859/1859/1859 1739/1739/1739
f 1736/1736/1736 1858/1858/1858 1872/1872/1872
f 1876/1876/1876 1808/1808/1808 1742/1742/1742
f 1742/1742/1742 1873/1873/1873 1876/1876/1876
f 1745/1745/1745 1748/1748/1748 1782/1782/1782
f 1840/1840/1840 1749/1749/1749 1746/1746/1746
f 1782/1782/1782 1778/1778/1778 1745/1745/1745
f 1745/1745/1745 1778/1778/1778 1807/1807/1807
f 1744/1744/1744 1805/1805/1805 1829/1829/1829
f 1746/1746/1746 1831/1831/1831 1833/1833/1833
f 1746/1746/1746 1833/1833/1833 1840/1840/1840
f 1813/1813/1813 1782/1782/1782 1748/1748/1748
f 1820/1820/1820 1812/1812/1812 1747/1747/1747
f 1834/1834/1834 1820/1820/1820 1747/1747/1747
f 1838/1838/1838 1834/1834/1834 1747/1747/1747
f 1765/1765/1765 1757/1757/1757 1751/1751/1751
f 1754/1754/1754 1759/1759/1759 1768/1768/1768
f 1769/1769/1769 1762/1762/1762 1755/1755/1755
f 1778/1778/1778 1776/1776/1776 1772/1772/1772
f 1771/1771/1771 1773/1773/1773 1788/1788/1788
f 1776/1776/1776 1778/1778/1778 1782/1782/1782
f 1774/1774/1774 1781/1781/1781 1815/1815/1815
f 1775/1775/1775 1784/1784/1784 1789/1789/1789
f 1781/1781/1781 1811/1811/1811 1815/1815/1815
f 1792/1792/1792 1789/1789/1789 1784/1784/1784
f 1803/1803/1803 1795/1795/1795 1785/1785/1785
f 1827/1827/1827 1801/1801/1801 1786/1786/1786
f 1794/1794/1794 1802/1802/1802 2305/2305/2305
f 2301/2301/2301 2266/2266/2266 1791/1791/1791
f 1798/1798/1798 1826/1826/1826 2316/2316/2316
f 2315/2315/2315 2299/2299/2299 1799/1799/1799
f 1796/1796/1796 2298/2298/2298 2332/2332/2332
f 2328/2328/2328 2304/2304/2304 1800/1800/1800
f 2331/2331/2331 2326/2326/2326 1797/1797/1797
f 1819/1819/1819 1814/1814/1814 1810/1810/1810
f 1819/1819/1819 1816/1816/1816 1814/1814/1814
f 1818/1818/1818 1821/1821/1821 1903/1903/1903
f 1822/1822/1822 1836/1836/1836 1902/1902/1902
f 1821/1821/1821 1899/1899/1899 1903/1903/1903
f 2309/2309/2309 1825/1825/1825 1823/1823/1823
f 1824/1824/1824 1917/1917/1917 2311/2311/2311
f 1878/1878/1878 1832/1832/1832 1830/1830/1830
f 1830/1830/1830 1856/1856/1856 1878/1878/1878
f 1878/1878/1878 1837/1837/1837 1832/1832/1832
f 1834/1834/1834 1838/1838/1838 1841/1841/1841
f 1835/1835/1835 1843/1843/1843 1932/1932/1932
f 1932/1932/1932 1900/1900/1900 1835/1835/1835
f 1882/1882/1882 1841/1841/1841 1838/1838/1838
f 1839/1839/1839 1879/1879/1879 1883/1883/1883
f 1882/1882/1882 1847/1847/1847 1841/1841/1841
f 1842/1842/1842 1848/1848/1848 1931/1931/1931
f 1941/1941/1941 1851/1851/1851 1845/1845/1845
f 1844/1844/1844 1850/1850/1850 2335/2335/2335
f 1845/1845/1845 1928/1928/1928 1941/1941/1941
f 2312/2312/2312 1928/1928/1928 1845/1845/1845
f 2323/2323/2323 2314/2314/2314 1846/1846/1846
f 2335/2335/2335 2321/2321/2321 1844/1844/1844
f 1895/1895/1895 1850/1850/1850 1847/1847/1847
f 1849/1849/1849 1852/1852/1852 1944/1944/1944
f 1847/1847/1847 1882/1882/1882 1895/1895/1895
f 1946/1946/1946 1931/1931/1931 1848/1848/1848
f 1849/1849/1849 1944/1944/1944 1947/1947/1947
f 1895/1895/1895 1853/1853/1853 1850/1850/1850
f 1850/1850/1850 1853/1853/1853 2335/2335/2335
f 1851/1851/1851 1941/1941/1941 1943/1943/1943
f 1854/1854/1854 1888/1888/1888 1892/1892/1892
f 1896/1896/1896 1888/1888/1888 1854/1854/1854
f 1854/1854/1854 1892/1892/1892 2325/2325/2325
f 1854/1854/1854 2325/2325/2325 2336/2336/2336
f 1856/1856/1856 1865/1865/1865 1878/1878/1878
f 1860/1860/1860 1864/1864/1864 1874/1874/1874
f 1877/1877/1877 1874/1874/1874 1864/1864/1864
f 1866/1866/1866 1869/1869/1869 1886/1886/1886
f 1885/1885/1885 1878/1878/1878 1865/1865/1865
f 1891/1891/1891 1886/1886/1886 1869/1869/1869
f 1890/1890/1890 1884/1884/1884 1881/1881/1881
f 1880/1880/1880 1887/1887/1887 1889/1889/1889
f 1884/1884/1884 1890/1890/1890 1897/1897/1897
f 1893/1893/1893 1889/1889/1889 1887/1887/1887
f 1908/1908/1908 1903/1903/1903 1899/1899/1899
f 1911/1911/1911 1905/1905/1905 1898/1898/1898
f 1933/1933/1933 1914/1914/1914 1901/1901/1901
f 1907/1907/1907 1913/1913/1913 1949/1949/1949
f 1912/1912/1912 1930/1930/1930 1935/1935/1935
f 1910/1910/1910 1934/1934/1934 2150/2150/2150
f 2150/2150/2150 1948/1948/1948 1910/1910/1910
f 1916/1916/1916 1920/1920/1920 1926/1926/1926
f 1918/1918/1918 1929/1929/1929 2313/2313/2313
f 1940/1940/1940 1927/1927/1927 1922/1922/1922
f 1922/1922/1922 1938/1938/1938 1940/1940/1940
f 1950/1950/1950 1937/1937/1937 1923/1923/1923
f 1945/1945/1945 1935/1935/1935 1930/1930/1930
f 1945/1945/1945 1938/1938/1938 1935/1935/1935
f 1936/1936/1936 1939/1939/1939 1953/1953/1953
f 1936/1936/1936 1953/1953/1953 2151/2151/2151
f 1942/1942/1942 1940/1940/1940 1938/1938/1938
f 1945/1945/1945 1942/1942/1942 1938/1938/1938
f 1937/1937/1937 1950/1950/1950 1952/1952/1952
f 1949/1949/1949 2046/2046/2046 2063/2063/2063
f 2150/2150/2150 2045/2045/2045 1948/1948/1948
f 2066/2066/2066 1952/1952/1952 1950/1950/1950
f 1952/1952/1952 2066/2066/2066 2153/2153/2153
f 2155/2155/2155 2151/2151/2151 1953/1953/1953
f 1954/1954/1954 1975/1975/1975 2024/2024/2024
f 2013/2013/2013 2009/2009/2009 1955/1955/1955
f 2026/2026/2026 2013/2013/2013 1955/1955/1955
f 1998/1998/1998 1963/1963/1963 1960/1960/1960
f 1959/1959/1959 1962/1962/1962 2130/2130/2130
f 1958/1958/1958 2129/2129/2129 2136/2136/2136
f 1962/1962/1962 1981/1981/1981 2130/2130/2130
f 5062/5062/5062 1982/1982/1982 1965/1965/1965
f 1966/1966/1966 2000/2000/2000 5066/5066/5066
f 5065/5065/5065 5061/5061/5061 1964/1964/1964
f 1967/1967/1967 1972/1972/1972 1975/1975/1975
f 1978/1978/1978 1975/1975/1975 1972/1972/1972
f 2056/2056/2056 1980/1980/1980 1973/1973/1973
f 2144/2144/2144 2056/2056/2056 1973/1973/1973
f 1975/1975/1975 1978/1978/1978 2024/2024/2024
f 2054/2054/2054 2025/2025/2025 1979/1979/1979
f 1985/1985/1985 2004/2004/2004 2135/2135/2135
f 5092/5092/5092 2002/2002/2002 1983/1983/1983
f 2133/2133/2133 2131/2131/2131 1984/1984/1984
f 1982/1982/1982 5062/5062/5062 5091/5091/5091
f 2149/2149/2149 2134/2134/2134 2003/2003/2003
f 2181/2181/2181 2149/2149/2149 2003/2003/2003
f 5069/5069/5069 2180/2180/2180 2001/2001/2001
f 5090/5090/5090 5069/5069/5069 2001/2001/2001
f 2008/2008/2008 2022/2022/2022 2030/2030/2030
f 2047/2047/2047 2015/2015/2015 2012/2012/2012
f 2012/2012/2012 2023/2023/2023 2047/2047/2047
f 2055/2055/2055 2032/2032/2032 2017/2017/2017
f 2017/2017/2017 2048/2048/2048 2055/2055/2055
f 5164/5164/5164 2029/2029/2029 2021/2021/2021
f 2020/2020/2020 2074/2074/2074 5158/5158/5158
f 2021/2021/2021 5160/5160/5160 5164/5164/5164
f 2053/2053/2053 2047/2047/2047 2023/2023/2023
f 5162/5162/5162 5076/5076/5076 2028/2028/2028
f 2044/2044/2044 2039/2039/2039 2034/2034/2034
f 2057/2057/2057 2043/2043/2043 2033/2033/2033
f 2042/2042/2042 2040/2040/2040 2037/2037/2037
f 2043/2043/2043 2057/2057/2057 2146/2146/2146
f 2046/2046/2046 2059/2059/2059 2063/2063/2063
f 2106/2106/2106 2058/2058/2058 2045/2045/2045
f 2152/2152/2152 2106/2106/2106 2045/2045/2045
f 2045/2045/2045 2150/2150/2150 2152/2152/2152
f 2063/2063/2063 2059/2059/2059 2051/2051/2051
f 2052/2052/2052 2061/2061/2061 2088/2088/2088
f 2064/2064/2064 2062/2062/2062 2049/2049/2049
f 2101/2101/2101 2064/2064/2064 2049/2049/2049
f 2086/2086/2086 2079/2079/2079 2050/2050/2050
f 2049/2049/2049 2078/2078/2078 2101/2101/2101
f 2095/2095/2095 2087/2087/2087 2060/2060/2060
f 2107/2107/2107 2095/2095/2095 2060/2060/2060
f 2102/2102/2102 2067/2067/2067 2065/2065/2065
f 2069/2069/2069 2104/2104/2104 2113/2113/2113
f 2068/2068/2068 2111/2111/2111 2154/2154/2154
f 2170/2170/2170 2100/2100/2100 2073/2073/2073
f 2070/2070/2070 2098/2098/2098 2342/2342/2342
f 2072/2072/2072 2159/2159/2159 2175/2175/2175
f 2356/2356/2356 2158/2158/2158 2071/2071/2071
f 2175/2175/2175 2168/2168/2168 2072/2072/2072
f 2071/2071/2071 2343/2343/2343 2356/2356/2356
f 2076/2076/2076 4860/4860/4860 5102/5102/5102
f 2074/2074/2074 5101/5101/5101 5158/5158/5158
f 2091/2091/2091 2081/2081/2081 2077/2077/2077
f 2080/2080/2080 2082/2082/2082 2097/2097/2097
f 2077/2077/2077 2085/2085/2085 2091/2091/2091
f 2078/2078/2078 2096/2096/2096 2101/2101/2101
f 2083/2083/2083 2092/2092/2092 2173/2173/2173
f 2121/2121/2121 2097/2097/2097 2082/2082/2082
f 2173/2173/2173 2122/2122/2122 2083/2083/2083
f 2094/2094/2094 2090/2090/2090 2084/2084/2084
f 2089/2089/2089 2093/2093/2093 2172/2172/2172
f 2095/2095/2095 2107/2107/2107 2167/2167/2167
f 2093/2093/2093 2165/2165/2165 2172/2172/2172
f 2116/2116/2116 2101/2101/2101 2096/2096/2096
f 2121/2121/2121 2118/2118/2118 2097/2097/2097
f 2170/2170/2170 2125/2125/2125 2100/2100/2100
f 2099/2099/2099 2123/2123/2123 2354/2354/2354
f 2353/2353/2353 2342/2342/2342 2098/2098/2098
f 2119/2119/2119 2112/2112/2112 2103/2103/2103
f 2156/2156/2156 2114/2114/2114 2108/2108/2108
f 2105/2105/2105 2109/2109/2109 2164/2164/2164
f 2110/2110/2110 2117/2117/2117 2166/2166/2166
f 2115/2115/2115 2120/2120/2120 2171/2171/2171
f 2171/2171/2171 2163/2163/2163 2115/2115/2115
f 2124/2124/2124 2169/2169/2169 5127/5127/5127
f 6162/6162/6162 2354/2354/2354 2123/2123/2123
f 2123/2123/2123 5126/5126/5126 6162/6162/6162
f 2128/2128/2128 2131/2131/2131 2133/2133/2133
f 2139/2139/2139 2131/2131/2131 2128/2128/2128
f 2126/2126/2126 2132/2132/2132 2160/2160/2160
f 2140/2140/2140 2137/2137/2137 2127/2127/2127
f 2142/2142/2142 2140/2140/2140 2127/2127/2127
f 2162/2162/2162 2142/2142/2142 2127/2127/2127
f 2132/2132/2132 2147/2147/2147 2160/2160/2160
f 2142/2142/2142 2162/2162/2162 2209/2209/2209
f 2249/2249/2249 2160/2160/2160 2147/2147/2147
f 2148/2148/2148 2179/2179/2179 2252/2252/2252
f 2252/2252/2252 2251/2251/2251 2148/2148/2148
f 2178/2178/2178 2175/2175/2175 2159/2159/2159
f 2355/2355/2355 2177/2177/2177 2157/2157/2157
f 2250/2250/2250 2208/2208/2208 2161/2161/2161
f 2169/2169/2169 2176/2176/2176 5250/5250/5250
f 5246/5246/5246 5127/5127/5127 2169/2169/2169
f 5250/5250/5250 5246/5246/5246 2169/2169/2169
f 2174/2174/2174 2177/2177/2177 5249/5249/5249
f 2177/2177/2177 2355/2355/2355 2359/2359/2359
f 2177/2177/2177 2359/2359/2359 5254/5254/5254
f 5254/5254/5254 5249/5249/5249 2177/2177/2177
f 5763/5763/5763 2253/2253/2253 2180/2180/2180
f 2180/2180/2180 5069/5069/5069 5257/5257/5257
f 2180/2180/2180 5257/5257/5257 5763/5763/5763
f 2182/2182/2182 2184/2184/2184 2187/2187/2187
f 2222/2222/2222 2187/2187/2187 2184/2184/2184
f 2186/2186/2186 2190/2190/2190 2223/2223/2223
f 2198/2198/2198 2196/2196/2196 2187/2187/2187
f 2222/2222/2222 2198/2198/2198 2187/2187/2187
f 2190/2190/2190 2203/2203/2203 2223/2223/2223
f 2192/2192/2192 2196/2196/2196 3493/3493/3493
f 3515/3515/3515 2492/2492/2492 2193/2193/2193
f 2194/2194/2194 3495/3495/3495 3517/3517/3517
f 2196/2196/2196 2198/2198/2198 2200/2200/2200
f 2196/2196/2196 2200/2200/2200 3507/3507/3507
f 3507/3507/3507 3493/3493/3493 2196/2196/2196
f 2230/2230/2230 2200/2200/2200 2198/2198/2198
f 2198/2198/2198 2222/2222/2222 2224/2224/2224
f 2198/2198/2198 2224/2224/2224 2230/2230/2230
f 2200/2200/2200 2230/2230/2230 3527/3527/3527
f 3521/3521/3521 3506/3506/3506 2199/2199/2199
f 3534/3534/3534 3521/3521/3521 2199/2199/2199
f 2200/2200/2200 3527/3527/3527 3535/3535/3535
f 2236/2236/2236 2206/2206/2206 2202/2202/2202
f 2201/2201/2201 2208/2208/2208 2240/2240/2240
f 2241/2241/2241 2236/2236/2236 2202/2202/2202
f 2203/2203/2203 2210/2210/2210 2225/2225/2225
f 2225/2225/2225 2223/2223/2223 2203/2203/2203
f 2242/2242/2242 2240/2240/2240 2208/2208/2208
f 2254/2254/2254 2242/2242/2242 2208/2208/2208
f 2208/2208/2208 2250/2250/2250 2254/2254/2254
f 2211/2211/2211 2216/2216/2216 2228/2228/2228
f 2228/2228/2228 2226/2226/2226 2211/2211/2211
f 2213/2213/2213 2218/2218/2218 2227/2227/2227
f 2235/2235/2235 2229/2229/2229 2221/2221/2221
f 3631/3631/3631 2233/2233/2233 2220/2220/2220
f 2219/2219/2219 2238/2238/2238 3626/3626/3626
f 2219/2219/2219 3626/3626/3626 3630/3630/3630
f 2226/2226/2226 2228/2228/2228 2234/2234/2234
f 2232/2232/2232 2230/2230/2230 2224/2224/2224
f 2230/2230/2230 2232/2232/2232 3554/3554/3554
f 3556/3556/3556 3529/3529/3529 2231/2231/2231
f 3628/3628/3628 3554/3554/3554 2232/2232/2232
f 2245/2245/2245 2239/2239/2239 2236/2236/2236
f 2236/2236/2236 2241/2241/2241 2245/2245/2245
f 2237/2237/2237 2239/2239/2239 3625/3625/3625
f 2239/2239/2239 2245/2245/2245 3625/3625/3625
f 2240/2240/2240 2242/2242/2242 2244/2244/2244
f 2247/2247/2247 2245/2245/2245 2243/2243/2243
f 2254/2254/2254 2246/2246/2246 2242/2242/2242
f 2245/2245/2245 2247/2247/2247 2248/2248/2248
f 2245/2245/2245 2248/2248/2248 3632/3632/3632
f 3632/3632/3632 3625/3625/3625 2245/2245/2245
f 2259/2259/2259 2248/2248/2248 2247/2247/2247
f 2246/2246/2246 2254/2254/2254 2258/2258/2258
f 2248/2248/2248 2259/2259/2259 3639/3639/3639
f 3639/3639/3639 3632/3632/3632 2248/2248/2248
f 2251/2251/2251 2252/2252/2252 2255/2255/2255
f 2256/2256/2256 2255/2255/2255 2252/2252/2252
f 5768/5768/5768 2257/2257/2257 2253/2253/2253
f 2253/2253/2253 5763/5763/5763 5768/5768/5768
f 2255/2255/2255 2256/2256/2256 2259/2259/2259
f 2260/2260/2260 2259/2259/2259 2256/2256/2256
f 5775/5775/5775 2261/2261/2261 2257/2257/2257
f 2257/2257/2257 5768/5768/5768 5773/5773/5773
f 2257/2257/2257 5773/5773/5773 5775/5775/5775
f 2259/2259/2259 2260/2260/2260 3641/3641/3641
f 3641/3641/3641 3639/3639/3639 2259/2259/2259
f 7317/7317/7317 3643/3643/3643 2262/2262/2262
f 2263/2263/2263 5777/5777/5777 7316/7316/7316
f 2276/2276/2276 2273/2273/2273 2269/2269/2269
f 2269/2269/2269 2273/2273/2273 2291/2291/2291
f 2288/2288/2288 2286/2286/2286 2269/2269/2269
f 2295/2295/2295 2288/2288/2288 2269/2269/2269
f 2269/2269/2269 2291/2291/2291 2295/2295/2295
f 2318/2318/2318 2307/2307/2307 2297/2297/2297
f 2300/2300/2300 2308/2308/2308 2333/2333/2333
f 2296/2296/2296 2310/2310/2310 2317/2317/2317
f 2307/2307/2307 2318/2318/2318 2340/2340/2340
f 2338/2338/2338 2330/2330/2330 2306/2306/2306
f 2323/2323/2323 2319/2319/2319 2314/2314/2314
f 2320/2320/2320 2322/2322/2322 2341/2341/2341
f 2321/2321/2321 2335/2335/2335 2339/2339/2339
f 2324/2324/2324 2329/2329/2329 2334/2334/2334
f 2337/2337/2337 2334/2334/2334 2329/2329/2329
f 2342/2342/2342 2346/2346/2346 2348/2348/2348
f 2353/2353/2353 2346/2346/2346 2342/2342/2342
f 2344/2344/2344 2350/2350/2350 2357/2357/2357
f 2352/2352/2352 2347/2347/2347 2345/2345/2345
f 2347/2347/2347 2352/2352/2352 6168/6168/6168
f 2360/2360/2360 2358/2358/2358 2351/2351/2351
f 6175/6175/6175 2359/2359/2359 2349/2349/2349
f 2349/2349/2349 6169/6169/6169 6175/6175/6175
f 2352/2352/2352 6161/6161/6161 6168/6168/6168
f 6175/6175/6175 5254/5254/5254 2359/2359/2359
f 2475/2475/2475 2472/2472/2472 2362/2362/2362
f 2490/2490/2490 2475/2475/2475 2362/2362/2362
f 2495/2495/2495 2489/2489/2489 2361/2361/2361
f 2363/2363/2363 2493/2493/2493 2496/2496/2496
f 2383/2383/2383 2373/2373/2373 2368/2368/2368
f 2366/2366/2366 2372/2372/2372 2527/2527/2527
f 2368/2368/2368 2380/2380/2380 2383/2383/2383
f 2522/2522/2522 2377/2377/2377 2365/2365/2365
f 2528/2528/2528 2523/2523/2523 2367/2367/2367
f 2370/2370/2370 2444/2444/2444 2477/2477/2477
f 2531/2531/2531 2443/2443/2443 2369/2369/2369
f 2370/2370/2370 2477/2477/2477 2505/2505/2505
f 2369/2369/2369 2504/2504/2504 2640/2640/2640
f 2640/2640/2640 2531/2531/2531 2369/2369/2369
f 2383/2383/2383 2376/2376/2376 2373/2373/2373
f 2371/2371/2371 2374/2374/2374 2538/2538/2538
f 2539/2539/2539 2527/2527/2527 2372/2372/2372
f 2375/2375/2375 2382/2382/2382 2535/2535/2535
f 2375/2375/2375 2535/2535/2535 2548/2548/2548
f 2546/2546/2546 2538/2538/2538 2374/2374/2374
f 2533/2533/2533 2381/2381/2381 2378/2378/2378
f 2379/2379/2379 2524/2524/2524 2536/2536/2536
f 2404/2404/2404 2389/2389/2389 2386/2386/2386
f 2384/2384/2384 2388/2388/2388 2411/2411/2411
f 2412/2412/2412 2403/2403/2403 2385/2385/2385
f 2387/2387/2387 2402/2402/2402 2410/2410/2410
f 2401/2401/2401 2395/2395/2395 2392/2392/2392
f 2390/2390/2390 2393/2393/2393 2752/2752/2752
f 2762/2762/2762 2400/2400/2400 2391/2391/2391
f 2390/2390/2390 2752/2752/2752 2761/2761/2761
f 2401/2401/2401 2398/2398/2398 2395/2395/2395
f 2394/2394/2394 2396/2396/2396 2764/2764/2764
f 2764/2764/2764 2753/2753/2753 2394/2394/2394
f 2397/2397/2397 2399/2399/2399 2767/2767/2767
f 2767/2767/2767 2765/2765/2765 2397/2397/2397
f 2400/2400/2400 2762/2762/2762 2768/2768/2768
f 2728/2728/2728 2414/2414/2414 2409/2409/2409
f 2405/2405/2405 2413/2413/2413 2811/2811/2811
f 2408/2408/2408 2709/2709/2709 2774/2774/2774
f 2793/2793/2793 2707/2707/2707 2406/2406/2406
f 2771/2771/2771 2726/2726/2726 2407/2407/2407
f 2811/2811/2811 2792/2792/2792 2405/2405/2405
f 2414/2414/2414 2728/2728/2728 2742/2742/2742
f 2413/2413/2413 2741/2741/2741 2748/2748/2748
f 2413/2413/2413 2748/2748/2748 2811/2811/2811
f 2423/2423/2423 2420/2420/2420 2417/2417/2417
f 2483/2483/2483 2422/2422/2422 2416/2416/2416
f 2420/2420/2420 2423/2423/2423 2437/2437/2437
f 2419/2419/2419 2436/2436/2436 2471/2471/2471
f 2471/2471/2471 2467/2467/2467 2419/2419/2419
f 2424/2424/2424 2433/2433/2433 2442/2442/2442
f 2484/2484/2484 2431/2431/2431 2421/2421/2421
f 2441/2441/2441 2437/2437/2437 2423/2423/2423
f 2421/2421/2421 2480/2480/2480 2484/2484/2484
f 2439/2439/2439 2432/2432/2432 2427/2427/2427
f 2425/2425/2425 2431/2431/2431 2478/2478/2478
f 2677/2677/2677 2440/2440/2440 2429/2429/2429
f 2430/2430/2430 2446/2446/2446 2453/2453/2453
f 2477/2477/2477 2444/2444/2444 2428/2428/2428
f 2426/2426/2426 2450/2450/2450 2673/2673/2673
f 2479/2479/2479 2477/2477/2477 2428/2428/2428
f 2486/2486/2486 2478/2478/2478 2431/2431/2431
f 2431/2431/2431 2484/2484/2484 2486/2486/2486
f 2434/2434/2434 2438/2438/2438 2671/2671/2671
f 2668/2668/2668 2470/2470/2470 2435/2435/2435
f 2676/2676/2676 2668/2668/2668 2435/2435/2435
f 2445/2445/2445 2449/2449/2449 2452/2452/2452
f 2531/2531/2531 2447/2447/2447 2443/2443/2443
f 2602/2602/2602 2451/2451/2451 2448/2448/2448
f 2448/2448/2448 2532/2532/2532 2602/2602/2602
f 2451/2451/2451 2602/2602/2602 2675/2675/2675
f 2455/2455/2455 2458/2458/2458 2516/2516/2516
f 2713/2713/2713 2459/2459/2459 2456/2456/2456
f 2454/2454/2454 2515/2515/2515 2715/2715/2715
f 2716/2716/2716 2713/2713/2713 2456/2456/2456
f 2460/2460/2460 2463/2463/2463 2518/2518/2518
f 2710/2710/2710 2461/2461/2461 2457/2457/2457
f 2520/2520/2520 2518/2518/2518 2463/2463/2463
f 2724/2724/2724 2521/2521/2521 2464/2464/2464
f 2462/2462/2462 2712/2712/2712 2721/2721/2721
f 2469/2469/2469 2667/2667/2667 6247/6247/6247
f 2472/2472/2472 2475/2475/2475 2488/2488/2488
f 2488/2488/2488 2485/2485/2485 2472/2472/2472
f 2499/2499/2499 2487/2487/2487 2474/2474/2474
f 2476/2476/2476 2491/2491/2491 2501/2501/2501
f 2477/2477/2477 2479/2479/2479 2500/2500/2500
f 2477/2477/2477 2500/2500/2500 2513/2513/2513
f 2477/2477/2477 2503/2503/2503 2505/2505/2505
f 2513/2513/2513 2503/2503/2503 2477/2477/2477
f 2478/2478/2478 2486/2486/2486 2498/2498/2498
f 2491/2491/2491 2497/2497/2497 2514/2514/2514
f 2514/2514/2514 2501/2501/2501 2491/2491/2491
f 3504/3504/3504 2496/2496/2496 2493/2493/2493
f 3515/3515/3515 3503/3503/3503 2492/2492/2492
f 2497/2497/2497 2510/2510/2510 2514/2514/2514
f 3505/3505/3505 2510/2510/2510 2497/2497/2497
f 2506/2506/2506 2504/2504/2504 2502/2502/2502
f 2513/2513/2513 2507/2507/2507 2503/2503/2503
f 2504/2504/2504 2506/2506/2506 3512/3512/3512
f 3571/3571/3571 2640/2640/2640 2504/2504/2504
f 2504/2504/2504 3512/3512/3512 3571/3571/3571
f 2513/2513/2513 2509/2509/2509 2507/2507/2507
f 2508/2508/2508 2512/2512/2512 3499/3499/3499
f 2506/2506/2506 3497/3497/3497 3512/3512/3512
f 3520/3520/3520 3498/3498/3498 2511/2511/2511
f 2510/2510/2510 3505/3505/3505 3519/3519/3519
f 2517/2517/2517 2519/2519/2519 2717/2717/2717
f 2722/2722/2722 2717/2717/2717 2519/2519/2519
f 2525/2525/2525 2529/2529/2529 2542/2542/2542
f 2552/2552/2552 2537/2537/2537 2526/2526/2526
f 2526/2526/2526 2544/2544/2544 2552/2552/2552
f 2530/2530/2530 2540/2540/2540 2549/2549/2549
f 2549/2549/2549 2543/2543/2543 2530/2530/2530
f 2532/2532/2532 2589/2589/2589 2602/2602/2602
f 2637/2637/2637 2589/2589/2589 2532/2532/2532
f 2643/2643/2643 2637/2637/2637 2532/2532/2532
f 2532/2532/2532 2641/2641/2641 2643/2643/2643
f 2551/2551/2551 2547/2547/2547 2534/2534/2534
f 2541/2541/2541 2545/2545/2545 2550/2550/2550
f 2566/2566/2566 2556/2556/2556 2553/2553/2553
f 2554/2554/2554 2562/2562/2562 2567/2567/2567
f 2561/2561/2561 2569/2569/2569 2578/2578/2578
f 2557/2557/2557 2575/2575/2575 2592/2592/2592
f 2571/2571/2571 2568/2568/2568 2565/2565/2565
f 2574/2574/2574 2570/2570/2570 2564/2564/2564
f 2568/2568/2568 2571/2571/2571 2577/2577/2577
f 2570/2570/2570 2574/2574/2574 2581/2581/2581
f 2584/2584/2584 2577/2577/2577 2571/2571/2571
f 2570/2570/2570 2581/2581/2581 2585/2585/2585
f 2576/2576/2576 2583/2583/2583 2593/2593/2593
f 2595/2595/2595 2586/2586/2586 2582/2582/2582
f 2604/2604/2604 2601/2601/2601 2588/2588/2588
f 2607/2607/2607 2604/2604/2604 2588/2588/2588
f 2829/2829/2829 2608/2608/2608 2591/2591/2591
f 2587/2587/2587 2635/2635/2635 2784/2784/2784
f 2590/2590/2590 2786/2786/2786 2828/2828/2828
f 2596/2596/2596 2609/2609/2609 2615/2615/2615
f 2596/2596/2596 2615/2615/2615 2617/2617/2617
f 2599/2599/2599 2619/2619/2619 2633/2633/2633
f 2603/2603/2603 2605/2605/2605 2666/2666/2666
f 2600/2600/2600 2665/2665/2665 2672/2672/2672
f 2604/2604/2604 2607/2607/2607 6348/6348/6348
f 2824/2824/2824 2666/2666/2666 2605/2605/2605
f 6564/6564/6564 2823/2823/2823 2604/2604/2604
f 2604/2604/2604 6348/6348/6348 6564/6564/6564
f 2843/2843/2843 2646/2646/2646 2606/2606/2606
f 2607/2607/2607 2647/2647/2647 6350/6350/6350
f 2606/2606/2606 2825/2825/2825 2843/2843/2843
f 6350/6350/6350 6348/6348/6348 2607/2607/2607
f 2611/2611/2611 2614/2614/2614 2616/2616/2616
f 2623/2623/2623 2616/2616/2616 2614/2614/2614
f 2630/2630/2630 2622/2622/2622 2613/2613/2613
f 2623/2623/2623 2618/2618/2618 2616/2616/2616
f 2620/2620/2620 2621/2621/2621 2625/2625/2625
f 2620/2620/2620 2625/2625/2625 2634/2634/2634
f 2630/2630/2630 2626/2626/2626 2622/2622/2622
f 2624/2624/2624 2627/2627/2627 2631/2631/2631
f 2638/2638/2638 2644/2644/2644 2657/2657/2657
f 2657/2657/2657 2649/2649/2649 2638/2638/2638
f 2639/2639/2639 2650/2650/2650 2845/2845/2845
f 2830/2830/2830 2784/2784/2784 2635/2635/2635
f 2833/2833/2833 2831/2831/2831 2636/2636/2636
f 2845/2845/2845 2834/2834/2834 2639/2639/2639
f 3578/3578/3578 2643/2643/2643 2641/2641/2641
f 2641/2641/2641 3573/3573/3573 3578/3578/3578
f 3576/3576/3576 2654/2654/2654 2642/2642/2642
f 2645/2645/2645 2651/2651/2651 2658/2658/2658
f 2648/2648/2648 2662/2662/2662 6427/6427/6427
f 6427/6427/6427 6351/6351/6351 2648/2648/2648
f 2851/2851/2851 2660/2660/2660 2653/2653/2653
f 2652/2652/2652 2847/2847/2847 2850/2850/2850
f 3588/3588/3588 2848/2848/2848 2655/2655/2655
f 2656/2656/2656 3577/3577/3577 3589/3589/3589
f 2663/2663/2663 2852/2852/2852 2858/2858/2858
f 2663/2663/2663 2858/2858/2858 3598/3598/3598
f 2659/2659/2659 3596/3596/3596 7286/7286/7286
f 6434/6434/6434 6426/6426/6426 2661/2661/2661
f 7286/7286/7286 6430/6430/6430 2659/2659/2659
f 2678/2678/2678 2669/2669/2669 2664/2664/2664
f 2822/2822/2822 2678/2678/2678 2664/2664/2664
f 2667/2667/2667 2670/2670/2670 6481/6481/6481
f 6478/6478/6478 6247/6247/6247 2667/2667/2667
f 6481/6481/6481 6478/6478/6478 2667/2667/2667
f 2674/2674/2674 2679/2679/2679 6484/6484/6484
f 2679/2679/2679 2823/2823/2823 6564/6564/6564
f 6488/6488/6488 6484/6484/6484 2679/2679/2679
f 6564/6564/6564 6488/6488/6488 2679/2679/2679
f 2695/2695/2695 2684/2684/2684 2681/2681/2681
f 2680/2680/2680 2683/2683/2683 3058/3058/3058
f 2691/2691/2691 2689/2689/2689 2682/2682/2682
f 2682/2682/2682 2689/2689/2689 2704/2704/2704
f 3058/3058/3058 2690/2690/2690 2680/2680/2680
f 2697/2697/2697 2695/2695/2695 2681/2681/2681
f 2704/2704/2704 2698/2698/2698 2682/2682/2682
f 2696/2696/2696 2688/2688/2688 2685/2685/2685
f 2685/2685/2685 2688/2688/2688 3057/3057/3057
f 2683/2683/2683 3056/3056/3056 3058/3058/3058
f 2688/2688/2688 2696/2696/2696 2700/2700/2700
f 2687/2687/2687 2699/2699/2699 3080/3080/3080
f 3063/3063/3063 3057/3057/3057 2688/2688/2688
f 3064/3064/3064 3062/3062/3062 2686/2686/2686
f 3078/3078/3078 3064/3064/3064 2686/2686/2686
f 3081/3081/3081 3078/3078/3078 2686/2686/2686
f 2689/2689/2689 2691/2691/2691 2693/2693/2693
f 2689/2689/2689 2693/2693/2693 6492/6492/6492
f 2705/2705/2705 2704/2704/2704 2689/2689/2689
f 6490/6490/6490 2705/2705/2705 2689/2689/2689
f 6492/6492/6492 6490/6490/6490 2689/2689/2689
f 3059/3059/3059 2692/2692/2692 2690/2690/2690
f 2690/2690/2690 3058/3058/3058 3059/3059/3059
f 3059/3059/3059 3015/3015/3015 2692/2692/2692
f 2694/2694/2694 3016/3016/3016 6863/6863/6863
f 6862/6862/6862 6492/6492/6492 2693/2693/2693
f 2695/2695/2695 2697/2697/2697 2967/2967/2967
f 2968/2968/2968 2700/2700/2700 2696/2696/2696
f 2698/2698/2698 2704/2704/2704 2706/2706/2706
f 2698/2698/2698 2706/2706/2706 2960/2960/2960
f 2697/2697/2697 2959/2959/2959 2966/2966/2966
f 2697/2697/2697 2966/2966/2966 2967/2967/2967
f 2972/2972/2972 2701/2701/2701 2699/2699/2699
f 2699/2699/2699 2701/2701/2701 3080/3080/3080
f 2700/2700/2700 2968/2968/2968 2978/2978/2978
f 2977/2977/2977 2972/2972/2972 2699/2699/2699
f 3086/3086/3086 2975/2975/2975 2703/2703/2703
f 2702/2702/2702 2974/2974/2974 6516/6516/6516
f 2703/2703/2703 3083/3083/3083 3086/3086/3086
f 6513/6513/6513 3082/3082/3082 2702/2702/2702
f 6516/6516/6516 6513/6513/6513 2702/2702/2702
f 2704/2704/2704 2705/2705/2705 2706/2706/2706
f 6499/6499/6499 2706/2706/2706 2705/2705/2705
f 2705/2705/2705 6490/6490/6490 6499/6499/6499
f 2962/2962/2962 2960/2960/2960 2706/2706/2706
f 6480/6480/6480 2962/2962/2962 2706/2706/2706
f 6499/6499/6499 6480/6480/6480 2706/2706/2706
f 2707/2707/2707 2714/2714/2714 2718/2718/2718
f 2798/2798/2798 2714/2714/2714 2707/2707/2707
f 2708/2708/2708 2719/2719/2719 2789/2789/2789
f 2789/2789/2789 2772/2772/2772 2708/2708/2708
f 2707/2707/2707 2793/2793/2793 2798/2798/2798
f 2808/2808/2808 2720/2720/2720 2711/2711/2711
f 2711/2711/2711 2796/2796/2796 2808/2808/2808
f 2717/2717/2717 2722/2722/2722 2787/2787/2787
f 2810/2810/2810 2788/2788/2788 2723/2723/2723
f 2728/2728/2728 2732/2732/2732 2742/2742/2742
f 2758/2758/2758 2731/2731/2731 2727/2727/2727
f 2770/2770/2770 2755/2755/2755 2725/2725/2725
f 2730/2730/2730 2736/2736/2736 2740/2740/2740
f 2754/2754/2754 2734/2734/2734 2729/2729/2729
f 2730/2730/2730 2740/2740/2740 2745/2745/2745
f 2746/2746/2746 2743/2743/2743 2733/2733/2733
f 2781/2781/2781 2739/2739/2739 2735/2735/2735
f 2737/2737/2737 2756/2756/2756 2782/2782/2782
f 2777/2777/2777 2744/2744/2744 2738/2738/2738
f 2780/2780/2780 2777/2777/2777 2738/2738/2738
f 2743/2743/2743 2746/2746/2746 2750/2750/2750
f 2777/2777/2777 2747/2747/2747 2744/2744/2744
f 2777/2777/2777 2769/2769/2769 2747/2747/2747
f 2749/2749/2749 2776/2776/2776 2816/2816/2816
f 2759/2759/2759 2775/2775/2775 2779/2779/2779
f 2757/2757/2757 2778/2778/2778 2783/2783/2783
f 2773/2773/2773 2791/2791/2791 2813/2813/2813
f 2835/2835/2835 2817/2817/2817 2784/2784/2784
f 2784/2784/2784 2817/2817/2817 2874/2874/2874
f 2785/2785/2785 2820/2820/2820 2826/2826/2826
f 2873/2873/2873 2820/2820/2820 2785/2785/2785
f 2784/2784/2784 2830/2830/2830 2835/2835/2835
f 2874/2874/2874 2872/2872/2872 2784/2784/2784
f 2810/2810/2810 2804/2804/2804 2788/2788/2788
f 2790/2790/2790 2805/2805/2805 2814/2814/2814
f 2800/2800/2800 2799/2799/2799 2794/2794/2794
f 2815/2815/2815 2802/2802/2802 2795/2795/2795
f 2799/2799/2799 2800/2800/2800 2806/2806/2806
f 2797/2797/2797 2803/2803/2803 2809/2809/2809
f 2812/2812/2812 2807/2807/2807 2801/2801/2801
f 2818/2818/2818 2836/2836/2836 2866/2866/2866
f 2819/2819/2819 2868/2868/2868 2880/2880/2880
f 2880/2880/2880 2875/2875/2875 2819/2819/2819
f 2883/2883/2883 2827/2827/2827 2821/2821/2821
f 2820/2820/2820 2873/2873/2873 2882/2882/2882
f 2881/2881/2881 2843/2843/2843 2825/2825/2825
f 2831/2831/2831 2833/2833/2833 2842/2842/2842
f 2838/2838/2838 2835/2835/2835 2830/2830/2830
f 2841/2841/2841 2838/2838/2838 2830/2830/2830
f 2871/2871/2871 2842/2842/2842 2833/2833/2833
f 2832/2832/2832 2844/2844/2844 2905/2905/2905
f 2905/2905/2905 2870/2870/2870 2832/2832/2832
f 2837/2837/2837 2840/2840/2840 2898/2898/2898
f 2898/2898/2898 2869/2869/2869 2837/2837/2837
f 2838/2838/2838 2841/2841/2841 2894/2894/2894
f 2894/2894/2894 2889/2889/2889 2838/2838/2838
f 2839/2839/2839 2890/2890/2890 2897/2897/2897
f 2842/2842/2842 2871/2871/2871 2909/2909/2909
f 2909/2909/2909 2895/2895/2895 2842/2842/2842
f 2843/2843/2843 2881/2881/2881 2901/2901/2901
f 2843/2843/2843 2901/2901/2901 2904/2904/2904
f 2853/2853/2853 2849/2849/2849 2846/2846/2846
f 3588/3588/3588 2855/2855/2855 2848/2848/2848
f 2849/2849/2849 2853/2853/2853 2856/2856/2856
f 2861/2861/2861 2857/2857/2857 2854/2854/2854
f 3667/3667/3667 2862/2862/2862 2855/2855/2855
f 2855/2855/2855 3588/3588/3588 3667/3667/3667
f 2860/2860/2860 2865/2865/2865 3699/3699/3699
f 3677/3677/3677 3598/3598/3598 2858/2858/2858
f 3697/3697/3697 3678/3678/3678 2859/2859/2859
f 2863/2863/2863 3668/3668/3668 3682/3682/3682
f 2864/2864/2864 3684/3684/3684 3698/3698/3698
f 2884/2884/2884 2879/2879/2879 2867/2867/2867
f 2896/2896/2896 2884/2884/2884 2867/2867/2867
f 2870/2870/2870 2905/2905/2905 2908/2908/2908
f 2872/2872/2872 2874/2874/2874 2877/2877/2877
f 2872/2872/2872 2877/2877/2877 3042/3042/3042
f 3045/3045/3045 2882/2882/2882 2873/2873/2873
f 2887/2887/2887 2878/2878/2878 2876/2876/2876
f 2875/2875/2875 2880/2880/2880 2885/2885/2885
f 2875/2875/2875 2885/2885/2885 2888/2888/2888
f 2878/2878/2878 2887/2887/2887 2927/2927/2927
f 2927/2927/2927 2893/2893/2893 2878/2878/2878
f 2877/2877/2877 2891/2891/2891 3150/3150/3150
f 3150/3150/3150 3042/3042/3042 2877/2877/2877
f 2936/2936/2936 2901/2901/2901 2881/2881/2881
f 3151/3151/3151 2936/2936/2936 2881/2881/2881
f 3045/3045/3045 3033/3033/3033 2882/2882/2882
f 2881/2881/2881 3031/3031/3031 3151/3151/3151
f 2925/2925/2925 2886/2886/2886 2884/2884/2884
f 2884/2884/2884 2896/2896/2896 2899/2899/2899
f 2884/2884/2884 2899/2899/2899 2925/2925/2925
f 2894/2894/2894 2891/2891/2891 2889/2889/2889
f 2890/2890/2890 2892/2892/2892 2900/2900/2900
f 2900/2900/2900 2897/2897/2897 2890/2890/2890
f 2891/2891/2891 2894/2894/2894 3938/3938/3938
f 2926/2926/2926 2900/2900/2900 2892/2892/2892
f 3938/3938/3938 3150/3150/3150 2891/2891/2891
f 2895/2895/2895 2909/2909/2909 3940/3940/3940
f 2914/2914/2914 2907/2907/2907 2903/2903/2903
f 2938/2938/2938 2912/2912/2912 2902/2902/2902
f 2930/2930/2930 2910/2910/2910 2906/2906/2906
f 2907/2907/2907 2914/2914/2914 2919/2919/2919
f 2906/2906/2906 2917/2917/2917 2930/2930/2930
f 2910/2910/2910 2930/2930/2930 3941/3941/3941
f 2993/2993/2993 2919/2919/2919 2914/2914/2914
f 2911/2911/2911 2937/2937/2937 2946/2946/2946
f 2913/2913/2913 2948/2948/2948 2991/2991/2991
f 2918/2918/2918 2922/2922/2922 2986/2986/2986
f 2989/2989/2989 2921/2921/2921 2915/2915/2915
f 2916/2916/2916 2923/2923/2923 2929/2929/2929
f 2994/2994/2994 2923/2923/2923 2916/2916/2916
f 2916/2916/2916 2985/2985/2985 2994/2994/2994
f 2988/2988/2988 2984/2984/2984 2920/2920/2920
f 2940/2940/2940 2929/2929/2929 2923/2923/2923
f 3851/3851/3851 2942/2942/2942 2924/2924/2924
f 2923/2923/2923 2994/2994/2994 3855/3855/3855
f 3855/3855/3855 3850/3850/3850 2923/2923/2923
f 2949/2949/2949 2939/2939/2939 2935/2935/2935
f 2928/2928/2928 2936/2936/2936 3936/3936/3936
f 2931/2931/2931 2941/2941/2941 2957/2957/2957
f 2951/2951/2951 2947/2947/2947 2932/2932/2932
f 2958/2958/2958 2952/2952/2952 2934/2934/2934
f 2933/2933/2933 3937/3937/3937 3943/3943/3943
f 2936/2936/2936 3151/3151/3151 3936/3936/3936
f 3950/3950/3950 2957/2957/2957 2941/2941/2941
f 2942/2942/2942 3851/3851/3851 3953/3953/3953
f 3952/3952/3952 3950/3950/3950 2941/2941/2941
f 2945/2945/2945 2950/2950/2950 2953/2953/2953
f 2991/2991/2991 2948/2948/2948 2944/2944/2944
f 2943/2943/2943 2952/2952/2952 3008/3008/3008
f 3008/3008/3008 2990/2990/2990 2943/2943/2943
f 2952/2952/2952 2958/2958/2958 3008/3008/3008
f 2955/2955/2955 2996/2996/2996 3007/3007/3007
f 3858/3858/3858 2997/2997/2997 2956/2956/2956
f 3948/3948/3948 3854/3854/3854 2954/2954/2954
f 2959/2959/2959 2961/2961/2961 2963/2963/2963
f 2959/2959/2959 2963/2963/2963 2971/2971/2971
f 2971/2971/2971 2966/2966/2966 2959/2959/2959
f 6507/6507/6507 2964/2964/2964 2962/2962/2962
f 2962/2962/2962 6480/6480/6480 6507/6507/6507
f 3010/3010/3010 2971/2971/2971 2963/2963/2963
f 6521/6521/6521 3010/3010/3010 2963/2963/2963
f 2965/2965/2965 6508/6508/6508 6522/6522/6522
f 2969/2969/2969 2967/2967/2967 2966/2966/2966
f 2971/2971/2971 2969/2969/2969 2966/2966/2966
f 2968/2968/2968 2970/2970/2970 3000/3000/3000
f 3000/3000/3000 2978/2978/2978 2968/2968/2968
f 2969/2969/2969 2971/2971/2971 3010/3010/3010
f 2969/2969/2969 2983/2983/2983 2999/2999/2999
f 3010/3010/3010 2983/2983/2983 2969/2969/2969
f 2975/2975/2975 2976/2976/2976 2982/2982/2982
f 3086/3086/3086 2976/2976/2976 2975/2975/2975
f 2972/2972/2972 2977/2977/2977 2980/2980/2980
f 2973/2973/2973 2981/2981/2981 6515/6515/6515
f 2976/2976/2976 2979/2979/2979 2982/2982/2982
f 3086/3086/3086 2979/2979/2979 2976/2976/2976
f 3262/3262/3262 2980/2980/2980 2977/2977/2977
f 2978/2978/2978 3000/3000/3000 3002/3002/3002
f 2977/2977/2977 3001/3001/3001 3262/3262/3262
f 3264/3264/3264 2982/2982/2982 2979/2979/2979
f 2979/2979/2979 3258/3258/3258 3260/3260/3260
f 3266/3266/3266 3264/3264/3264 2979/2979/2979
f 2981/2981/2981 3263/3263/3263 6519/6519/6519
f 6519/6519/6519 6515/6515/6515 2981/2981/2981
f 3003/3003/3003 2999/2999/2999 2983/2983/2983
f 3011/3011/3011 3003/3003/3003 2983/2983/2983
f 2983/2983/2983 3010/3010/3010 3011/3011/3011
f 2987/2987/2987 2992/2992/2992 3005/3005/3005
f 3005/3005/3005 2998/2998/2998 2987/2987/2987
f 3009/3009/3009 3005/3005/3005 2992/2992/2992
f 2995/2995/2995 3004/3004/3004 3006/3006/3006
f 3269/3269/3269 3002/3002/3002 3000/3000/3000
f 2999/2999/2999 3003/3003/3003 3272/3272/3272
f 3274/3274/3274 3269/3269/3269 3000/3000/3000
f 3275/3275/3275 3262/3262/3262 3001/3001/3001
f 3001/3001/3001 3268/3268/3268 3275/3275/3275
f 3003/3003/3003 3011/3011/3011 3852/3852/3852
f 3852/3852/3852 3272/3272/3272 3003/3003/3003
f 6523/6523/6523 3011/3011/3011 3010/3010/3010
f 3010/3010/3010 6521/6521/6521 6523/6523/6523
f 3012/3012/3012 3013/3013/3013 3860/3860/3860
f 6525/6525/6525 3013/3013/3013 3012/3012/3012
f 3860/3860/3860 3853/3853/3853 3012/3012/3012
f 7459/7459/7459 3860/3860/3860 3013/3013/3013
f 3013/3013/3013 6525/6525/6525 6527/6527/6527
f 3013/3013/3013 6527/6527/6527 7459/7459/7459
f 3020/3020/3020 3017/3017/3017 3014/3014/3014
f 3014/3014/3014 3017/3017/3017 3059/3059/3059
f 3014/3014/3014 3018/3018/3018 3020/3020/3020
f 3060/3060/3060 3018/3018/3018 3014/3014/3014
f 3059/3059/3059 3056/3056/3056 3014/3014/3014
f 3014/3014/3014 3056/3056/3056 3060/3060/3060
f 3015/3015/3015 3017/3017/3017 3022/3022/3022
f 3059/3059/3059 3017/3017/3017 3015/3015/3015
f 3015/3015/3015 3022/3022/3022 6864/6864/6864
f 6865/6865/6865 6863/6863/6863 3016/3016/3016
f 3017/3017/3017 3020/3020/3020 3022/3022/3022
f 3024/3024/3024 3020/3020/3020 3018/3018/3018
f 3029/3029/3029 3025/3025/3025 3019/3019/3019
f 3341/3341/3341 3029/3029/3029 3019/3019/3019
f 3018/3018/3018 3060/3060/3060 3094/3094/3094
f 3018/3018/3018 3094/3094/3094 3337/3337/3337
f 3018/3018/3018 3337/3337/3337 3340/3340/3340
f 3026/3026/3026 3022/3022/3022 3020/3020/3020
f 3021/3021/3021 3025/3025/3025 3027/3027/3027
f 3023/3023/3023 3028/3028/3028 6868/6868/6868
f 6868/6868/6868 6865/6865/6865 3023/3023/3023
f 3030/3030/3030 3027/3027/3027 3025/3025/3025
f 3025/3025/3025 3029/3029/3029 3030/3030/3030
f 3027/3027/3027 3030/3030/3030 6869/6869/6869
f 6869/6869/6869 6867/6867/6867 3027/3027/3027
f 3351/3351/3351 3030/3030/3030 3029/3029/3029
f 3029/3029/3029 3341/3341/3341 3346/3346/3346
f 3029/3029/3029 3346/3346/3346 3351/3351/3351
f 3030/3030/3030 3351/3351/3351 6875/6875/6875
f 6875/6875/6875 6869/6869/6869 3030/3030/3030
f 3032/3032/3032 3044/3044/3044 3055/3055/3055
f 3031/3031/3031 3053/3053/3053 3252/3252/3252
f 3252/3252/3252 3151/3151/3151 3031/3031/3031
f 3052/3052/3052 3047/3047/3047 3038/3038/3038
f 3209/3209/3209 3052/3052/3052 3038/3038/3038
f 3039/3039/3039 3141/3141/3141 3155/3155/3155
f 3035/3035/3035 3153/3153/3153 3165/3165/3165
f 3034/3034/3034 3164/3164/3164 3207/3207/3207
f 3044/3044/3044 3051/3051/3051 3055/3055/3055
f 3042/3042/3042 3150/3150/3150 3221/3221/3221
f 3043/3043/3043 3222/3222/3222 3251/3251/3251
f 3049/3049/3049 3113/3113/3113 3228/3228/3228
f 3237/3237/3237 3113/3113/3113 3049/3049/3049
f 3048/3048/3048 3227/3227/3227 3230/3230/3230
f 3048/3048/3048 3230/3230/3230 3239/3239/3239
f 3239/3239/3239 3236/3236/3236 3048/3048/3048
f 3211/3211/3211 3054/3054/3054 3050/3050/3050
f 3208/3208/3208 3204/3204/3204 3050/3050/3050
f 3050/3050/3050 3204/3204/3204 3211/3211/3211
f 3054/3054/3054 3211/3211/3211 3254/3254/3254
f 3059/3059/3059 3058/3058/3058 3056/3056/3056
f 3063/3063/3063 3061/3061/3061 3057/3057/3057
f 3061/3061/3061 3063/3063/3063 3093/3093/3093
f 3061/3061/3061 3093/3093/3093 3336/3336/3336
f 3336/3336/3336 3095/3095/3095 3061/3061/3061
f 3062/3062/3062 3064/3064/3064 3071/3071/3071
f 3062/3062/3062 3071/3071/3071 3092/3092/3092
f 3073/3073/3073 3068/3068/3068 3066/3066/3066
f 6881/6881/6881 3072/3072/3072 3065/3065/3065
f 3065/3065/3065 3079/3079/3079 6883/6883/6883
f 6883/6883/6883 6881/6881/6881 3065/3065/3065
f 3068/3068/3068 3073/3073/3073 3076/3076/3076
f 3097/3097/3097 3092/3092/3092 3071/3071/3071
f 6894/6894/6894 3098/3098/3098 3074/3074/3074
f 3070/3070/3070 6880/6880/6880 6893/6893/6893
f 3079/3079/3079 3082/3082/3082 6888/6888/6888
f 6888/6888/6888 6883/6883/6883 3079/3079/3079
f 3087/3087/3087 3086/3086/3086 3083/3083/3083
f 3082/3082/3082 6513/6513/6513 6888/6888/6888
f 3084/3084/3084 3086/3086/3086 3087/3087/3087
f 3258/3258/3258 3086/3086/3086 3084/3084/3084
f 3084/3084/3084 3090/3090/3090 3258/3258/3258
f 3294/3294/3294 3091/3091/3091 3085/3085/3085
f 3085/3085/3085 3259/3259/3259 3294/3294/3294
f 3282/3282/3282 3090/3090/3090 3088/3088/3088
f 3089/3089/3089 3091/3091/3091 3294/3294/3294
f 3116/3116/3116 3111/3111/3111 3089/3089/3089
f 3088/3088/3088 3110/3110/3110 3282/3282/3282
f 3294/3294/3294 3116/3116/3116 3089/3089/3089
f 3260/3260/3260 3258/3258/3258 3090/3090/3090
f 3278/3278/3278 3260/3260/3260 3090/3090/3090
f 3282/3282/3282 3278/3278/3278 3090/3090/3090
f 3092/3092/3092 3097/3097/3097 3335/3335/3335
f 3095/3095/3095 3336/3336/3336 3339/3339/3339
f 3107/3107/3107 3103/3103/3103 3099/3099/3099
f 3097/3097/3097 3105/3105/3105 3335/3335/3335
f 6898/6898/6898 3106/3106/3106 3098/3098/3098
f 3098/3098/3098 6894/6894/6894 6898/6898/6898
f 3103/3103/3103 3107/3107/3107 3109/3109/3109
f 3100/3100/3100 3121/3121/3121 3124/3124/3124
f 3128/3128/3128 3122/3122/3122 3102/3102/3102
f 3101/3101/3101 3125/3125/3125 3127/3127/3127
f 3344/3344/3344 3335/3335/3335 3105/3105/3105
f 7106/7106/7106 3345/3345/3345 3106/3106/3106
f 3106/3106/3106 6898/6898/6898 7106/7106/7106
f 3111/3111/3111 3116/3116/3116 3129/3129/3129
f 3110/3110/3110 3127/3127/3127 3314/3314/3314
f 3314/3314/3314 3282/3282/3282 3110/3110/3110
f 3124/3124/3124 3121/3121/3121 3114/3114/3114
f 3115/3115/3115 3122/3122/3122 3128/3128/3128
f 3309/3309/3309 3124/3124/3124 3114/3114/3114
f 3292/3292/3292 3228/3228/3228 3113/3113/3113
f 3112/3112/3112 3235/3235/3235 3307/3307/3307
f 3117/3117/3117 3124/3124/3124 3309/3309/3309
f 3314/3314/3314 3127/3127/3127 3119/3119/3119
f 3118/3118/3118 3310/3310/3310 3319/3319/3319
f 3321/3321/3321 3314/3314/3314 3119/3119/3119
f 3352/3352/3352 3321/3321/3321 3119/3119/3119
f 3120/3120/3120 3322/3322/3322 3417/3417/3417
f 3417/3417/3417 3353/3353/3353 3120/3120/3120
f 3135/3135/3135 3133/3133/3133 3130/3130/3130
f 3130/3130/3130 3133/3133/3133 3154/3154/3154
f 3142/3142/3142 3139/3139/3139 3132/3132/3132
f 3155/3155/3155 3141/3141/3141 3131/3131/3131
f 3134/3134/3134 3136/3136/3136 3148/3148/3148
f 3134/3134/3134 3148/3148/3148 3163/3163/3163
f 3156/3156/3156 3154/3154/3154 3133/3133/3133
f 3163/3163/3163 3157/3157/3157 3134/3134/3134
f 3143/3143/3143 3171/3171/3171 3175/3175/3175
f 3184/3184/3184 3171/3171/3171 3143/3143/3143
f 3188/3188/3188 3185/3185/3185 3145/3145/3145
f 3194/3194/3194 3188/3188/3188 3145/3145/3145
f 3178/3178/3178 3162/3162/3162 3147/3147/3147
f 3147/3147/3147 3174/3174/3174 3178/3178/3178
f 3391/3391/3391 3221/3221/3221 3150/3150/3150
f 3938/3938/3938 3391/3391/3391 3150/3150/3150
f 3255/3255/3255 3245/3245/3245 3152/3152/3152
f 3151/3151/3151 3244/3244/3244 3936/3936/3936
f 3154/3154/3154 3156/3156/3156 3159/3159/3159
f 3153/3153/3153 3158/3158/3158 3165/3165/3165
f 3163/3163/3163 3160/3160/3160 3157/3157/3157
f 3160/3160/3160 3163/3163/3163 3168/3168/3168
f 3206/3206/3206 3166/3166/3166 3161/3161/3161
f 3160/3160/3160 3168/3168/3168 3213/3213/3213
f 3213/3213/3213 3205/3205/3205 3160/3160/3160
f 3218/3218/3218 3167/3167/3167 3162/3162/3162
f 3162/3162/3162 3178/3178/3178 3218/3218/3218
f 3166/3166/3166 3206/3206/3206 3210/3210/3210
f 3218/3218/3218 3212/3212/3212 3167/3167/3167
f 3179/3179/3179 3175/3175/3175 3171/3171/3171
f 3180/3180/3180 3177/3177/3177 3169/3169/3169
f 3200/3200/3200 3181/3181/3181 3170/3170/3170
f 3172/3172/3172 3186/3186/3186 3189/3189/3189
f 3172/3172/3172 3189/3189/3189 3191/3191/3191
f 3172/3172/3172 3191/3191/3191 3202/3202/3202
f 3178/3178/3178 3182/3182/3182 3218/3218/3218
f 3183/3183/3183 3201/3201/3201 3216/3216/3216
f 3183/3183/3183 3216/3216/3216 3219/3219/3219
f 3196/3196/3196 3190/3190/3190 3187/3187/3187
f 3187/3187/3187 3192/3192/3192 3196/3196/3196
f 3190/3190/3190 3196/3196/3196 3199/3199/3199
f 3203/3203/3203 3199/3199/3199 3196/3196/3196
f 3224/3224/3224 3203/3203/3203 3196/3196/3196
f 3247/3247/3247 3224/3224/3224 3196/3196/3196
f 3199/3199/3199 3203/3203/3203 3224/3224/3224
f 3224/3224/3224 3214/3214/3214 3199/3199/3199
f 3211/3211/3211 3217/3217/3217 3254/3254/3254
f 3254/3254/3254 3217/3217/3217 3215/3215/3215
f 3215/3215/3215 3225/3225/3225 3254/3254/3254
f 3220/3220/3220 3243/3243/3243 3250/3250/3250
f 3397/3397/3397 3246/3246/3246 3223/3223/3223
f 3223/3223/3223 3392/3392/3392 3397/3397/3397
f 3225/3225/3225 3248/3248/3248 3254/3254/3254
f 3291/3291/3291 3229/3229/3229 3226/3226/3226
f 3230/3230/3230 3233/3233/3233 3239/3239/3239
f 3302/3302/3302 3234/3234/3234 3231/3231/3231
f 3232/3232/3232 3296/3296/3296 3304/3304/3304
f 3302/3302/3302 3241/3241/3241 3234/3234/3234
f 3238/3238/3238 3242/3242/3242 3312/3312/3312
f 3240/3240/3240 3301/3301/3301 3308/3308/3308
f 3244/3244/3244 3395/3395/3395 3936/3936/3936
f 3259/3259/3259 3261/3261/3261 3294/3294/3294
f 3278/3278/3278 3266/3266/3266 3260/3260/3260
f 3261/3261/3261 3279/3279/3279 3294/3294/3294
f 3264/3264/3264 3266/3266/3266 3276/3276/3276
f 3265/3265/3265 3277/3277/3277 6928/6928/6928
f 6928/6928/6928 6520/6520/6520 3265/3265/3265
f 3266/3266/3266 3267/3267/3267 3276/3276/3276
f 3278/3278/3278 3267/3267/3267 3266/3266/3266
f 3285/3285/3285 3267/3267/3267 3266/3266/3266
f 3288/3288/3288 3276/3276/3276 3267/3267/3267
f 3267/3267/3267 3285/3285/3285 3288/3288/3288
f 3269/3269/3269 3274/3274/3274 3955/3955/3955
f 3286/3286/3286 3275/3275/3275 3268/3268/3268
f 3959/3959/3959 3290/3290/3290 3270/3270/3270
f 3269/3269/3269 3955/3955/3955 3958/3958/3958
f 3272/3272/3272 3852/3852/3852 3944/3944/3944
f 3273/3273/3273 3945/3945/3945 3961/3961/3961
f 3960/3960/3960 3954/3954/3954 3271/3271/3271
f 3277/3277/3277 3289/3289/3289 6928/6928/6928
f 3279/3279/3279 3283/3283/3283 3294/3294/3294
f 3298/3298/3298 3295/3295/3295 3284/3284/3284
f 3300/3300/3300 3297/3297/3297 3281/3281/3281
f 3305/3305/3305 3299/3299/3299 3280/3280/3280
f 3313/3313/3313 3306/3306/3306 3281/3281/3281
f 3315/3315/3315 3288/3288/3288 3285/3285/3285
f 3288/3288/3288 3315/3315/3315 3317/3317/3317
f 3957/3957/3957 3316/3316/3316 3287/3287/3287
f 3289/3289/3289 3318/3318/3318 6950/6950/6950
f 6950/6950/6950 6928/6928/6928 3289/3289/3289
f 3293/3293/3293 3297/3297/3297 3303/3303/3303
f 3297/3297/3297 3300/3300/3300 3306/3306/3306
f 3306/3306/3306 3303/3303/3303 3297/3297/3297
f 3303/3303/3303 3306/3306/3306 3313/3313/3313
f 3320/3320/3320 3311/3311/3311 3303/3303/3303
f 3303/3303/3303 3313/3313/3313 3320/3320/3320
f 3333/3333/3333 3317/3317/3317 3315/3315/3315
f 3333/3333/3333 3326/3326/3326 3317/3317/3317
f 3985/3985/3985 3324/3324/3324 3316/3316/3316
f 3318/3318/3318 3327/3327/3327 7673/7673/7673
f 3316/3316/3316 3957/3957/3957 3985/3985/3985
f 7673/7673/7673 6950/6950/6950 3318/3318/3318
f 3321/3321/3321 3352/3352/3352 3416/3416/3416
f 3333/3333/3333 3331/3331/3331 3326/3326/3326
f 3419/3419/3419 3330/3330/3330 3325/3325/3325
f 3323/3323/3323 3329/3329/3329 6951/6951/6951
f 3985/3985/3985 3418/3418/3418 3324/3324/3324
f 3328/3328/3328 6953/6953/6953 7674/7674/7674
f 3331/3331/3331 3333/3333/3333 3411/3411/3411
f 3331/3331/3331 3411/3411/3411 3414/3414/3414
f 3421/3421/3421 3415/3415/3415 3332/3332/3332
f 3329/3329/3329 3412/3412/3412 7132/7132/7132
f 3330/3330/3330 3419/3419/3419 3420/3420/3420
f 7132/7132/7132 6951/6951/6951 3329/3329/3329
f 3349/3349/3349 3339/3339/3339 3336/3336/3336
f 3334/3334/3334 3343/3343/3343 3348/3348/3348
f 3347/3347/3347 3342/3342/3342 3338/3338/3338
f 3372/3372/3372 3347/3347/3347 3338/3338/3338
f 3339/3339/3339 3349/3349/3349 3370/3370/3370
f 3338/3338/3338 3369/3369/3369 3372/3372/3372
f 3359/3359/3359 3348/3348/3348 3343/3343/3343
f 7109/7109/7109 3360/3360/3360 3345/3345/3345
f 3345/3345/3345 7106/7106/7106 7109/7109/7109
f 3346/3346/3346 3350/3350/3350 3351/3351/3351
f 3371/3371/3371 3350/3350/3350 3346/3346/3346
f 3348/3348/3348 3359/3359/3359 3382/3382/3382
f 3383/3383/3383 3370/3370/3370 3349/3349/3349
f 3373/3373/3373 3351/3351/3351 3350/3350/3350
f 3350/3350/3350 3371/3371/3371 3374/3374/3374
f 3374/3374/3374 3373/3373/3373 3350/3350/3350
f 3351/3351/3351 3373/3373/3373 7093/7093/7093
f 7090/7090/7090 6875/6875/6875 3351/3351/3351
f 7093/7093/7093 7090/7090/7090 3351/3351/3351
f 3352/3352/3352 3354/3354/3354 3399/3399/3399
f 3417/3417/3417 3355/3355/3355 3353/3353/3353
f 3352/3352/3352 3399/3399/3399 3402/3402/3402
f 3352/3352/3352 3402/3402/3402 3416/3416/3416
f 3354/3354/3354 3356/3356/3356 3362/3362/3362
f 3354/3354/3354 3362/3362/3362 3399/3399/3399
f 3417/3417/3417 3400/3400/3400 3355/3355/3355
f 3357/3357/3357 3361/3361/3361 3367/3367/3367
f 3368/3368/3368 3364/3364/3364 3358/3358/3358
f 3359/3359/3359 3366/3366/3366 3382/3382/3382
f 7113/7113/7113 3366/3366/3366 3359/3359/3359
f 3359/3359/3359 7108/7108/7108 7113/7113/7113
f 3404/3404/3404 3401/3401/3401 3363/3363/3363
f 3407/3407/3407 3402/3402/3402 3362/3362/3362
f 3422/3422/3422 3382/3382/3382 3366/3366/3366
f 3366/3366/3366 3406/3406/3406 3422/3422/3422
f 7111/7111/7111 3405/3405/3405 3365/3365/3365
f 3381/3381/3381 3372/3372/3372 3369/3369/3369
f 3369/3369/3369 3379/3379/3379 3381/3381/3381
f 3383/3383/3383 3380/3380/3380 3370/3370/3370
f 3381/3381/3381 3375/3375/3375 3372/3372/3372
f 3373/3373/3373 3374/3374/3374 3376/3376/3376
f 3373/3373/3373 3376/3376/3376 7115/7115/7115
f 7115/7115/7115 7093/7093/7093 3373/3373/3373
f 3387/3387/3387 3377/3377/3377 3375/3375/3375
f 3375/3375/3375 3381/3381/3381 3387/3387/3387
f 3378/3378/3378 3388/3388/3388 7120/7120/7120
f 7120/7120/7120 7116/7116/7116 3378/3378/3378
f 3385/3385/3385 3381/3381/3381 3379/3379/3379
f 3380/3380/3380 3383/3383/3383 3386/3386/3386
f 3385/3385/3385 3384/3384/3384 3381/3381/3381
f 3381/3381/3381 3384/3384/3384 3387/3387/3387
f 3423/3423/3423 3386/3386/3386 3383/3383/3383
f 3384/3384/3384 3385/3385/3385 3429/3429/3429
f 3389/3389/3389 3387/3387/3387 3384/3384/3384
f 3429/3429/3429 3389/3389/3389 3384/3384/3384
f 3386/3386/3386 3423/3423/3423 3428/3428/3428
f 3385/3385/3385 3427/3427/3427 3429/3429/3429
f 3388/3388/3388 3390/3390/3390 7121/7121/7121
f 7121/7121/7121 7120/7120/7120 3388/3388/3388
f 3389/3389/3389 3429/3429/3429 3436/3436/3436
f 3389/3389/3389 3436/3436/3436 3438/3438/3438
f 3390/3390/3390 3440/3440/3440 7121/7121/7121
f 3451/3451/3451 3397/3397/3397 3392/3392/3392
f 3477/3477/3477 3451/3451/3451 3392/3392/3392
f 4064/4064/4064 3478/3478/3478 3393/3393/3393
f 3391/3391/3391 3938/3938/3938 4029/4029/4029
f 3394/3394/3394 4031/4031/4031 4067/4067/4067
f 3396/3396/3396 3450/3450/3450 3457/3457/3457
f 3398/3398/3398 3459/3459/3459 4037/4037/4037
f 4034/4034/4034 3936/3936/3936 3395/3395/3395
f 3417/3417/3417 3403/3403/3403 3400/3400/3400
f 3402/3402/3402 3407/3407/3407 3411/3411/3411
f 3406/3406/3406 3409/3409/3409 3424/3424/3424
f 7128/7128/7128 3408/3408/3408 3405/3405/3405
f 3424/3424/3424 3422/3422/3422 3406/3406/3406
f 3405/3405/3405 7111/7111/7111 7128/7128/7128
f 3407/3407/3407 3410/3410/3410 3411/3411/3411
f 3414/3414/3414 3411/3411/3411 3410/3410/3410
f 3409/3409/3409 3413/3413/3413 3424/3424/3424
f 7130/7130/7130 3412/3412/3412 3408/3408/3408
f 3408/3408/3408 7128/7128/7128 7130/7130/7130
f 3415/3415/3415 3421/3421/3421 3426/3426/3426
f 3412/3412/3412 7130/7130/7130 7132/7132/7132
f 4038/4038/4038 3420/3420/3420 3419/3419/3419
f 3419/3419/3419 3986/3986/3986 3987/3987/3987
f 3419/3419/3419 3987/3987/3987 4038/4038/4038
f 3428/3428/3428 3425/3425/3425 3420/3420/3420
f 3448/3448/3448 3428/3428/3428 3420/3420/3420
f 4038/4038/4038 3448/3448/3448 3420/3420/3420
f 3423/3423/3423 3425/3425/3425 3428/3428/3428
f 3430/3430/3430 3429/3429/3429 3427/3427/3427
f 3454/3454/3454 3430/3430/3430 3427/3427/3427
f 3427/3427/3427 3447/3447/3447 3454/3454/3454
f 3429/3429/3429 3430/3430/3430 3436/3436/3436
f 3445/3445/3445 3437/3437/3437 3431/3431/3431
f 3490/3490/3490 3445/3445/3445 3431/3431/3431
f 3431/3431/3431 3453/3453/3453 3488/3488/3488
f 3431/3431/3431 3488/3488/3488 3490/3490/3490
f 3464/3464/3464 3442/3442/3442 3433/3433/3433
f 3432/3432/3432 3441/3441/3441 7141/7141/7141
f 3435/3435/3435 3463/3463/3463 3467/3467/3467
f 3470/3470/3470 3462/3462/3462 3434/3434/3434
f 7142/7142/7142 3470/3470/3470 3434/3434/3434
f 3445/3445/3445 3439/3439/3439 3437/3437/3437
f 3440/3440/3440 3446/3446/3446 7121/7121/7121
f 3443/3443/3443 3466/3466/3466 7138/7138/7138
f 3444/3444/3444 7140/7140/7140 7144/7144/7144
f 3445/3445/3445 3490/3490/3490 7153/7153/7153
f 7137/7137/7137 7121/7121/7121 3446/3446/3446
f 7150/7150/7150 7137/7137/7137 3446/3446/3446
f 7153/7153/7153 7149/7149/7149 3445/3445/3445
f 4052/4052/4052 3455/3455/3455 3449/3449/3449
f 3449/3449/3449 4039/4039/4039 4040/4040/4040
f 3449/3449/3449 4040/4040/4040 4052/4052/4052
f 3470/3470/3470 3458/3458/3458 3452/3452/3452
f 3477/3477/3477 3469/3469/3469 3451/3451/3451
f 4051/4051/4051 3488/3488/3488 3453/3453/3453
f 3458/3458/3458 3470/3470/3470 7158/7158/7158
f 4056/4056/4056 4033/4033/4033 3456/3456/3456
f 7158/7158/7158 4058/4058/4058 3458/3458/3458
f 3472/3472/3472 3465/3465/3465 3461/3461/3461
f 3460/3460/3460 3468/3468/3468 3471/3471/3471
f 3466/3466/3466 3474/3474/3474 7174/7174/7174
f 7174/7174/7174 7138/7138/7138 3466/3466/3466
f 3475/3475/3475 3471/3471/3471 3468/3468/3468
f 3470/3470/3470 7142/7142/7142 7169/7169/7169
f 7169/7169/7169 7158/7158/7158 3470/3470/3470
f 3473/3473/3473 3479/3479/3479 7172/7172/7172
f 3487/3487/3487 3483/3483/3483 3480/3480/3480
f 3481/3481/3481 3484/3484/3484 7178/7178/7178
f 4072/4072/4072 3487/3487/3487 3480/3480/3480
f 3476/3476/3476 4063/4063/4063 4071/4071/4071
f 7177/7177/7177 7172/7172/7172 3479/3479/3479
f 3482/3482/3482 3486/3486/3486 7185/7185/7185
f 7182/7182/7182 7178/7178/7178 3484/3484/3484
f 7185/7185/7185 7181/7181/7181 3482/3482/3482
f 3487/3487/3487 4072/4072/4072 4076/4076/4076
f 3485/3485/3485 4073/4073/4073 7183/7183/7183
f 3488/3488/3488 3489/3489/3489 3491/3491/3491
f 4077/4077/4077 3489/3489/3489 3488/3488/3488
f 3491/3491/3491 3490/3490/3490 3488/3488/3488
f 3488/3488/3488 4051/4051/4051 4077/4077/4077
f 7151/7151/7151 3491/3491/3491 3489/3489/3489
f 3489/3489/3489 4077/4077/4077 7735/7735/7735
f 7735/7735/7735 7151/7151/7151 3489/3489/3489
f 3490/3490/3490 3491/3491/3491 7153/7153/7153
f 3491/3491/3491 7151/7151/7151 7153/7153/7153
f 3509/3509/3509 3501/3501/3501 3494/3494/3494
f 3492/3492/3492 3500/3500/3500 3514/3514/3514
f 3494/3494/3494 3508/3508/3508 3509/3509/3509
f 3497/3497/3497 3502/3502/3502 3510/3510/3510
f 3518/3518/3518 3500/3500/3500 3496/3496/3496
f 3497/3497/3497 3510/3510/3510 3512/3512/3512
f 3518/3518/3518 3514/3514/3514 3500/3500/3500
f 3505/3505/3505 3516/3516/3516 3519/3519/3519
f 3522/3522/3522 3509/3509/3509 3508/3508/3508
f 3531/3531/3531 3513/3513/3513 3511/3511/3511
f 3509/3509/3509 3522/3522/3522 3530/3530/3530
f 3531/3531/3531 3524/3524/3524 3513/3513/3513
f 3513/3513/3513 3524/3524/3524 3572/3572/3572
f 3539/3539/3539 3530/3530/3530 3522/3522/3522
f 3523/3523/3523 3536/3536/3536 3540/3540/3540
f 3526/3526/3526 3533/3533/3533 3548/3548/3548
f 3525/3525/3525 3545/3545/3545 3583/3583/3583
f 3583/3583/3583 3574/3574/3574 3525/3525/3525
f 3558/3558/3558 3537/3537/3537 3528/3528/3528
f 3529/3529/3529 3556/3556/3556 3559/3559/3559
f 3532/3532/3532 3544/3544/3544 3547/3547/3547
f 3558/3558/3558 3541/3541/3541 3537/3537/3537
f 3584/3584/3584 3546/3546/3546 3543/3543/3543
f 3564/3564/3564 3550/3550/3550 3542/3542/3542
f 3538/3538/3538 3549/3549/3549 3581/3581/3581
f 3541/3541/3541 3558/3558/3558 3563/3563/3563
f 3564/3564/3564 3552/3552/3552 3550/3550/3550
f 3550/3550/3550 3552/3552/3552 3611/3611/3611
f 3609/3609/3609 3581/3581/3581 3549/3549/3549
f 3551/3551/3551 3560/3560/3560 3569/3569/3569
f 3551/3551/3551 3569/3569/3569 3734/3734/3734
f 3737/3737/3737 3611/3611/3611 3552/3552/3552
f 3567/3567/3567 3557/3557/3557 3555/3555/3555
f 3622/3622/3622 3565/3565/3565 3553/3553/3553
f 3652/3652/3652 3622/3622/3622 3553/3553/3553
f 3553/3553/3553 3627/3627/3627 3652/3652/3652
f 3567/3567/3567 3562/3562/3562 3557/3557/3557
f 3561/3561/3561 3566/3566/3566 3620/3620/3620
f 3620/3620/3620 3570/3570/3570 3561/3561/3561
f 3649/3649/3649 3621/3621/3621 3568/3568/3568
f 3565/3565/3565 3622/3622/3622 3648/3648/3648
f 3620/3620/3620 3619/3619/3619 3570/3570/3570
f 3569/3569/3569 3618/3618/3618 3734/3734/3734
f 3583/3583/3583 3580/3580/3580 3574/3574/3574
f 3579/3579/3579 3582/3582/3582 3602/3602/3602
f 3593/3593/3593 3589/3589/3589 3577/3577/3577
f 3599/3599/3599 3590/3590/3590 3575/3575/3575
f 3612/3612/3612 3603/3603/3603 3585/3585/3585
f 3587/3587/3587 3591/3591/3591 3670/3670/3670
f 3669/3669/3669 3664/3664/3664 3586/3586/3586
f 3590/3590/3590 3599/3599/3599 3605/3605/3605
f 3592/3592/3592 3608/3608/3608 3672/3672/3672
f 3673/3673/3673 3606/3606/3606 3595/3595/3595
f 3597/3597/3597 3607/3607/3607 7282/7282/7282
f 3594/3594/3594 7278/7278/7278 7285/7285/7285
f 7279/7279/7279 3605/3605/3605 3599/3599/3599
f 3604/3604/3604 3613/3613/3613 3617/3617/3617
f 3601/3601/3601 3615/3615/3615 7297/7297/7297
f 7296/7296/7296 7281/7281/7281 3600/3600/3600
f 3676/3676/3676 3672/3672/3672 3608/3608/3608
f 3736/3736/3736 3616/3616/3616 3610/3610/3610
f 3614/3614/3614 3735/3735/3735 3743/3743/3743
f 3615/3615/3615 3742/3742/3742 7569/7569/7569
f 7569/7569/7569 7297/7297/7297 3615/3615/3615
f 3619/3619/3619 3620/3620/3620 3738/3738/3738
f 3740/3740/3740 3734/3734/3734 3618/3618/3618
f 3619/3619/3619 3738/3738/3738 3741/3741/3741
f 3621/3621/3621 3649/3649/3649 3651/3651/3651
f 3621/3621/3621 3651/3651/3651 3903/3903/3903
f 3903/3903/3903 3739/3739/3739 3621/3621/3621
f 3652/3652/3652 3648/3648/3648 3622/3622/3622
f 3623/3623/3623 3627/3627/3627 3634/3634/3634
f 3652/3652/3652 3627/3627/3627 3623/3623/3623
f 3624/3624/3624 3636/3636/3636 3638/3638/3638
f 3624/3624/3624 3638/3638/3638 3655/3655/3655
f 3655/3655/3655 3653/3653/3653 3624/3624/3624
f 3635/3635/3635 3629/3629/3629 3625/3625/3625
f 3625/3625/3625 3632/3632/3632 3635/3635/3635
f 3640/3640/3640 3636/3636/3636 3633/3633/3633
f 3640/3640/3640 3638/3638/3638 3636/3636/3636
f 3637/3637/3637 3639/3639/3639 3646/3646/3646
f 3638/3638/3638 3647/3647/3647 3656/3656/3656
f 3656/3656/3656 3655/3655/3655 3638/3638/3638
f 3639/3639/3639 3641/3641/3641 3644/3644/3644
f 3639/3639/3639 3644/3644/3644 3646/3646/3646
f 7314/7314/7314 3645/3645/3645 3642/3642/3642
f 7321/7321/7321 3647/3647/3647 3645/3645/3645
f 3645/3645/3645 7314/7314/7314 7321/7321/7321
f 7321/7321/7321 3656/3656/3656 3647/3647/3647
f 3654/3654/3654 3650/3650/3650 3648/3648/3648
f 3648/3648/3648 3652/3652/3652 3654/3654/3654
f 3650/3650/3650 3654/3654/3654 3662/3662/3662
f 3662/3662/3662 3659/3659/3659 3650/3650/3650
f 3651/3651/3651 3661/3661/3661 3909/3909/3909
f 3909/3909/3909 3903/3903/3903 3651/3651/3651
f 3655/3655/3655 3656/3656/3656 3663/3663/3663
f 7327/7327/7327 3663/3663/3663 3656/3656/3656
f 3656/3656/3656 7321/7321/7321 7339/7339/7339
f 7338/7338/7338 7327/7327/7327 3656/3656/3656
f 7339/7339/7339 7338/7338/7338 3656/3656/3656
f 3660/3660/3660 3663/3663/3663 7327/7327/7327
f 7323/7323/7323 3908/3908/3908 3657/3657/3657
f 7326/7326/7326 7324/7324/7324 3658/3658/3658
f 3665/3665/3665 3671/3671/3671 3674/3674/3674
f 3666/3666/3666 3675/3675/3675 3694/3694/3694
f 3694/3694/3694 3681/3681/3681 3666/3666/3666
f 3680/3680/3680 3693/3693/3693 3709/3709/3709
f 3714/3714/3714 3695/3695/3695 3683/3683/3683
f 3679/3679/3679 3708/3708/3708 3713/3713/3713
f 3687/3687/3687 3701/3701/3701 3705/3705/3705
f 3806/3806/3806 3701/3701/3701 3687/3687/3687
f 3685/3685/3685 3704/3704/3704 3717/3717/3717
f 3686/3686/3686 3718/3718/3718 3723/3723/3723
f 3686/3686/3686 3723/3723/3723 3724/3724/3724
f 3687/3687/3687 3725/3725/3725 3806/3806/3806
f 3707/3707/3707 3703/3703/3703 3692/3692/3692
f 3690/3690/3690 3702/3702/3702 3772/3772/3772
f 3719/3719/3719 3706/3706/3706 3691/3691/3691
f 3762/3762/3762 3716/3716/3716 3688/3688/3688
f 3767/3767/3767 3763/3763/3763 3689/3689/3689
f 3772/3772/3772 3769/3769/3769 3690/3690/3690
f 3711/3711/3711 3709/3709/3709 3693/3693/3693
f 3715/3715/3715 3712/3712/3712 3696/3696/3696
f 3805/3805/3805 3771/3771/3771 3700/3700/3700
f 3708/3708/3708 3710/3710/3710 3713/3713/3713
f 3762/3762/3762 3722/3722/3722 3716/3716/3716
f 3721/3721/3721 3764/3764/3764 3783/3783/3783
f 3799/3799/3799 3764/3764/3764 3721/3721/3721
f 3721/3721/3721 3789/3789/3789 3799/3799/3799
f 3802/3802/3802 3724/3724/3724 3723/3723/3723
f 3722/3722/3722 3762/3762/3762 3796/3796/3796
f 3722/3722/3722 3796/3796/3796 3801/3801/3801
f 3726/3726/3726 3803/3803/3803 3808/3808/3808
f 3729/3729/3729 3733/3733/3733 3746/3746/3746
f 3816/3816/3816 3731/3731/3731 3727/3727/3727
f 3728/3728/3728 3747/3747/3747 3823/3823/3823
f 3727/3727/3727 3810/3810/3810 3816/3816/3816
f 3823/3823/3823 3811/3811/3811 3728/3728/3728
f 3749/3749/3749 3746/3746/3746 3733/3733/3733
f 3861/3861/3861 3748/3748/3748 3730/3730/3730
f 3731/3731/3731 3816/3816/3816 3819/3819/3819
f 3732/3732/3732 3820/3820/3820 3862/3862/3862
f 3735/3735/3735 3741/3741/3741 3743/3743/3743
f 3744/3744/3744 3741/3741/3741 3738/3738/3738
f 3903/3903/3903 3745/3745/3745 3739/3739/3739
f 3751/3751/3751 3743/3743/3743 3741/3741/3741
f 3741/3741/3741 3744/3744/3744 3752/3752/3752
f 3752/3752/3752 3751/3751/3751 3741/3741/3741
f 3742/3742/3742 3750/3750/3750 7451/7451/7451
f 3742/3742/3742 7451/7451/7451 7569/7569/7569
f 3906/3906/3906 3753/3753/3753 3745/3745/3745
f 3745/3745/3745 3903/3903/3903 3906/3906/3906
f 3746/3746/3746 3749/3749/3749 3757/3757/3757
f 3746/3746/3746 3757/3757/3757 3932/3932/3932
f 3842/3842/3842 3823/3823/3823 3747/3747/3747
f 3933/3933/3933 3842/3842/3842 3747/3747/3747
f 3760/3760/3760 3757/3757/3757 3749/3749/3749
f 3861/3861/3861 3759/3759/3759 3748/3748/3748
f 3751/3751/3751 3752/3752/3752 3881/3881/3881
f 3750/3750/3750 3755/3755/3755 3871/3871/3871
f 3881/3881/3881 3756/3756/3756 3751/3751/3751
f 3750/3750/3750 3871/3871/3871 7516/7516/7516
f 7516/7516/7516 7451/7451/7451 3750/3750/3750
f 3891/3891/3891 3881/3881/3881 3752/3752/3752
f 3907/3907/3907 3893/3893/3893 3754/3754/3754
f 3896/3896/3896 3871/3871/3871 3755/3755/3755
f 3756/3756/3756 3881/3881/3881 3897/3897/3897
f 3758/3758/3758 3761/3761/3761 3934/3934/3934
f 3759/3759/3759 3861/3861/3861 3872/3872/3872
f 3761/3761/3761 3874/3874/3874 3972/3972/3972
f 3970/3970/3970 3934/3934/3934 3761/3761/3761
f 3972/3972/3972 3970/3970/3970 3761/3761/3761
f 3763/3763/3763 3767/3767/3767 3775/3775/3775
f 3762/3762/3762 3774/3774/3774 3796/3796/3796
f 3784/3784/3784 3781/3781/3781 3766/3766/3766
f 3792/3792/3792 3786/3786/3786 3765/3765/3765
f 3800/3800/3800 3792/3792/3792 3765/3765/3765
f 3770/3770/3770 3773/3773/3773 3780/3780/3780
f 3779/3779/3779 3776/3776/3776 3768/3768/3768
f 3805/3805/3805 3778/3778/3778 3771/3771/3771
f 3776/3776/3776 3779/3779/3779 3807/3807/3807
f 3801/3801/3801 3796/3796/3796 3774/3774/3774
f 3809/3809/3809 3804/3804/3804 3777/3777/3777
f 3788/3788/3788 3795/3795/3795 3797/3797/3797
f 3798/3798/3798 3794/3794/3794 3791/3791/3791
f 3810/3810/3810 3813/3813/3813 3816/3816/3816
f 3826/3826/3826 3815/3815/3815 3812/3812/3812
f 3811/3811/3811 3823/3823/3823 3825/3825/3825
f 3864/3864/3864 3818/3818/3818 3814/3814/3814
f 3815/3815/3815 3826/3826/3826 3849/3849/3849
f 3814/3814/3814 3848/3848/3848 3864/3864/3864
f 3865/3865/3865 3821/3821/3821 3817/3817/3817
f 3818/3818/3818 3864/3864/3864 3866/3866/3866
f 3865/3865/3865 3863/3863/3863 3821/3821/3821
f 3831/3831/3831 3828/3828/3828 3824/3824/3824
f 3832/3832/3832 3829/3829/3829 3822/3822/3822
f 3841/3841/3841 3832/3832/3832 3822/3822/3822
f 3828/3828/3828 3831/3831/3831 3837/3837/3837
f 3827/3827/3827 3836/3836/3836 3846/3846/3846
f 3826/3826/3826 3845/3845/3845 3849/3849/3849
f 3830/3830/3830 3833/3833/3833 3839/3839/3839
f 3839/3839/3839 3835/3835/3835 3830/3830/3830
f 3843/3843/3843 3840/3840/3840 3834/3834/3834
f 3836/3836/3836 3838/3838/3838 3846/3846/3846
f 3840/3840/3840 3843/3843/3843 3847/3847/3847
f 3969/3969/3969 3844/3844/3844 3842/3842/3842
f 3842/3842/3842 3933/3933/3933 3969/3969/3969
f 3973/3973/3973 3849/3849/3849 3845/3845/3845
f 3844/3844/3844 3969/3969/3969 3971/3971/3971
f 3868/3868/3868 3864/3864/3864 3848/3848/3848
f 3973/3973/3973 3870/3870/3870 3849/3849/3849
f 3850/3850/3850 3855/3855/3855 3859/3859/3859
f 3850/3850/3850 3859/3859/3859 3966/3966/3966
f 3966/3966/3966 3951/3951/3951 3850/3850/3850
f 3853/3853/3853 3860/3860/3860 3965/3965/3965
f 3965/3965/3965 3947/3947/3947 3853/3853/3853
f 6531/6531/6531 3859/3859/3859 3855/3855/3855
f 3857/3857/3857 3949/3949/3949 7650/7650/7650
f 6797/6797/6797 6533/6533/6533 3856/3856/3856
f 7650/7650/7650 6798/6798/6798 3857/3857/3857
f 7456/7456/7456 3966/3966/3966 3859/3859/3859
f 3859/3859/3859 6531/6531/6531 7456/7456/7456
f 7636/7636/7636 3965/3965/3965 3860/3860/3860
f 3860/3860/3860 7459/7459/7459 7636/7636/7636
f 3863/3863/3863 3865/3865/3865 3875/3875/3875
f 3875/3875/3875 3873/3873/3873 3863/3863/3863
f 3878/3878/3878 3866/3866/3866 3864/3864/3864
f 3864/3864/3864 3868/3868/3868 3878/3878/3878
f 3880/3880/3880 3877/3877/3877 3867/3867/3867
f 3972/3972/3972 3879/3879/3879 3869/3869/3869
f 3871/3871/3871 3896/3896/3896 4002/4002/4002
f 3871/3871/3871 4002/4002/4002 7520/7520/7520
f 7520/7520/7520 7516/7516/7516 3871/3871/3871
f 3874/3874/3874 3876/3876/3876 3972/3972/3972
f 3876/3876/3876 3879/3879/3879 3972/3972/3972
f 3882/3882/3882 3886/3886/3886 3898/3898/3898
f 3900/3900/3900 3885/3885/3885 3881/3881/3881
f 3881/3881/3881 3891/3891/3891 3894/3894/3894
f 3881/3881/3881 3894/3894/3894 3900/3900/3900
f 3900/3900/3900 3889/3889/3889 3885/3885/3885
f 3883/3883/3883 3887/3887/3887 3997/3997/3997
f 4008/4008/4008 3898/3898/3898 3886/3886/3886
f 3884/3884/3884 3998/3998/3998 4000/4000/4000
f 3886/3886/3886 4001/4001/4001 4008/4008/4008
f 3888/3888/3888 3899/3899/3899 3917/3917/3917
f 3888/3888/3888 3917/3917/3917 3920/3920/3920
f 3887/3887/3887 3919/3919/3919 4003/4003/4003
f 4003/4003/4003 3997/3997/3997 3887/3887/3887
f 3916/3916/3916 3895/3895/3895 3892/3892/3892
f 3890/3890/3890 3905/3905/3905 3913/3913/3913
f 3892/3892/3892 3914/3914/3914 3916/3916/3916
f 3918/3918/3918 3901/3901/3901 3895/3895/3895
f 3895/3895/3895 3916/3916/3916 3918/3918/3918
f 4007/4007/4007 4002/4002/4002 3896/3896/3896
f 3910/3910/3910 3904/3904/3904 3902/3902/3902
f 3903/3903/3903 3909/3909/3909 3911/3911/3911
f 3904/3904/3904 3910/3910/3910 3912/3912/3912
f 7588/7588/7588 3910/3910/3910 3908/3908/3908
f 3908/3908/3908 7323/7323/7323 7588/7588/7588
f 7592/7592/7592 3912/3912/3912 3910/3910/3910
f 3910/3910/3910 7588/7588/7588 7592/7592/7592
f 7593/7593/7593 3915/3915/3915 3912/3912/3912
f 3912/3912/3912 7592/7592/7592 7593/7593/7593
f 3928/3928/3928 3918/3918/3918 3916/3916/3916
f 7593/7593/7593 3927/3927/3927 3915/3915/3915
f 3924/3924/3924 3921/3921/3921 3918/3918/3918
f 3928/3928/3928 3924/3924/3924 3918/3918/3918
f 3922/3922/3922 3926/3926/3926 4006/4006/4006
f 3923/3923/3923 3927/3927/3927 3929/3929/3929
f 3925/3925/3925 3930/3930/3930 4019/4019/4019
f 4019/4019/4019 4004/4004/4004 3925/3925/3925
f 3931/3931/3931 3929/3929/3929 3927/3927/3927
f 7600/7600/7600 3931/3931/3931 3927/3927/3927
f 3927/3927/3927 7593/7593/7593 7600/7600/7600
f 3929/3929/3929 3931/3931/3931 7694/7694/7694
f 4027/4027/4027 4017/4017/4017 3929/3929/3929
f 7715/7715/7715 4027/4027/4027 3929/3929/3929
f 3929/3929/3929 7694/7694/7694 7715/7715/7715
f 3931/3931/3931 7600/7600/7600 7606/7606/7606
f 3931/3931/3931 7606/7606/7606 7694/7694/7694
f 4032/4032/4032 3939/3939/3939 3935/3935/3935
f 4036/4036/4036 4030/4030/4030 3942/3942/3942
f 3963/3963/3963 3962/3962/3962 3946/3946/3946
f 3965/3965/3965 3964/3964/3964 3947/3947/3947
f 3950/3950/3950 3952/3952/3952 3976/3976/3976
f 3949/3949/3949 3975/3975/3975 3979/3979/3979
f 3949/3949/3949 3979/3979/3979 7655/7655/7655
f 7655/7655/7655 7650/7650/7650 3949/3949/3949
f 3951/3951/3951 3966/3966/3966 3974/3974/3974
f 3986/3986/3986 3958/3958/3958 3955/3955/3955
f 3956/3956/3956 3962/3962/3962 3981/3981/3981
f 3955/3955/3955 3980/3980/3980 3987/3987/3987
f 3987/3987/3987 3986/3986/3986 3955/3955/3955
f 3962/3962/3962 3963/3963/3963 3983/3983/3983
f 3982/3982/3982 3981/3981/3981 3962/3962/3962
f 3983/3983/3983 3982/3982/3982 3962/3962/3962
f 3964/3964/3964 3965/3965/3965 3967/3967/3967
f 3964/3964/3964 3967/3967/3967 3984/3984/3984
f 7636/7636/7636 3967/3967/3967 3965/3965/3965
f 3977/3977/3977 3974/3974/3974 3966/3966/3966
f 7637/7637/7637 3977/3977/3977 3966/3966/3966
f 3966/3966/3966 7456/7456/7456 7637/7637/7637
f 3967/3967/3967 3968/3968/3968 3984/3984/3984
f 7639/7639/7639 3968/3968/3968 3967/3967/3967
f 3967/3967/3967 7636/7636/7636 7639/7639/7639
f 3991/3991/3991 3984/3984/3984 3968/3968/3968
f 7669/7669/7669 3991/3991/3991 3968/3968/3968
f 3968/3968/3968 7639/7639/7639 7669/7669/7669
f 3977/3977/3977 7637/7637/7637 7656/7656/7656
f 7658/7658/7658 7654/7654/7654 3978/3978/3978
f 3981/3981/3981 3982/3982/3982 3989/3989/3989
f 3989/3989/3989 3988/3988/3988 3981/3981/3981
f 3982/3982/3982 3983/3983/3983 3992/3992/3992
f 3992/3992/3992 3989/3989/3989 3982/3982/3982
f 3984/3984/3984 3991/3991/3991 3993/3993/3993
f 3988/3988/3988 3989/3989/3989 4039/4039/4039
f 3989/3989/3989 3992/3992/3992 4041/4041/4041
f 4040/4040/4040 4039/4039/4039 3989/3989/3989
f 4043/4043/4043 4040/4040/4040 3989/3989/3989
f 3989/3989/3989 4041/4041/4041 4043/4043/4043
f 3996/3996/3996 3993/3993/3993 3991/3991/3991
f 7671/7671/7671 3996/3996/3996 3991/3991/3991
f 3990/3990/3990 7668/7668/7668 7676/7676/7676
f 7677/7677/7677 7671/7671/7671 3991/3991/3991
f 3992/3992/3992 3995/3995/3995 4041/4041/4041
f 4046/4046/4046 4041/4041/4041 3995/3995/3995
f 7728/7728/7728 4045/4045/4045 3994/3994/3994
f 3994/3994/3994 7670/7670/7670 7728/7728/7728
f 4012/4012/4012 3999/3999/3999 3997/3997/3997
f 3997/3997/3997 4003/4003/4003 4014/4014/4014
f 4014/4014/4014 4012/4012/4012 3997/3997/3997
f 4013/4013/4013 4008/4008/4008 4001/4001/4001
f 4002/4002/4002 4007/4007/4007 4009/4009/4009
f 4002/4002/4002 4009/4009/4009 7701/7701/7701
f 7693/7693/7693 7520/7520/7520 4002/4002/4002
f 7701/7701/7701 7693/7693/7693 4002/4002/4002
f 4020/4020/4020 4016/4016/4016 4005/4005/4005
f 4022/4022/4022 4011/4011/4011 4008/4008/4008
f 4008/4008/4008 4013/4013/4013 4022/4022/4022
f 4010/4010/4010 4021/4021/4021 7702/7702/7702
f 4013/4013/4013 4015/4015/4015 4022/4022/4022
f 4016/4016/4016 4020/4020/4020 4026/4026/4026
f 4026/4026/4026 4023/4023/4023 4016/4016/4016
f 4028/4028/4028 4024/4024/4024 4018/4018/4018
f 4021/4021/4021 4025/4025/4025 7711/7711/7711
f 7711/7711/7711 7702/7702/7702 4021/4021/4021
f 4024/4024/4024 4028/4028/4028 7716/7716/7716
f 7717/7717/7717 7711/7711/7711 4025/4025/4025
f 4030/4030/4030 4036/4036/4036 4050/4050/4050
f 4030/4030/4030 4050/4050/4050 4065/4065/4065
f 4057/4057/4057 4049/4049/4049 4035/4035/4035
f 4040/4040/4040 4043/4043/4043 4078/4078/4078
f 4078/4078/4078 4052/4052/4052 4040/4040/4040
f 4046/4046/4046 4043/4043/4043 4041/4041/4041
f 4042/4042/4042 4044/4044/4044 4047/4047/4047
f 4042/4042/4042 4047/4047/4047 4077/4077/4077
f 7730/7730/7730 4048/4048/4048 4045/4045/4045
f 4045/4045/4045 7728/7728/7728 7730/7730/7730
f 7735/7735/7735 4077/4077/4077 4047/4047/4047
f 4047/4047/4047 7729/7729/7729 7735/7735/7735
f 4050/4050/4050 4059/4059/4059 4065/4065/4065
f 4062/4062/4062 4060/4060/4060 4055/4055/4055
f 4054/4054/4054 4058/4058/4058 7739/7739/7739
f 4070/4070/4070 4062/4062/4062 4055/4055/4055
f 7737/7737/7737 4068/4068/4068 4053/4053/4053
f 4060/4060/4060 4062/4062/4062 4066/4066/4066
f 4058/4058/4058 7158/7158/7158 7742/7742/7742
f 7742/7742/7742 7739/7739/7739 4058/4058/4058
f 4076/4076/4076 4066/4066/4066 4062/4062/4062
f 4061/4061/4061 4069/4069/4069 4075/4075/4075
f 4076/4076/4076 4072/4072/4072 4066/4066/4066
f 7754/7754/7754 4075/4075/4075 4069/4069/4069
f 4068/4068/4068 7737/7737/7737 7751/7751/7751
f 7755/7755/7755 7183/7183/7183 4073/4073/4073
f 4074/4074/4074 7753/7753/7753 7756/7756/7756
f 4085/4085/4085 4081/4081/4081 4080/4080/4080
f 4080/4080/4080 4081/4081/4081 4122/4122/4122
f 4081/4081/4081 4085/4085/4085 4086/4086/4086
f 4081/4081/4081 4086/4086/4086 4092/4092/4092
f 4081/4081/4081 4092/4092/4092 4130/4130/4130
f 4124/4124/4124 4122/4122/4122 4081/4081/4081
f 4130/4130/4130 4124/4124/4124 4081/4081/4081
f 4088/4088/4088 4086/4086/4086 4085/4085/4085
f 4090/4090/4090 4088/4088/4088 4085/4085/4085
f 4094/4094/4094 4089/4089/4089 4083/4083/4083
f 4086/4086/4086 4088/4088/4088 4092/4092/4092
f 4088/4088/4088 4090/4090/4090 4098/4098/4098
f 4197/4197/4197 4091/4091/4091 4087/4087/4087
f 4088/4088/4088 4098/4098/4098 4198/4198/4198
f 4090/4090/4090 4096/4096/4096 4098/4098/4098
f 4168/4168/4168 4129/4129/4129 4091/4091/4091
f 4197/4197/4197 4168/4168/4168 4091/4091/4091
f 4194/4194/4194 4097/4097/4097 4095/4095/4095
f 4196/4196/4196 4191/4191/4191 4097/4097/4097
f 4098/4098/4098 4193/4193/4193 4198/4198/4198
f 4097/4097/4097 4194/4194/4194 4196/4196/4196
f 4102/4102/4102 4101/4101/4101 4099/4099/4099
f 4099/4099/4099 4101/4101/4101 4109/4109/4109
f 4109/4109/4109 4107/4107/4107 4099/4099/4099
f 4101/4101/4101 4102/4102/4102 4104/4104/4104
f 4100/4100/4100 4103/4103/4103 4106/4106/4106
f 4100/4100/4100 4106/4106/4106 4118/4118/4118
f 4120/4120/4120 4109/4109/4109 4101/4101/4101
f 4124/4124/4124 4106/4106/4106 4103/4103/4103
f 4103/4103/4103 4122/4122/4122 4124/4124/4124
f 4121/4121/4121 4117/4117/4117 4105/4105/4105
f 4129/4129/4129 4121/4121/4121 4105/4105/4105
f 4106/4106/4106 4124/4124/4124 4130/4130/4130
f 4107/4107/4107 4109/4109/4109 4111/4111/4111
f 4112/4112/4112 4110/4110/4110 4108/4108/4108
f 4119/4119/4119 4112/4112/4112 4108/4108/4108
f 4110/4110/4110 4112/4112/4112 4133/4133/4133
f 4112/4112/4112 4119/4119/4119 4143/4143/4143
f 4135/4135/4135 4133/4133/4133 4112/4112/4112
f 4143/4143/4143 4135/4135/4135 4112/4112/4112
f 4115/4115/4115 4121/4121/4121 4127/4127/4127
f 4144/4144/4144 4121/4121/4121 4115/4115/4115
f 4115/4115/4115 4136/4136/4136 4144/4144/4144
f 4117/4117/4117 4121/4121/4121 4144/4144/4144
f 4144/4144/4144 4142/4142/4142 4117/4117/4117
f 4131/4131/4131 4127/4127/4127 4121/4121/4121
f 4121/4121/4121 4129/4129/4129 4131/4131/4131
f 4127/4127/4127 4131/4131/4131 4168/4168/4168
f 4169/4169/4169 4165/4165/4165 4128/4128/4128
f 4168/4168/4168 4131/4131/4131 4129/4129/4129
f 4135/4135/4135 4143/4143/4143 4146/4146/4146
f 4135/4135/4135 4146/4146/4146 4149/4149/4149
f 4136/4136/4136 4139/4139/4139 4147/4147/4147
f 4147/4147/4147 4144/4144/4144 4136/4136/4136
f 4158/4158/4158 4147/4147/4147 4139/4139/4139
f 4139/4139/4139 4155/4155/4155 4158/4158/4158
f 4142/4142/4142 4144/4144/4144 4147/4147/4147
f 4147/4147/4147 4145/4145/4145 4142/4142/4142
f 4145/4145/4145 4147/4147/4147 4153/4153/4153
f 4154/4154/4154 4149/4149/4149 4146/4146/4146
f 4160/4160/4160 4153/4153/4153 4147/4147/4147
f 4147/4147/4147 4158/4158/4158 4160/4160/4160
f 4148/4148/4148 4149/4149/4149 4150/4150/4150
f 4152/4152/4152 4150/4150/4150 4149/4149/4149
f 4154/4154/4154 4152/4152/4152 4149/4149/4149
f 4150/4150/4150 4152/4152/4152 4622/4622/4622
f 4622/4622/4622 4618/4618/4618 4150/4150/4150
f 4152/4152/4152 4154/4154/4154 4622/4622/4622
f 4154/4154/4154 4161/4161/4161 4622/4622/4622
f 4636/4636/4636 4158/4158/4158 4155/4155/4155
f 4156/4156/4156 4266/4266/4266 4668/4668/4668
f 4667/4667/4667 4636/4636/4636 4155/4155/4155
f 4636/4636/4636 4160/4160/4160 4158/4158/4158
f 4632/4632/4632 4621/4621/4621 4159/4159/4159
f 4640/4640/4640 4632/4632/4632 4159/4159/4159
f 4160/4160/4160 4636/4636/4636 4641/4641/4641
f 4168/4168/4168 4166/4166/4166 4163/4163/4163
f 4166/4166/4166 4168/4168/4168 4199/4199/4199
f 4166/4166/4166 4199/4199/4199 4202/4202/4202
f 4166/4166/4166 4202/4202/4202 4205/4205/4205
f 4168/4168/4168 4197/4197/4197 4199/4199/4199
f 4175/4175/4175 4173/4173/4173 4171/4171/4171
f 4170/4170/4170 4172/4172/4172 4226/4226/4226
f 4226/4226/4226 4223/4223/4223 4170/4170/4170
f 4173/4173/4173 4175/4175/4175 4186/4186/4186
f 4186/4186/4186 4178/4178/4178 4173/4173/4173
f 4172/4172/4172 4177/4177/4177 4236/4236/4236
f 4236/4236/4236 4226/4226/4226 4172/4172/4172
f 4174/4174/4174 4183/4183/4183 4185/4185/4185
f 4186/4186/4186 4181/4181/4181 4178/4178/4178
f 4176/4176/4176 4179/4179/4179 4213/4213/4213
f 4177/4177/4177 4214/4214/4214 4330/4330/4330
f 4330/4330/4330 4236/4236/4236 4177/4177/4177
f 4180/4180/4180 4184/4184/4184 4250/4250/4250
f 4216/4216/4216 4213/4213/4213 4179/4179/4179
f 4339/4339/4339 4217/4217/4217 4180/4180/4180
f 4180/4180/4180 4250/4250/4250 4256/4256/4256
f 4180/4180/4180 4256/4256/4256 4339/4339/4339
f 4248/4248/4248 4184/4184/4184 4182/4182/4182
f 4184/4184/4184 4248/4248/4248 4250/4250/4250
f 4187/4187/4187 4218/4218/4218 4261/4261/4261
f 4360/4360/4360 4221/4221/4221 4189/4189/4189
f 4261/4261/4261 4258/4258/4258 4187/4187/4187
f 4188/4188/4188 4260/4260/4260 4289/4289/4289
f 4189/4189/4189 4290/4290/4290 4360/4360/4360
f 4190/4190/4190 4195/4195/4195 4434/4434/4434
f 4201/4201/4201 4197/4197/4197 4192/4192/4192
f 4434/4434/4434 4200/4200/4200 4190/4190/4190
f 4433/4433/4433 4196/4196/4196 4194/4194/4194
f 4195/4195/4195 4432/4432/4432 4434/4434/4434
f 4201/4201/4201 4199/4199/4199 4197/4197/4197
f 4199/4199/4199 4201/4201/4201 4202/4202/4202
f 4440/4440/4440 4202/4202/4202 4201/4201/4201
f 4200/4200/4200 4434/4434/4434 4439/4439/4439
f 4209/4209/4209 4205/4205/4205 4202/4202/4202
f 4442/4442/4442 4211/4211/4211 4203/4203/4203
f 4202/4202/4202 4440/4440/4440 4441/4441/4441
f 4480/4480/4480 4280/4280/4280 4207/4207/4207
f 4209/4209/4209 4441/4441/4441 4481/4481/4481
f 4212/4212/4212 4215/4215/4215 4337/4337/4337
f 4331/4331/4331 4328/4328/4328 4212/4212/4212
f 4337/4337/4337 4331/4331/4331 4212/4212/4212
f 4348/4348/4348 4264/4264/4264 4220/4220/4220
f 4359/4359/4359 4347/4347/4347 4219/4219/4219
f 4222/4222/4222 4225/4225/4225 4230/4230/4230
f 4232/4232/4232 4228/4228/4228 4224/4224/4224
f 4240/4240/4240 4230/4230/4230 4225/4225/4225
f 4225/4225/4225 4234/4234/4234 4240/4240/4240
f 4227/4227/4227 4231/4231/4231 4233/4233/4233
f 4227/4227/4227 4233/4233/4233 4252/4252/4252
f 4243/4243/4243 4233/4233/4233 4231/4231/4231
f 4233/4233/4233 4243/4243/4243 4257/4257/4257
f 4233/4233/4233 4251/4251/4251 4252/4252/4252
f 4257/4257/4257 4251/4251/4251 4233/4233/4233
f 4332/4332/4332 4241/4241/4241 4235/4235/4235
f 4235/4235/4235 4329/4329/4329 4332/4332/4332
f 4237/4237/4237 4244/4244/4244 4259/4259/4259
f 4335/4335/4335 4246/4246/4246 4239/4239/4239
f 4237/4237/4237 4259/4259/4259 4262/4262/4262
f 4238/4238/4238 4263/4263/4263 4350/4350/4350
f 4350/4350/4350 4334/4334/4334 4238/4238/4238
f 4333/4333/4333 4255/4255/4255 4242/4242/4242
f 4287/4287/4287 4260/4260/4260 4245/4245/4245
f 4245/4245/4245 4276/4276/4276 4287/4287/4287
f 4335/4335/4335 4277/4277/4277 4246/4246/4246
f 4252/4252/4252 4251/4251/4251 4247/4247/4247
f 4255/4255/4255 4333/4333/4333 4338/4338/4338
f 4260/4260/4260 4287/4287/4287 4289/4289/4289
f 4346/4346/4346 4343/4343/4343 4263/4263/4263
f 4263/4263/4263 4343/4343/4343 4350/4350/4350
f 4265/4265/4265 4269/4269/4269 4667/4667/4667
f 4269/4269/4269 4301/4301/4301 4303/4303/4303
f 4269/4269/4269 4303/4303/4303 4667/4667/4667
f 4311/4311/4311 4278/4278/4278 4275/4275/4275
f 4275/4275/4275 4278/4278/4278 4355/4355/4355
f 4322/4322/4322 4310/4310/4310 4274/4274/4274
f 4663/4663/4663 4322/4322/4322 4274/4274/4274
f 4275/4275/4275 4355/4355/4355 4358/4358/4358
f 4272/4272/4272 4356/4356/4356 4674/4674/4674
f 4677/4677/4677 4664/4664/4664 4273/4273/4273
f 4305/4305/4305 4287/4287/4287 4276/4276/4276
f 4312/4312/4312 4307/4307/4307 4279/4279/4279
f 4277/4277/4277 4335/4335/4335 4353/4353/4353
f 4481/4481/4481 4301/4301/4301 4282/4282/4282
f 4291/4291/4291 4289/4289/4289 4287/4287/4287
f 4365/4365/4365 4292/4292/4292 4288/4288/4288
f 4285/4285/4285 4304/4304/4304 4340/4340/4340
f 4286/4286/4286 4342/4342/4342 4345/4345/4345
f 4288/4288/4288 4349/4349/4349 4365/4365/4365
f 4289/4289/4289 4291/4291/4291 4293/4293/4293
f 4290/4290/4290 4294/4294/4294 4360/4360/4360
f 4295/4295/4295 4293/4293/4293 4291/4291/4291
f 4386/4386/4386 4296/4296/4296 4292/4292/4292
f 4292/4292/4292 4365/4365/4365 4386/4386/4386
f 4293/4293/4293 4295/4295/4295 4298/4298/4298
f 4294/4294/4294 4299/4299/4299 4379/4379/4379
f 4379/4379/4379 4360/4360/4360 4294/4294/4294
f 4387/4387/4387 4300/4300/4300 4297/4297/4297
f 4393/4393/4393 4379/4379/4379 4299/4299/4299
f 4300/4300/4300 4387/4387/4387 4394/4394/4394
f 4317/4317/4317 4303/4303/4303 4301/4301/4301
f 4481/4481/4481 4317/4317/4317 4301/4301/4301
f 4303/4303/4303 4317/4317/4317 4718/4718/4718
f 4718/4718/4718 4667/4667/4667 4303/4303/4303
f 4306/4306/4306 4311/4311/4311 4420/4420/4420
f 4415/4415/4415 4340/4340/4340 4304/4304/4304
f 4420/4420/4420 4417/4417/4417 4306/4306/4306
f 4309/4309/4309 4319/4319/4319 4325/4325/4325
f 4308/4308/4308 4324/4324/4324 4425/4425/4425
f 4425/4425/4425 4418/4418/4418 4308/4308/4308
f 4428/4428/4428 4327/4327/4327 4315/4315/4315
f 4315/4315/4315 4327/4327/4327 4735/4735/4735
f 4316/4316/4316 4424/4424/4424 4429/4429/4429
f 4739/4739/4739 4423/4423/4423 4314/4314/4314
f 4735/4735/4735 4726/4726/4726 4315/4315/4315
f 4313/4313/4313 4723/4723/4723 4763/4763/4763
f 4763/4763/4763 4737/4737/4737 4313/4313/4313
f 4317/4317/4317 4481/4481/4481 4499/4499/4499
f 4317/4317/4317 4499/4499/4499 4718/4718/4718
f 4734/4734/4734 4326/4326/4326 4323/4323/4323
f 4318/4318/4318 4501/4501/4501 4732/4732/4732
f 4336/4336/4336 4352/4352/4352 4354/4354/4354
f 4412/4412/4412 4351/4351/4351 4344/4344/4344
f 4416/4416/4416 4411/4411/4411 4341/4341/4341
f 4347/4347/4347 4359/4359/4359 4364/4364/4364
f 4413/4413/4413 4354/4354/4354 4352/4352/4352
f 4414/4414/4414 4358/4358/4358 4355/4355/4355
f 4358/4358/4358 4414/4414/4414 4431/4431/4431
f 4357/4357/4357 4430/4430/4430 4798/4798/4798
f 4789/4789/4789 4674/4674/4674 4356/4356/4356
f 4798/4798/4798 4791/4791/4791 4357/4357/4357
f 4370/4370/4370 4366/4366/4366 4361/4361/4361
f 4372/4372/4372 4370/4370/4370 4361/4361/4361
f 4408/4408/4408 4371/4371/4371 4360/4360/4360
f 4360/4360/4360 4379/4379/4379 4408/4408/4408
f 4362/4362/4362 4368/4368/4368 4374/4374/4374
f 4367/4367/4367 4376/4376/4376 4380/4380/4380
f 4363/4363/4363 4378/4378/4378 4392/4392/4392
f 4392/4392/4392 4385/4385/4385 4363/4363/4363
f 4369/4369/4369 4373/4373/4373 4409/4409/4409
f 4409/4409/4409 4375/4375/4375 4369/4369/4369
f 4410/4410/4410 4381/4381/4381 4377/4377/4377
f 4384/4384/4384 4391/4391/4391 4398/4398/4398
f 4405/4405/4405 4389/4389/4389 4383/4383/4383
f 4382/4382/4382 4396/4396/4396 4404/4404/4404
f 4401/4401/4401 4397/4397/4397 4388/4388/4388
f 4406/4406/4406 4402/4402/4402 4390/4390/4390
f 4395/4395/4395 4399/4399/4399 4509/4509/4509
f 4511/4511/4511 4404/4404/4404 4396/4396/4396
f 4403/4403/4403 4407/4407/4407 4514/4514/4514
f 4516/4516/4516 4510/4510/4510 4400/4400/4400
f 4403/4403/4403 4514/4514/4514 4517/4517/4517
f 4404/4404/4404 4511/4511/4511 4513/4513/4513
f 4414/4414/4414 4417/4417/4417 4431/4431/4431
f 4417/4417/4417 4420/4420/4420 4431/4431/4431
f 4419/4419/4419 4426/4426/4426 4430/4430/4430
f 4799/4799/4799 4427/4427/4427 4421/4421/4421
f 4423/4423/4423 4739/4739/4739 4814/4814/4814
f 4421/4421/4421 4795/4795/4795 4799/4799/4799
f 4813/4813/4813 4796/4796/4796 4422/4422/4422
f 4798/4798/4798 4430/4430/4430 4426/4426/4426
f 4435/4435/4435 4434/4434/4434 4432/4432/4432
f 4434/4434/4434 4435/4435/4435 4436/4436/4436
f 4434/4434/4434 4436/4436/4436 4439/4439/4439
f 4437/4437/4437 4436/4436/4436 4435/4435/4435
f 4436/4436/4436 4437/4437/4437 4438/4438/4438
f 4436/4436/4436 4438/4438/4438 4439/4439/4439
f 4475/4475/4475 4438/4438/4438 4437/4437/4437
f 4478/4478/4478 4439/4439/4439 4438/4438/4438
f 4438/4438/4438 4475/4475/4475 4477/4477/4477
f 4438/4438/4438 4477/4477/4477 4478/4478/4478
f 4479/4479/4479 4441/4441/4441 4440/4440/4440
f 4441/4441/4441 4479/4479/4479 4483/4483/4483
f 4483/4483/4483 4481/4481/4481 4441/4441/4441
f 4450/4450/4450 4448/4448/4448 4443/4443/4443
f 6250/6250/6250 4450/4450/4450 4443/4443/4443
f 4443/4443/4443 6247/6247/6247 6250/6250/6250
f 4444/4444/4444 4446/4446/4446 4458/4458/4458
f 4454/4454/4454 4451/4451/4451 4445/4445/4445
f 4462/4462/4462 4455/4455/4455 4444/4444/4444
f 4444/4444/4444 4458/4458/4458 4462/4462/4462
f 4446/4446/4446 4449/4449/4449 4458/4458/4458
f 4553/4553/4553 4458/4458/4458 4449/4449/4449
f 6249/6249/6249 4553/4553/4553 4449/4449/4449
f 4453/4453/4453 4457/4457/4457 4532/4532/4532
f 4526/4526/4526 4504/4504/4504 4452/4452/4452
f 4532/4532/4532 4529/4529/4529 4453/4453/4453
f 4456/4456/4456 4463/4463/4463 4531/4531/4531
f 4465/4465/4465 4461/4461/4461 4459/4459/4459
f 4555/4555/4555 4466/4466/4466 4460/4460/4460
f 4458/4458/4458 4553/4553/4553 4557/4557/4557
f 4558/4558/4558 4555/4555/4555 4460/4460/4460
f 4461/4461/4461 4465/4465/4465 4468/4468/4468
f 4464/4464/4464 4469/4469/4469 4539/4539/4539
f 4538/4538/4538 4531/4531/4531 4463/4463/4463
f 4470/4470/4470 4468/4468/4468 4465/4465/4465
f 4556/4556/4556 4473/4473/4473 4467/4467/4467
f 4469/4469/4469 4474/4474/4474 4539/4539/4539
f 4575/4575/4575 4537/4537/4537 4471/4471/4471
f 4472/4472/4472 4554/4554/4554 4559/4559/4559
f 4472/4472/4472 4559/4559/4559 4573/4573/4573
f 4471/4471/4471 4572/4572/4572 4575/4575/4575
f 4484/4484/4484 4477/4477/4477 4475/4475/4475
f 4494/4494/4494 4484/4484/4484 4475/4475/4475
f 4482/4482/4482 4478/4478/4478 4477/4477/4477
f 4484/4484/4484 4482/4482/4482 4477/4477/4477
f 4481/4481/4481 4483/4483/4483 4499/4499/4499
f 4483/4483/4483 4486/4486/4486 4499/4499/4499
f 4495/4495/4495 4490/4490/4490 4487/4487/4487
f 4485/4485/4485 4489/4489/4489 4498/4498/4498
f 4488/4488/4488 4490/4490/4490 4495/4495/4495
f 4711/4711/4711 4490/4490/4490 4488/4488/4488
f 4712/4712/4712 4498/4498/4498 4489/4489/4489
f 4489/4489/4489 4710/4710/4710 4712/4712/4712
f 4492/4492/4492 4497/4497/4497 4708/4708/4708
f 4716/4716/4716 4502/4502/4502 4493/4493/4493
f 4492/4492/4492 4708/4708/4708 4714/4714/4714
f 4499/4499/4499 4713/4713/4713 4718/4718/4718
f 4502/4502/4502 4716/4716/4716 4733/4733/4733
f 4527/4527/4527 4508/4508/4508 4505/4505/4505
f 4508/4508/4508 4527/4527/4527 4534/4534/4534
f 4507/4507/4507 4533/4533/4533 4542/4542/4542
f 4508/4508/4508 4543/4543/4543 4885/4885/4885
f 4519/4519/4519 4513/4513/4513 4511/4511/4511
f 4512/4512/4512 4518/4518/4518 4520/4520/4520
f 4525/4525/4525 4517/4517/4517 4514/4514/4514
f 4513/4513/4513 4519/4519/4519 4523/4523/4523
f 4975/4975/4975 4520/4520/4520 4518/4518/4518
f 4517/4517/4517 4525/4525/4525 4979/4979/4979
f 4977/4977/4977 4971/4971/4971 4515/4515/4515
f 4973/4973/4973 4523/4523/4523 4519/4519/4519
f 4524/4524/4524 4974/4974/4974 4983/4983/4983
f 4984/4984/4984 4976/4976/4976 4521/4521/4521
f 4522/4522/4522 4981/4981/4981 4985/4985/4985
f 4529/4529/4529 4532/4532/4532 4587/4587/4587
f 4540/4540/4540 4535/4535/4535 4528/4528/4528
f 4597/4597/4597 4540/4540/4540 4528/4528/4528
f 4588/4588/4588 4579/4579/4579 4530/4530/4530
f 4528/4528/4528 4578/4578/4578 4597/4597/4597
f 4531/4531/4531 4538/4538/4538 4585/4585/4585
f 4536/4536/4536 4541/4541/4541 4547/4547/4547
f 4547/4547/4547 4544/4544/4544 4536/4536/4536
f 4538/4538/4538 4576/4576/4576 4585/4585/4585
f 4552/4552/4552 4547/4547/4547 4541/4541/4541
f 4596/4596/4596 4552/4552/4552 4541/4541/4541
f 4543/4543/4543 4546/4546/4546 4988/4988/4988
f 4988/4988/4988 4885/4885/4885 4543/4543/4543
f 4545/4545/4545 4550/4550/4550 5000/5000/5000
f 5001/5001/5001 4988/4988/4988 4546/4546/4546
f 4548/4548/4548 4551/4551/4551 4595/4595/4595
f 5045/5045/5045 4551/4551/4551 4548/4548/4548
f 4549/4549/4549 4597/4597/4597 4598/4598/4598
f 4549/4549/4549 4598/4598/4598 5046/5046/5046
f 5048/5048/5048 5000/5000/5000 4550/4550/4550
f 4551/4551/4551 5045/5045/5045 5049/5049/5049
f 6249/6249/6249 4557/4557/4557 4553/4553/4553
f 4555/4555/4555 4558/4558/4558 4560/4560/4560
f 4564/4564/4564 4560/4560/4560 4558/4558/4558
f 4568/4568/4568 4562/4562/4562 4557/4557/4557
f 6269/6269/6269 4568/4568/4568 4557/4557/4557
f 4557/4557/4557 6249/6249/6249 6254/6254/6254
f 4557/4557/4557 6254/6254/6254 6269/6269/6269
f 4561/4561/4561 4565/4565/4565 4574/4574/4574
f 4563/4563/4563 4569/4569/4569 4585/4585/4585
f 4577/4577/4577 4574/4574/4574 4565/4565/4565
f 4585/4585/4585 4576/4576/4576 4563/4563/4563
f 4606/4606/4606 4571/4571/4571 4567/4567/4567
f 4567/4567/4567 4571/4571/4571 6271/6271/6271
f 4609/4609/4609 4605/4605/4605 4566/4566/4566
f 4612/4612/4612 4609/4609/4609 4566/4566/4566
f 6293/6293/6293 4612/4612/4612 4566/4566/4566
f 4567/4567/4567 6271/6271/6271 6294/6294/6294
f 4604/4604/4604 4586/4586/4586 4570/4570/4570
f 4594/4594/4594 4584/4584/4584 4581/4581/4581
f 4578/4578/4578 4583/4583/4583 4597/4597/4597
f 4582/4582/4582 4589/4589/4589 4607/4607/4607
f 4581/4581/4581 4592/4592/4592 4594/4594/4594
f 4609/4609/4609 4591/4591/4591 4580/4580/4580
f 4580/4580/4580 4605/4605/4605 4609/4609/4609
f 4584/4584/4584 4594/4594/4594 4602/4602/4602
f 4598/4598/4598 4597/4597/4597 4583/4583/4583
f 4601/4601/4601 4598/4598/4598 4583/4583/4583
f 6323/6323/6323 4593/4593/4593 4590/4590/4590
f 4590/4590/4590 4608/4608/4608 4611/4611/4611
f 4590/4590/4590 4611/4611/4611 6323/6323/6323
f 5753/5753/5753 4602/4602/4602 4594/4594/4594
f 6323/6323/6323 5752/5752/5752 4593/4593/4593
f 4599/4599/4599 4603/4603/4603 4614/4614/4614
f 4600/4600/4600 4615/4615/4615 5830/5830/5830
f 5054/5054/5054 5046/5046/5046 4598/4598/4598
f 5830/5830/5830 5056/5056/5056 4600/4600/4600
f 4617/4617/4617 4614/4614/4614 4603/4603/4603
f 5754/5754/5754 4617/4617/4617 4603/4603/4603
f 4610/4610/4610 6292/6292/6292 6296/6296/6296
f 4610/4610/4610 6296/6296/6296 6306/6306/6306
f 4611/4611/4611 6307/6307/6307 6323/6323/6323
f 4613/4613/4613 4616/4616/4616 5828/5828/5828
f 4616/4616/4616 5750/5750/5750 6136/6136/6136
f 6118/6118/6118 5828/5828/5828 4616/4616/4616
f 6133/6133/6133 6118/6118/6118 4616/4616/4616
f 6136/6136/6136 6133/6133/6133 4616/4616/4616
f 4625/4625/4625 4620/4620/4620 4619/4619/4619
f 4619/4619/4619 4623/4623/4623 4625/4625/4625
f 4620/4620/4620 4625/4625/4625 4635/4635/4635
f 4632/4632/4632 4624/4624/4624 4621/4621/4621
f 4624/4624/4624 4632/4632/4632 4634/4634/4634
f 4633/4633/4633 4629/4629/4629 4627/4627/4627
f 4643/4643/4643 4633/4633/4633 4627/4627/4627
f 4626/4626/4626 4637/4637/4637 4642/4642/4642
f 4646/4646/4646 4634/4634/4634 4632/4632/4632
f 4632/4632/4632 4640/4640/4640 4644/4644/4644
f 4632/4632/4632 4644/4644/4644 4655/4655/4655
f 4655/4655/4655 4646/4646/4646 4632/4632/4632
f 4633/4633/4633 4643/4643/4643 4653/4653/4653
f 4653/4653/4653 4651/4651/4651 4633/4633/4633
f 4667/4667/4667 4641/4641/4641 4636/4636/4636
f 4658/4658/4658 4642/4642/4642 4637/4637/4637
f 4664/4664/4664 4659/4659/4659 4639/4639/4639
f 4667/4667/4667 4645/4645/4645 4641/4641/4641
f 4679/4679/4679 4652/4652/4652 4642/4642/4642
f 4642/4642/4642 4658/4658/4658 4666/4666/4666
f 4642/4642/4642 4666/4666/4666 4679/4679/4679
f 4717/4717/4717 4655/4655/4655 4644/4644/4644
f 4645/4645/4645 4667/4667/4667 4718/4718/4718
f 4655/4655/4655 4654/4654/4654 4646/4646/4646
f 4649/4649/4649 4652/4652/4652 4656/4656/4656
f 4679/4679/4679 4656/4656/4656 4652/4652/4652
f 4654/4654/4654 4655/4655/4655 4697/4697/4697
f 4695/4695/4695 4693/4693/4693 4654/4654/4654
f 4697/4697/4697 4695/4695/4695 4654/4654/4654
f 4717/4717/4717 4697/4697/4697 4655/4655/4655
f 4656/4656/4656 4679/4679/4679 4700/4700/4700
f 4656/4656/4656 4700/4700/4700 4707/4707/4707
f 4659/4659/4659 4664/4664/4664 4677/4677/4677
f 4676/4676/4676 4666/4666/4666 4658/4658/4658
f 4675/4675/4675 4669/4669/4669 4665/4665/4665
f 4666/4666/4666 4671/4671/4671 4679/4679/4679
f 4669/4669/4669 4675/4675/4675 4790/4790/4790
f 4720/4720/4720 4679/4679/4679 4671/4671/4671
f 4729/4729/4729 4719/4719/4719 4670/4670/4670
f 4797/4797/4797 4730/4730/4730 4673/4673/4673
f 4672/4672/4672 4792/4792/4792 4794/4794/4794
f 4701/4701/4701 4698/4698/4698 4678/4678/4678
f 4728/4728/4728 4703/4703/4703 4679/4679/4679
f 4679/4679/4679 4720/4720/4720 4728/4728/4728
f 4685/4685/4685 4682/4682/4682 4680/4680/4680
f 4741/4741/4741 4689/4689/4689 4681/4681/4681
f 4684/4684/4684 4687/4687/4687 4690/4690/4690
f 4684/4684/4684 4690/4690/4690 4842/4842/4842
f 4746/4746/4746 4691/4691/4691 4688/4688/4688
f 4689/4689/4689 4741/4741/4741 4744/4744/4744
f 4686/4686/4686 4742/4742/4742 4745/4745/4745
f 4691/4691/4691 4746/4746/4746 4827/4827/4827
f 4827/4827/4827 4749/4749/4749 4691/4691/4691
f 4690/4690/4690 4748/4748/4748 4842/4842/4842
f 4694/4694/4694 4696/4696/4696 4711/4711/4711
f 4695/4695/4695 4697/4697/4697 4712/4712/4712
f 4712/4712/4712 4710/4710/4710 4695/4695/4695
f 4717/4717/4717 4712/4712/4712 4697/4697/4697
f 4699/4699/4699 4702/4702/4702 4715/4715/4715
f 4709/4709/4709 4707/4707/4707 4700/4700/4700
f 4716/4716/4716 4709/4709/4709 4700/4700/4700
f 4728/4728/4728 4716/4716/4716 4703/4703/4703
f 4716/4716/4716 4728/4728/4728 4733/4733/4733
f 4720/4720/4720 4724/4724/4724 4728/4728/4728
f 4760/4760/4760 4725/4725/4725 4721/4721/4721
f 4719/4719/4719 4729/4729/4729 4758/4758/4758
f 4731/4731/4731 4727/4727/4727 4722/4722/4722
f 4725/4725/4725 4760/4760/4760 4765/4765/4765
f 4771/4771/4771 4758/4758/4758 4729/4729/4729
f 4797/4797/4797 4772/4772/4772 4730/4730/4730
f 4738/4738/4738 4764/4764/4764 4946/4946/4946
f 4815/4815/4815 4812/4812/4812 4736/4736/4736
f 4946/4946/4946 4817/4817/4817 4738/4738/4738
f 4750/4750/4750 4745/4745/4745 4742/4742/4742
f 4746/4746/4746 4753/4753/4753 4827/4827/4827
f 4747/4747/4747 4826/4826/4826 4868/4868/4868
f 4871/4871/4871 4842/4842/4842 4748/4748/4748
f 4748/4748/4748 4869/4869/4869 4871/4871/4871
f 4874/4874/4874 4825/4825/4825 4752/4752/4752
f 4767/4767/4767 4759/4759/4759 4755/4755/4755
f 4756/4756/4756 4761/4761/4761 4774/4774/4774
f 4777/4777/4777 4767/4767/4767 4755/4755/4755
f 4754/4754/4754 4770/4770/4770 4800/4800/4800
f 4781/4781/4781 4775/4775/4775 4754/4754/4754
f 4800/4800/4800 4781/4781/4781 4754/4754/4754
f 4766/4766/4766 4762/4762/4762 4757/4757/4757
f 4764/4764/4764 4768/4768/4768 4946/4946/4946
f 4767/4767/4767 4777/4777/4777 4929/4929/4929
f 4769/4769/4769 4930/4930/4930 4947/4947/4947
f 4772/4772/4772 4797/4797/4797 4807/4807/4807
f 4808/4808/4808 4802/4802/4802 4773/4773/4773
f 4782/4782/4782 4778/4778/4778 4776/4776/4776
f 4776/4776/4776 4778/4778/4778 4928/4928/4928
f 4778/4778/4778 4782/4782/4782 4784/4784/4784
f 4780/4780/4780 4785/4785/4785 5072/5072/5072
f 4949/4949/4949 4928/4928/4928 4778/4778/4778
f 5086/5086/5086 4950/4950/4950 4779/4779/4779
f 4779/4779/4779 5071/5071/5071 5086/5086/5086
f 4823/4823/4823 4788/4788/4788 4783/4783/4783
f 4783/4783/4783 4803/4803/4803 4823/4823/4823
f 4787/4787/4787 4824/4824/4824 4830/4830/4830
f 4786/4786/4786 4829/4829/4829 5168/5168/5168
f 5167/5167/5167 5072/5072/5072 4785/4785/4785
f 4798/4798/4798 4793/4793/4793 4791/4791/4791
f 4813/4813/4813 4806/4806/4806 4796/4796/4796
f 4801/4801/4801 4805/4805/4805 4810/4810/4810
f 4801/4801/4801 4810/4810/4810 4822/4822/4822
f 4812/4812/4812 4809/4809/4809 4804/4804/4804
f 4809/4809/4809 4812/4812/4812 4815/4815/4815
f 4811/4811/4811 4816/4816/4816 4820/4820/4820
f 4810/4810/4810 4819/4819/4819 4822/4822/4822
f 5010/5010/5010 4820/4820/4820 4816/4816/4816
f 4818/4818/4818 4948/4948/4948 5012/5012/5012
f 4830/4830/4830 4824/4824/4824 4821/4821/4821
f 4835/4835/4835 4830/4830/4830 4821/4821/4821
f 5010/5010/5010 4831/4831/4831 4820/4820/4820
f 4873/4873/4873 4868/4868/4868 4826/4826/4826
f 4828/4828/4828 4833/4833/4833 5280/5280/5280
f 5281/5281/5281 5168/5168/5168 4829/4829/4829
f 5011/5011/5011 4957/4957/4957 4832/4832/4832
f 4834/4834/4834 4958/4958/4958 5291/5291/5291
f 5284/5284/5284 5280/5280/5280 4833/4833/4833
f 5291/5291/5291 5285/5285/5285 4834/4834/4834
f 4838/4838/4838 4842/4842/4842 4845/4845/4845
f 4844/4844/4844 4843/4843/4843 4837/4837/4837
f 4871/4871/4871 4845/4845/4845 4842/4842/4842
f 4843/4843/4843 4844/4844/4844 4870/4870/4870
f 4856/4856/4856 4846/4846/4846 4843/4843/4843
f 4862/4862/4862 4856/4856/4856 4843/4843/4843
f 4866/4866/4866 4862/4862/4862 4843/4843/4843
f 4870/4870/4870 4866/4866/4866 4843/4843/4843
f 4857/4857/4857 4851/4851/4851 4847/4847/4847
f 4850/4850/4850 4855/4855/4855 4861/4861/4861
f 4863/4863/4863 4858/4858/4858 4852/4852/4852
f 4860/4860/4860 4864/4864/4864 5102/5102/5102
f 4864/4864/4864 4867/4867/4867 5102/5102/5102
f 4866/4866/4866 4870/4870/4870 4881/4881/4881
f 4865/4865/4865 4880/4880/4880 5157/5157/5157
f 5158/5158/5158 5101/5101/5101 4866/4866/4866
f 4878/4878/4878 4871/4871/4871 4869/4869/4869
f 4868/4868/4868 4873/4873/4873 4877/4877/4877
f 4871/4871/4871 4878/4878/4878 4883/4883/4883
f 5077/5077/5077 4879/4879/4879 4875/4875/4875
f 5170/5170/5170 4882/4882/4882 4876/4876/4876
f 4879/4879/4879 5077/5077/5077 5171/5171/5171
f 5170/5170/5170 5159/5159/5159 4882/4882/4882
f 4998/4998/4998 4925/4925/4925 4886/4886/4886
f 4886/4886/4886 4990/4990/4990 4992/4992/4992
f 4886/4886/4886 4992/4992/4992 4998/4998/4998
f 4932/4932/4932 4894/4894/4894 4890/4890/4890
f 4891/4891/4891 4895/4895/4895 4986/4986/4986
f 4889/4889/4889 4898/4898/4898 4936/4936/4936
f 4985/4985/4985 4897/4897/4897 4888/4888/4888
f 4890/4890/4890 4900/4900/4900 4932/4932/4932
f 4938/4938/4938 4901/4901/4901 4892/4892/4892
f 4931/4931/4931 4899/4899/4899 4893/4893/4893
f 4893/4893/4893 4899/4899/4899 4978/4978/4978
f 4896/4896/4896 4980/4980/4980 4987/4987/4987
f 4899/4899/4899 4931/4931/4931 4937/4937/4937
f 4982/4982/4982 4978/4978/4978 4899/4899/4899
f 4985/4985/4985 4981/4981/4981 4897/4897/4897
f 4940/4940/4940 4908/4908/4908 4903/4903/4903
f 4939/4939/4939 4933/4933/4933 4905/4905/4905
f 4911/4911/4911 4914/4914/4914 4918/4918/4918
f 4919/4919/4919 4912/4912/4912 4909/4909/4909
f 4910/4910/4910 4915/4915/4915 4966/4966/4966
f 4965/4965/4965 4919/4919/4919 4909/4909/4909
f 4917/4917/4917 4921/4921/4921 4967/4967/4967
f 5016/5016/5016 4961/4961/4961 4923/4923/4923
f 4927/4927/4927 4999/4999/4999 5018/5018/5018
f 4954/4954/4954 4947/4947/4947 4930/4930/4930
f 4930/4930/4930 4951/4951/4951 4954/4954/4954
f 4941/4941/4941 4960/4960/4960 4968/4968/4968
f 4942/4942/4942 4969/4969/4969 5078/5078/5078
f 5080/5080/5080 5067/5067/5067 4945/4945/4945
f 4948/4948/4948 4956/4956/4956 5012/5012/5012
f 4957/4957/4957 4955/4955/4955 4952/4952/4952
f 5099/5099/5099 4959/4959/4959 4953/4953/4953
f 4953/4953/4953 5087/5087/5087 5099/5099/5099
f 4955/4955/4955 4957/4957/4957 5011/5011/5011
f 4958/4958/4958 5098/5098/5098 5291/5291/5291
f 5522/5522/5522 4970/4970/4970 4962/4962/4962
f 4962/4962/4962 5017/5017/5017 5522/5522/5522
f 5233/5233/5233 5078/5078/5078 4969/4969/4969
f 5522/5522/5522 5234/5234/5234 4970/4970/4970
f 4972/4972/4972 4978/4978/4978 4982/4982/4982
f 5002/5002/5002 4991/4991/4991 4989/4989/4989
f 5002/5002/5002 4996/4996/4996 4991/4991/4991
f 4996/4996/4996 5002/5002/5002 5050/5050/5050
f 4995/4995/4995 5009/5009/5009 5021/5021/5021
f 5052/5052/5052 5009/5009/5009 4995/4995/4995
f 5020/5020/5020 5015/5015/5015 4994/4994/4994
f 5049/5049/5049 5045/5045/5045 4993/4993/4993
f 4997/4997/4997 5047/5047/5047 5055/5055/5055
f 5019/5019/5019 5007/5007/5007 5004/5004/5004
f 5003/5003/5003 5005/5005/5005 5034/5034/5034
f 5027/5027/5027 5019/5019/5019 5004/5004/5004
f 5034/5034/5034 5026/5026/5026 5003/5003/5003
f 5057/5057/5057 5034/5034/5034 5005/5005/5005
f 5008/5008/5008 5051/5051/5051 5735/5735/5735
f 5060/5060/5060 5057/5057/5057 5005/5005/5005
f 5733/5733/5733 5059/5059/5059 5006/5006/5006
f 5014/5014/5014 5019/5019/5019 5023/5023/5023
f 5013/5013/5013 5022/5022/5022 5037/5037/5037
f 5013/5013/5013 5037/5037/5037 5520/5520/5520
f 5027/5027/5027 5023/5023/5023 5019/5019/5019
f 5024/5024/5024 5029/5029/5029 5032/5032/5032
f 5025/5025/5025 5033/5033/5033 5040/5040/5040
f 5035/5035/5035 5031/5031/5031 5028/5028/5028
f 5031/5031/5031 5035/5035/5035 5058/5058/5058
f 5041/5041/5041 5036/5036/5036 5030/5030/5030
f 5833/5833/5833 5042/5042/5042 5031/5031/5031
f 5031/5031/5031 5058/5058/5058 5832/5832/5832
f 5031/5031/5031 5832/5832/5832 5833/5833/5833
f 5038/5038/5038 5043/5043/5043 5532/5532/5532
f 5039/5039/5039 5519/5519/5519 5521/5521/5521
f 5532/5532/5532 5518/5518/5518 5038/5038/5038
f 5834/5834/5834 5533/5533/5533 5044/5044/5044
f 5741/5741/5741 5735/5735/5735 5051/5051/5051
f 6119/6119/6119 5742/5742/5742 5053/5053/5053
f 5053/5053/5053 5829/5829/5829 6119/6119/6119
f 5057/5057/5057 5060/5060/5060 5831/5831/5831
f 5060/5060/5060 5734/5734/5734 6120/6120/6120
f 6120/6120/6120 5831/5831/5831 5060/5060/5060
f 5061/5061/5061 5065/5065/5065 5079/5079/5079
f 5063/5063/5063 5081/5081/5081 5226/5226/5226
f 5226/5226/5226 5093/5093/5093 5063/5063/5063
f 5068/5068/5068 5089/5089/5089 5220/5220/5220
f 5070/5070/5070 5222/5222/5222 5275/5275/5275
f 5275/5275/5275 5258/5258/5258 5070/5070/5070
f 5073/5073/5073 5085/5085/5085 5088/5088/5088
f 5166/5166/5166 5084/5084/5084 5075/5075/5075
f 5169/5169/5169 5165/5165/5165 5074/5074/5074
f 5077/5077/5077 5163/5163/5163 5171/5171/5171
f 5233/5233/5233 5225/5225/5225 5078/5078/5078
f 5096/5096/5096 5088/5088/5088 5085/5085/5085
f 5183/5183/5183 5094/5094/5094 5082/5082/5082
f 5084/5084/5084 5166/5166/5166 5174/5174/5174
f 5084/5084/5084 5174/5174/5174 5177/5177/5177
f 5083/5083/5083 5176/5176/5176 5184/5184/5184
f 5088/5088/5088 5096/5096/5096 5100/5100/5100
f 5224/5224/5224 5220/5220/5220 5089/5089/5089
f 5295/5295/5295 5097/5097/5097 5095/5095/5095
f 5094/5094/5094 5183/5183/5183 5292/5292/5292
f 5295/5295/5295 5290/5290/5290 5097/5097/5097
f 5115/5115/5115 5106/5106/5106 5103/5103/5103
f 5105/5105/5105 5109/5109/5109 5131/5131/5131
f 5103/5103/5103 5111/5111/5111 5115/5115/5115
f 5242/5242/5242 5113/5113/5113 5104/5104/5104
f 5105/5105/5105 5131/5131/5131 5151/5151/5151
f 5104/5104/5104 5149/5149/5149 5242/5242/5242
f 5108/5108/5108 5117/5117/5117 5181/5181/5181
f 5179/5179/5179 5129/5129/5129 5107/5107/5107
f 5125/5125/5125 5116/5116/5116 5112/5112/5112
f 5240/5240/5240 5123/5123/5123 5110/5110/5110
f 5124/5124/5124 5119/5119/5119 5114/5114/5114
f 5118/5118/5118 5122/5122/5122 5182/5182/5182
f 5119/5119/5119 5124/5124/5124 5139/5139/5139
f 5120/5120/5120 5140/5140/5140 5268/5268/5268
f 5188/5188/5188 5180/5180/5180 5121/5121/5121
f 5268/5268/5268 5187/5187/5187 5120/5120/5120
f 5245/5245/5245 5139/5139/5139 5124/5124/5124
f 5124/5124/5124 5241/5241/5241 5245/5245/5245
f 5247/5247/5247 5133/5133/5133 5128/5128/5128
f 5126/5126/5126 5132/5132/5132 6162/6162/6162
f 5129/5129/5129 5136/5136/5136 5154/5154/5154
f 5179/5179/5179 5136/5136/5136 5129/5129/5129
f 5155/5155/5155 5150/5150/5150 5130/5130/5130
f 5133/5133/5133 5247/5247/5247 5260/5260/5260
f 5134/5134/5134 5261/5261/5261 6173/6173/6173
f 6173/6173/6173 6163/6163/6163 5134/5134/5134
f 5138/5138/5138 5147/5147/5147 5156/5156/5156
f 5211/5211/5211 5145/5145/5145 5135/5135/5135
f 5136/5136/5136 5179/5179/5179 5216/5216/5216
f 5217/5217/5217 5212/5212/5212 5137/5137/5137
f 5245/5245/5245 5143/5143/5143 5139/5139/5139
f 5141/5141/5141 5146/5146/5146 5270/5270/5270
f 5244/5244/5244 5153/5153/5153 5142/5142/5142
f 5145/5145/5145 5211/5211/5211 5214/5214/5214
f 5144/5144/5144 5213/5213/5213 5267/5267/5267
f 5148/5148/5148 5152/5152/5152 5243/5243/5243
f 5243/5243/5243 5239/5239/5239 5148/5148/5148
f 5170/5170/5170 5161/5161/5161 5159/5159/5159
f 5165/5165/5165 5169/5169/5169 5297/5297/5297
f 5298/5298/5298 5174/5174/5174 5166/5166/5166
f 5169/5169/5169 5282/5282/5282 5297/5297/5297
f 5191/5191/5191 5178/5178/5178 5175/5175/5175
f 5304/5304/5304 5189/5189/5189 5173/5173/5173
f 5172/5172/5172 5296/5296/5296 5311/5311/5311
f 5321/5321/5321 5304/5304/5304 5173/5173/5173
f 5173/5173/5173 5312/5312/5312 5321/5321/5321
f 5209/5209/5209 5186/5186/5186 5178/5178/5178
f 5178/5178/5178 5191/5191/5191 5209/5209/5209
f 5180/5180/5180 5188/5188/5188 5219/5219/5219
f 5218/5218/5218 5216/5216/5216 5179/5179/5179
f 5207/5207/5207 5199/5199/5199 5185/5185/5185
f 5185/5185/5185 5199/5199/5199 5319/5319/5319
f 5317/5317/5317 5292/5292/5292 5183/5183/5183
f 5538/5538/5538 5219/5219/5219 5188/5188/5188
f 5187/5187/5187 5268/5268/5268 5537/5537/5537
f 5193/5193/5193 5197/5197/5197 5210/5210/5210
f 5310/5310/5310 5195/5195/5195 5192/5192/5192
f 5190/5190/5190 5306/5306/5306 5308/5308/5308
f 5194/5194/5194 5203/5203/5203 5208/5208/5208
f 5309/5309/5309 5204/5204/5204 5196/5196/5196
f 5206/5206/5206 5202/5202/5202 5198/5198/5198
f 5200/5200/5200 5205/5205/5205 5316/5316/5316
f 5199/5199/5199 5315/5315/5315 5319/5319/5319
f 5201/5201/5201 5307/5307/5307 5314/5314/5314
f 5540/5540/5540 5214/5214/5214 5211/5211/5211
f 5212/5212/5212 5217/5217/5217 5541/5541/5541
f 5272/5272/5272 5269/5269/5269 5215/5215/5215
f 5540/5540/5540 5271/5271/5271 5214/5214/5214
f 5216/5216/5216 5218/5218/5218 5335/5335/5335
f 5217/5217/5217 5336/5336/5336 5541/5541/5541
f 5218/5218/5218 5328/5328/5328 5335/5335/5335
f 5538/5538/5538 5329/5329/5329 5219/5219/5219
f 5220/5220/5220 5224/5224/5224 5229/5229/5229
f 5221/5221/5221 5230/5230/5230 5277/5277/5277
f 5277/5277/5277 5274/5274/5274 5221/5221/5221
f 5232/5232/5232 5228/5228/5228 5223/5223/5223
f 5227/5227/5227 5231/5231/5231 5235/5235/5235
f 5227/5227/5227 5235/5235/5235 5237/5237/5237
f 5227/5227/5227 5237/5237/5237 5276/5276/5276
f 5526/5526/5526 5236/5236/5236 5234/5234/5234
f 5234/5234/5234 5522/5522/5522 5526/5526/5526
f 5527/5527/5527 5237/5237/5237 5235/5235/5235
f 5235/5235/5235 5523/5523/5523 5527/5527/5527
f 5790/5790/5790 5276/5276/5276 5237/5237/5237
f 5238/5238/5238 5529/5529/5529 5791/5791/5791
f 5248/5248/5248 5251/5251/5251 5262/5262/5262
f 5252/5252/5252 5255/5255/5255 5266/5266/5266
f 5265/5265/5265 5262/5262/5262 5251/5251/5251
f 6177/6177/6177 5263/5263/5263 5253/5253/5253
f 5254/5254/5254 6175/6175/6175 6178/6178/6178
f 5256/5256/5256 5273/5273/5273 5762/5762/5762
f 5259/5259/5259 5264/5264/5264 6172/6172/6172
f 6179/6179/6179 6172/6172/6172 5264/5264/5264
f 5269/5269/5269 5272/5272/5272 5535/5535/5535
f 5268/5268/5268 5534/5534/5534 5537/5537/5537
f 5582/5582/5582 5535/5535/5535 5272/5272/5272
f 5271/5271/5271 5540/5540/5540 5581/5581/5581
f 5274/5274/5274 5277/5277/5277 5765/5765/5765
f 5767/5767/5767 5762/5762/5762 5273/5273/5273
f 5273/5273/5273 5764/5764/5764 5767/5767/5767
f 5793/5793/5793 5766/5766/5766 5278/5278/5278
f 5279/5279/5279 5283/5283/5283 5300/5300/5300
f 5302/5302/5302 5297/5297/5297 5282/5282/5282
f 5289/5289/5289 5287/5287/5287 5283/5283/5283
f 5283/5283/5283 5287/5287/5287 5300/5300/5300
f 5287/5287/5287 5289/5289/5289 5294/5294/5294
f 5286/5286/5286 5293/5293/5293 5318/5318/5318
f 5323/5323/5323 5301/5301/5301 5288/5288/5288
f 5286/5286/5286 5318/5318/5318 5320/5320/5320
f 5296/5296/5296 5299/5299/5299 5311/5311/5311
f 5323/5323/5323 5313/5313/5313 5301/5301/5301
f 5314/5314/5314 5307/5307/5307 5303/5303/5303
f 5322/5322/5322 5315/5315/5315 5305/5305/5305
f 5322/5322/5322 5319/5319/5319 5315/5315/5315
f 5325/5325/5325 5332/5332/5332 5338/5338/5338
f 6184/6184/6184 5330/5330/5330 5324/5324/5324
f 5326/5326/5326 5339/5339/5339 6189/6189/6189
f 5324/5324/5324 6181/6181/6181 6184/6184/6184
f 6189/6189/6189 6183/6183/6183 5326/5326/5326
f 5549/5549/5549 5333/5333/5333 5327/5327/5327
f 5327/5327/5327 5536/5536/5536 5549/5549/5549
f 5348/5348/5348 5338/5338/5338 5332/5332/5332
f 6196/6196/6196 5347/5347/5347 5331/5331/5331
f 5331/5331/5331 6185/6185/6185 6196/6196/6196
f 5569/5569/5569 5541/5541/5541 5336/5336/5336
f 5334/5334/5334 5553/5553/5553 5560/5560/5560
f 5336/5336/5336 5561/5561/5561 5569/5569/5569
f 5415/5415/5415 5342/5342/5342 5338/5338/5338
f 5337/5337/5337 5341/5341/5341 6187/6187/6187
f 5338/5338/5338 5348/5348/5348 5356/5356/5356
f 5338/5338/5338 5356/5356/5356 5415/5415/5415
f 5340/5340/5340 5413/5413/5413 6205/6205/6205
f 6190/6190/6190 6187/6187/6187 5341/5341/5341
f 6208/6208/6208 6192/6192/6192 5343/5343/5343
f 5397/5397/5397 5386/5386/5386 5346/5346/5346
f 5346/5346/5346 5386/5386/5386 6194/6194/6194
f 5399/5399/5399 5396/5396/5396 5345/5345/5345
f 6203/6203/6203 5399/5399/5399 5345/5345/5345
f 6200/6200/6200 5357/5357/5357 5349/5349/5349
f 5349/5349/5349 6198/6198/6198 6200/6200/6200
f 5351/5351/5351 5552/5552/5552 5556/5556/5556
f 5559/5559/5559 5551/5551/5551 5350/5350/5350
f 5353/5353/5353 5558/5558/5558 5612/5612/5612
f 5566/5566/5566 5562/5562/5562 5354/5354/5354
f 5624/5624/5624 5565/5565/5565 5352/5352/5352
f 5352/5352/5352 5613/5613/5613 5624/5624/5624
f 6206/6206/6206 5414/5414/5414 5355/5355/5355
f 5358/5358/5358 6201/6201/6201 6211/6211/6211
f 6209/6209/6209 6206/6206/6206 5355/5355/5355
f 5362/5362/5362 5376/5376/5376 5379/5379/5379
f 5433/5433/5433 5376/5376/5376 5362/5362/5362
f 5361/5361/5361 5380/5380/5380 5416/5416/5416
f 5363/5363/5363 5417/5417/5417 5422/5422/5422
f 5360/5360/5360 5421/5421/5421 5450/5450/5450
f 5448/5448/5448 5430/5430/5430 5359/5359/5359
f 5364/5364/5364 5367/5367/5367 5388/5388/5388
f 5412/5412/5412 5369/5369/5369 5366/5366/5366
f 5388/5388/5388 5370/5370/5370 5364/5364/5364
f 5365/5365/5365 5371/5371/5371 5393/5393/5393
f 5365/5365/5365 5393/5393/5393 5411/5411/5411
f 5409/5409/5409 5389/5389/5389 5368/5368/5368
f 5418/5418/5418 5381/5381/5381 5375/5375/5375
f 5373/5373/5373 5378/5378/5378 5428/5428/5428
f 5425/5425/5425 5417/5417/5417 5374/5374/5374
f 5429/5429/5429 5425/5425/5425 5374/5374/5374
f 5438/5438/5438 5379/5379/5379 5376/5376/5376
f 5376/5376/5376 5433/5433/5433 5438/5438/5438
f 5405/5405/5405 5387/5387/5387 5382/5382/5382
f 5378/5378/5378 5383/5383/5383 5428/5428/5428
f 5434/5434/5434 5401/5401/5401 5377/5377/5377
f 5385/5385/5385 5400/5400/5400 6204/6204/6204
f 5383/5383/5383 5404/5404/5404 5428/5428/5428
f 6204/6204/6204 6195/6195/6195 5385/5385/5385
f 5410/5410/5410 5392/5392/5392 5390/5390/5390
f 5440/5440/5440 5427/5427/5427 5402/5402/5402
f 5403/5403/5403 5435/5435/5435 5441/5441/5441
f 5614/5614/5614 5609/5609/5609 5406/5406/5406
f 5408/5408/5408 5610/5610/5610 5653/5653/5653
f 5406/5406/5406 5611/5611/5611 5614/5614/5614
f 5622/5622/5622 5611/5611/5611 5406/5406/5406
f 5625/5625/5625 5622/5622/5622 5406/5406/5406
f 5684/5684/5684 5626/5626/5626 5407/5407/5407
f 5653/5653/5653 5651/5651/5651 5408/5408/5408
f 5407/5407/5407 5650/5650/5650 5684/5684/5684
f 5425/5425/5425 5422/5422/5422 5417/5417/5417
f 5419/5419/5419 5424/5424/5424 5508/5508/5508
f 5503/5503/5503 5449/5449/5449 5420/5420/5420
f 5508/5508/5508 5502/5502/5502 5419/5419/5419
f 5423/5423/5423 5426/5426/5426 5439/5439/5439
f 5424/5424/5424 5442/5442/5442 5508/5508/5508
f 5444/5444/5444 5436/5436/5436 5431/5431/5431
f 5512/5512/5512 5446/5446/5446 5432/5432/5432
f 5430/5430/5430 5448/5448/5448 5511/5511/5511
f 5445/5445/5445 5443/5443/5443 5437/5437/5437
f 5443/5443/5443 5445/5445/5445 5509/5509/5509
f 5513/5513/5513 5510/5510/5510 5447/5447/5447
f 5451/5451/5451 5469/5469/5469 5483/5483/5483
f 5507/5507/5507 5467/5467/5467 5454/5454/5454
f 5452/5452/5452 5480/5480/5480 5495/5495/5495
f 5453/5453/5453 5484/5484/5484 5494/5494/5494
f 5453/5453/5453 5494/5494/5494 5514/5514/5514
f 5457/5457/5457 5460/5460/5460 5476/5476/5476
f 5500/5500/5500 5459/5459/5459 5456/5456/5456
f 5497/5497/5497 5474/5474/5474 5458/5458/5458
f 5491/5491/5491 5479/5479/5479 5461/5461/5461
f 5500/5500/5500 5490/5490/5490 5459/5459/5459
f 5472/5472/5472 5466/5466/5466 5462/5462/5462
f 5463/5463/5463 5468/5468/5468 5506/5506/5506
f 5496/5496/5496 5473/5473/5473 5464/5464/5464
f 5515/5515/5515 5496/5496/5496 5464/5464/5464
f 5464/5464/5464 5505/5505/5505 5515/5515/5515
f 5465/5465/5465 5470/5470/5470 5481/5481/5481
f 5492/5492/5492 5482/5482/5482 5471/5471/5471
f 5660/5660/5660 5658/5658/5658 5486/5486/5486
f 5485/5485/5485 5657/5657/5657 5842/5842/5842
f 5664/5664/5664 5661/5661/5661 5487/5487/5487
f 5843/5843/5843 5665/5665/5665 5488/5488/5488
f 5493/5493/5493 5501/5501/5501 5516/5516/5516
f 5504/5504/5504 5510/5510/5510 5513/5513/5513
f 5525/5525/5525 5521/5521/5521 5519/5519/5519
f 5528/5528/5528 5524/5524/5524 5517/5517/5517
f 5532/5532/5532 5529/5529/5529 5518/5518/5518
f 5532/5532/5532 5530/5530/5530 5529/5529/5529
f 5529/5529/5529 5530/5530/5530 5791/5791/5791
f 5530/5530/5530 5532/5532/5532 6139/6139/6139
f 5531/5531/5531 5786/5786/5786 5795/5795/5795
f 6140/6140/6140 5786/5786/5786 5531/5531/5531
f 5794/5794/5794 5791/5791/5791 5530/5530/5530
f 5533/5533/5533 5834/5834/5834 6141/6141/6141
f 5574/5574/5574 5537/5537/5537 5534/5534/5534
f 5582/5582/5582 5575/5575/5575 5535/5535/5535
f 5576/5576/5576 5555/5555/5555 5539/5539/5539
f 5540/5540/5540 5568/5568/5568 5581/5581/5581
f 5542/5542/5542 5544/5544/5544 5573/5573/5573
f 5629/5629/5629 5547/5547/5547 5543/5543/5543
f 5542/5542/5542 5573/5573/5573 5577/5577/5577
f 5543/5543/5543 5578/5578/5578 5635/5635/5635
f 5635/5635/5635 5629/5629/5629 5543/5543/5543
f 5557/5557/5557 5554/5554/5554 5545/5545/5545
f 5544/5544/5544 5550/5550/5550 5573/5573/5573
f 5615/5615/5615 5558/5558/5558 5546/5546/5546
f 5630/5630/5630 5616/5616/5616 5548/5548/5548
f 5615/5615/5615 5612/5612/5612 5558/5558/5558
f 5562/5562/5562 5566/5566/5566 5570/5570/5570
f 5571/5571/5571 5567/5567/5567 5563/5563/5563
f 5619/5619/5619 5572/5572/5572 5564/5564/5564
f 5623/5623/5623 5619/5619/5619 5564/5564/5564
f 5567/5567/5567 5571/5571/5571 5583/5583/5583
f 5583/5583/5583 5580/5580/5580 5567/5567/5567
f 5619/5619/5619 5584/5584/5584 5572/5572/5572
f 5589/5589/5589 5577/5577/5577 5573/5573/5573
f 5573/5573/5573 5580/5580/5580 5589/5589/5589
f 5579/5579/5579 5591/5591/5591 5639/5639/5639
f 5639/5639/5639 5636/5636/5636 5579/5579/5579
f 5580/5580/5580 5583/5583/5583 5587/5587/5587
f 5580/5580/5580 5587/5587/5587 5589/5589/5589
f 5641/5641/5641 5588/5588/5588 5585/5585/5585
f 5586/5586/5586 5620/5620/5620 5642/5642/5642
f 5638/5638/5638 5590/5590/5590 5588/5588/5588
f 5641/5641/5641 5638/5638/5638 5588/5588/5588
f 5628/5628/5628 5595/5595/5595 5592/5592/5592
f 5594/5594/5594 5596/5596/5596 5654/5654/5654
f 5592/5592/5592 5609/5609/5609 5614/5614/5614
f 5653/5653/5653 5610/5610/5610 5593/5593/5593
f 5592/5592/5592 5614/5614/5614 5628/5628/5628
f 5595/5595/5595 5628/5628/5628 5631/5631/5631
f 5597/5597/5597 5633/5633/5633 5698/5698/5698
f 5688/5688/5688 5654/5654/5654 5596/5596/5596
f 5690/5690/5690 5688/5688/5688 5596/5596/5596
f 5698/5698/5698 5691/5691/5691 5597/5597/5597
f 5659/5659/5659 5647/5647/5647 5599/5599/5599
f 5600/5600/5600 5649/5649/5649 5676/5676/5676
f 5842/5842/5842 5657/5657/5657 5598/5598/5598
f 5600/5600/5600 5676/5676/5676 5857/5857/5857
f 5601/5601/5601 5841/5841/5841 5845/5845/5845
f 5857/5857/5857 5837/5837/5837 5600/5600/5600
f 5703/5703/5703 5606/5606/5606 5602/5602/5602
f 5603/5603/5603 5607/5607/5607 5883/5883/5883
f 5604/5604/5604 5694/5694/5694 5707/5707/5707
f 5883/5883/5883 5693/5693/5693 5603/5603/5603
f 5707/5707/5707 5704/5704/5704 5604/5604/5604
f 5606/5606/5606 5703/5703/5703 5723/5723/5723
f 5608/5608/5608 5724/5724/5724 5728/5728/5728
f 5605/5605/5605 5726/5726/5726 5881/5881/5881
f 5617/5617/5617 5621/5621/5621 6212/6212/6212
f 6221/6221/6221 5640/5640/5640 5618/5618/5618
f 5617/5617/5617 6212/6212/6212 6216/6216/6216
f 5617/5617/5617 6216/6216/6216 6220/6220/6220
f 5622/5622/5622 5625/5625/5625 6213/6213/6213
f 5685/5685/5685 5681/5681/5681 5627/5627/5627
f 5627/5627/5627 5681/5681/5681 6215/6215/6215
f 5634/5634/5634 5631/5631/5631 5628/5628/5628
f 5631/5631/5631 5634/5634/5634 5695/5695/5695
f 5632/5632/5632 5696/5696/5696 5697/5697/5697
f 5634/5634/5634 5637/5637/5637 5695/5695/5695
f 5637/5637/5637 5640/5640/5640 5711/5711/5711
f 5711/5711/5711 5695/5695/5695 5637/5637/5637
f 5640/5640/5640 5643/5643/5643 5711/5711/5711
f 6221/6221/6221 5643/5643/5643 5640/5640/5640
f 5717/5717/5717 5712/5712/5712 5644/5644/5644
f 6228/6228/6228 5717/5717/5717 5644/5644/5644
f 5644/5644/5644 6222/6222/6222 6228/6228/6228
f 5646/5646/5646 5658/5658/5658 5660/5660/5660
f 5648/5648/5648 5662/5662/5662 5666/5666/5666
f 5645/5645/5645 5663/5663/5663 5671/5671/5671
f 5645/5645/5645 5671/5671/5671 5675/5675/5675
f 5652/5652/5652 5654/5654/5654 5656/5656/5656
f 5652/5652/5652 5656/5656/5656 5670/5670/5670
f 5650/5650/5650 5669/5669/5669 5684/5684/5684
f 5688/5688/5688 5656/5656/5656 5654/5654/5654
f 5846/5846/5846 5668/5668/5668 5655/5655/5655
f 5655/5655/5655 5687/5687/5687 5877/5877/5877
f 5877/5877/5877 5846/5846/5846 5655/5655/5655
f 5844/5844/5844 5672/5672/5672 5667/5667/5667
f 5874/5874/5874 5684/5684/5684 5669/5669/5669
f 5669/5669/5669 5847/5847/5847 5874/5874/5874
f 5856/5856/5856 5675/5675/5675 5671/5671/5671
f 5672/5672/5672 5844/5844/5844 5860/5860/5860
f 5867/5867/5867 5858/5858/5858 5674/5674/5674
f 5673/5673/5673 5861/5861/5861 5866/5866/5866
f 5680/5680/5680 5686/5686/5686 6239/6239/6239
f 6232/6232/6232 6214/6214/6214 5682/5682/5682
f 5678/5678/5678 6229/6229/6229 6231/6231/6231
f 6243/6243/6243 6230/6230/6230 5679/5679/5679
f 5677/5677/5677 6238/6238/6238 6244/6244/6244
f 5683/5683/5683 5872/5872/5872 6245/6245/6245
f 6245/6245/6245 6237/6237/6237 5683/5683/5683
f 5688/5688/5688 5690/5690/5690 5929/5929/5929
f 5932/5932/5932 5879/5879/5879 5689/5689/5689
f 5691/5691/5691 5698/5698/5698 5701/5701/5701
f 5691/5691/5691 5701/5701/5701 5931/5931/5931
f 5882/5882/5882 5706/5706/5706 5692/5692/5692
f 5715/5715/5715 5697/5697/5697 5696/5696/5696
f 5696/5696/5696 5713/5713/5713 5715/5715/5715
f 5710/5710/5710 5702/5702/5702 5699/5699/5699
f 5716/5716/5716 5710/5710/5710 5699/5699/5699
f 5700/5700/5700 5709/5709/5709 5720/5720/5720
f 5701/5701/5701 5721/5721/5721 5931/5931/5931
f 5705/5705/5705 5708/5708/5708 5729/5729/5729
f 5729/5729/5729 5725/5725/5725 5705/5705/5705
f 5882/5882/5882 5727/5727/5727 5706/5706/5706
f 5710/5710/5710 5716/5716/5716 5719/5719/5719
f 5709/5709/5709 5718/5718/5718 5731/5731/5731
f 5731/5731/5731 5720/5720/5720 5709/5709/5709
f 5717/5717/5717 5714/5714/5714 5712/5712/5712
f 5956/5956/5956 5730/5730/5730 5717/5717/5717
f 6242/6242/6242 5956/5956/5956 5717/5717/5717
f 5717/5717/5717 6228/6228/6228 6242/6242/6242
f 5722/5722/5722 5732/5732/5732 5949/5949/5949
f 5949/5949/5949 5933/5933/5933 5722/5722/5722
f 5960/5960/5960 5949/5949/5949 5732/5732/5732
f 5730/5730/5730 5956/5956/5956 5958/5958/5958
f 5741/5741/5741 5737/5737/5737 5735/5735/5735
f 5736/5736/5736 5738/5738/5738 6121/6121/6121
f 5737/5737/5737 5741/5741/5741 5796/5796/5796
f 5797/5797/5797 5744/5744/5744 5739/5739/5739
f 5739/5739/5739 5744/5744/5744 6126/6126/6126
f 6126/6126/6126 6122/6122/6122 5739/5739/5739
f 5741/5741/5741 5757/5757/5757 5758/5758/5758
f 6134/6134/6134 5756/5756/5756 5740/5740/5740
f 5741/5741/5741 5758/5758/5758 5796/5796/5796
f 5742/5742/5742 6119/6119/6119 6132/6132/6132
f 5740/5740/5740 6131/6131/6131 6134/6134/6134
f 5743/5743/5743 5782/5782/5782 5785/5785/5785
f 5797/5797/5797 5783/5783/5783 5744/5744/5744
f 5743/5743/5743 5785/5785/5785 6125/6125/6125
f 5755/5755/5755 5749/5749/5749 5745/5745/5745
f 5746/5746/5746 5751/5751/5751 6324/6324/6324
f 7212/7212/7212 5757/5757/5757 5747/5747/5747
f 5746/5746/5746 6324/6324/6324 7198/7198/7198
f 5748/5748/5748 7201/7201/7201 7215/7215/7215
f 5749/5749/5749 5755/5755/5755 6135/6135/6135
f 5752/5752/5752 6323/6323/6323 6326/6326/6326
f 5759/5759/5759 5758/5758/5758 5757/5757/5757
f 7232/7232/7232 5759/5759/5759 5757/5757/5757
f 5756/5756/5756 6134/6134/6134 6137/6137/6137
f 5757/5757/5757 7212/7212/7212 7232/7232/7232
f 5758/5758/5758 5759/5759/5759 5806/5806/5806
f 5799/5799/5799 5796/5796/5796 5758/5758/5758
f 5806/5806/5806 5799/5799/5799 5758/5758/5758
f 7234/7234/7234 5806/5806/5806 5759/5759/5759
f 5761/5761/5761 7233/7233/7233 7257/7257/7257
f 7249/7249/7249 7234/7234/7234 5759/5759/5759
f 7256/7256/7256 7250/7250/7250 5760/5760/5760
f 5793/5793/5793 5769/5769/5769 5766/5766/5766
f 5770/5770/5770 5772/5772/5772 5774/5774/5774
f 5792/5792/5792 5772/5772/5772 5770/5770/5770
f 5776/5776/5776 5774/5774/5774 5772/5772/5772
f 5781/5781/5781 5776/5776/5776 5772/5772/5772
f 5819/5819/5819 5779/5779/5779 5771/5771/5771
f 5771/5771/5771 5791/5791/5791 5816/5816/5816
f 5771/5771/5771 5816/5816/5816 5819/5819/5819
f 5776/5776/5776 5781/5781/5781 7315/7315/7315
f 5779/5779/5779 5819/5819/5819 5822/5822/5822
f 5823/5823/5823 5821/5821/5821 5780/5780/5780
f 5778/5778/5778 5820/5820/5820 7318/7318/7318
f 7319/7319/7319 7315/7315/7315 5781/5781/5781
f 5803/5803/5803 5785/5785/5785 5782/5782/5782
f 5783/5783/5783 5797/5797/5797 5800/5800/5800
f 5783/5783/5783 5800/5800/5800 5805/5805/5805
f 5784/5784/5784 5802/5802/5802 6143/6143/6143
f 6143/6143/6143 6123/6123/6123 5784/5784/5784
f 5786/5786/5786 5789/5789/5789 5825/5825/5825
f 6140/6140/6140 5789/5789/5789 5786/5786/5786
f 5818/5818/5818 5795/5795/5795 5786/5786/5786
f 5825/5825/5825 5818/5818/5818 5786/5786/5786
f 5814/5814/5814 5811/5811/5811 5788/5788/5788
f 5787/5787/5787 5810/5810/5810 5824/5824/5824
f 6144/6144/6144 5814/5814/5814 5788/5788/5788
f 5788/5788/5788 6138/6138/6138 6142/6142/6142
f 5788/5788/5788 6142/6142/6142 6144/6144/6144
f 5791/5791/5791 5794/5794/5794 5816/5816/5816
f 5817/5817/5817 5816/5816/5816 5794/5794/5794
f 5808/5808/5808 5801/5801/5801 5798/5798/5798
f 5799/5799/5799 5806/5806/5806 5809/5809/5809
f 5801/5801/5801 5808/5808/5808 5813/5813/5813
f 5804/5804/5804 5815/5815/5815 6145/6145/6145
f 7263/7263/7263 5809/5809/5809 5806/5806/5806
f 5807/5807/5807 7235/7235/7235 7265/7265/7265
f 7346/7346/7346 5814/5814/5814 5809/5809/5809
f 5809/5809/5809 7263/7263/7263 7346/7346/7346
f 5811/5811/5811 5814/5814/5814 5826/5826/5826
f 7345/7345/7345 5825/5825/5825 5812/5812/5812
f 5812/5812/5812 5827/5827/5827 7345/7345/7345
f 7346/7346/7346 5826/5826/5826 5814/5814/5814
f 5816/5816/5816 5817/5817/5817 5819/5819/5819
f 5822/5822/5822 5819/5819/5819 5817/5817/5817
f 5825/5825/5825 5823/5823/5823 5818/5818/5818
f 5821/5821/5821 5823/5823/5823 7345/7345/7345
f 7352/7352/7352 7318/7318/7318 5820/5820/5820
f 5821/5821/5821 7345/7345/7345 7350/7350/7350
f 5820/5820/5820 7349/7349/7349 7352/7352/7352
f 5823/5823/5823 5825/5825/5825 7345/7345/7345
f 7346/7346/7346 7344/7344/7344 5826/5826/5826
f 6128/6128/6128 5833/5833/5833 5832/5832/5832
f 5831/5831/5831 6120/6120/6120 6127/6127/6127
f 5833/5833/5833 6128/6128/6128 6142/6142/6142
f 6142/6142/6142 6138/6138/6138 5833/5833/5833
f 5854/5854/5854 5845/5845/5845 5841/5841/5841
f 5982/5982/5982 5853/5853/5853 5839/5839/5839
f 5835/5835/5835 5855/5855/5855 5862/5862/5862
f 5840/5840/5840 5865/5865/5865 5891/5891/5891
f 5836/5836/5836 5888/5888/5888 5913/5913/5913
f 5838/5838/5838 5916/5916/5916 5981/5981/5981
f 5844/5844/5844 5851/5851/5851 5860/5860/5860
f 5848/5848/5848 5869/5869/5869 5875/5875/5875
f 5880/5880/5880 5871/5871/5871 5849/5849/5849
f 5863/5863/5863 5859/5859/5859 5850/5850/5850
f 5919/5919/5919 5864/5864/5864 5852/5852/5852
f 5978/5978/5978 5919/5919/5919 5852/5852/5852
f 5919/5919/5919 5890/5890/5890 5864/5864/5864
f 5910/5910/5910 5876/5876/5876 5870/5870/5870
f 5868/5868/5868 5878/5878/5878 5896/5896/5896
f 5896/5896/5896 5894/5894/5894 5868/5868/5868
f 5868/5868/5868 5894/5894/5894 5906/5906/5906
f 5868/5868/5868 5906/5906/5906 5909/5909/5909
f 5873/5873/5873 5908/5908/5908 6246/6246/6246
f 5930/5930/5930 5896/5896/5896 5878/5878/5878
f 5886/5886/5886 5899/5899/5899 5934/5934/5934
f 6036/6036/6036 5897/5897/5897 5885/5885/5885
f 5887/5887/5887 5935/5935/5935 5950/5950/5950
f 5948/5948/5948 5938/5938/5938 5884/5884/5884
f 5884/5884/5884 5938/5938/5938 6042/6042/6042
f 6042/6042/6042 6035/6035/6035 5884/5884/5884
f 5966/5966/5966 5913/5913/5913 5888/5888/5888
f 5889/5889/5889 5918/5918/5918 5967/5967/5967
f 5892/5892/5892 5895/5895/5895 6018/6018/6018
f 6024/6024/6024 5905/5905/5905 5893/5893/5893
f 5893/5893/5893 6020/6020/6020 6024/6024/6024
f 6037/6037/6037 6021/6021/6021 5898/5898/5898
f 5911/5911/5911 5902/5902/5902 5901/5901/5901
f 5901/5901/5901 5902/5902/5902 5959/5959/5959
f 5909/5909/5909 5906/5906/5906 5901/5901/5901
f 5901/5901/5901 5906/5906/5906 5911/5911/5911
f 6246/6246/6246 5908/5908/5908 5900/5900/5900
f 5900/5900/5900 5957/5957/5957 6246/6246/6246
f 5903/5903/5903 5912/5912/5912 6063/6063/6063
f 5902/5902/5902 5951/5951/5951 5959/5959/5959
f 6061/6061/6061 5953/5953/5953 5904/5904/5904
f 6064/6064/6064 6061/6061/6061 5904/5904/5904
f 6025/6025/6025 5912/5912/5912 5907/5907/5907
f 5912/5912/5912 6025/6025/6025 6063/6063/6063
f 5914/5914/5914 5968/5968/5968 5984/5984/5984
f 5998/5998/5998 5980/5980/5980 5915/5915/5915
f 5914/5914/5914 5984/5984/5984 5995/5995/5995
f 5983/5983/5983 5965/5965/5965 5917/5917/5917
f 5919/5919/5919 5978/5978/5978 6005/6005/6005
f 6003/6003/6003 5983/5983/5983 5917/5917/5917
f 5946/5946/5946 5924/5924/5924 5922/5922/5922
f 5921/5921/5921 5923/5923/5923 5963/5963/5963
f 5922/5922/5922 5943/5943/5943 5946/5946/5946
f 5961/5961/5961 5940/5940/5940 5920/5920/5920
f 5947/5947/5947 5928/5928/5928 5925/5925/5925
f 5923/5923/5923 5926/5926/5926 5963/5963/5963
f 5928/5928/5928 5947/5947/5947 5972/5972/5972
f 5991/5991/5991 5964/5964/5964 5927/5927/5927
f 5928/5928/5928 5972/5972/5972 5992/5992/5992
f 5939/5939/5939 5949/5949/5949 5954/5954/5954
f 5936/5936/5936 5952/5952/5952 6059/6059/6059
f 6060/6060/6060 6041/6041/6041 5937/5937/5937
f 5975/5975/5975 5945/5945/5945 5941/5941/5941
f 5942/5942/5942 5962/5962/5962 5977/5977/5977
f 5974/5974/5974 5970/5970/5970 5944/5944/5944
f 5960/5960/5960 5954/5954/5954 5949/5949/5949
f 6246/6246/6246 5957/5957/5957 5955/5955/5955
f 5955/5955/5955 6240/6240/6240 6246/6246/6246
f 5986/5986/5986 5977/5977/5977 5962/5962/5962
f 5991/5991/5991 5987/5987/5987 5964/5964/5964
f 5969/5969/5969 5973/5973/5973 5993/5993/5993
f 5994/5994/5994 5989/5989/5989 5971/5971/5971
f 5976/5976/5976 5985/5985/5985 6000/6000/6000
f 5999/5999/5999 5993/5993/5993 5973/5973/5973
f 5979/5979/5979 5996/5996/5996 6004/6004/6004
f 6083/6083/6083 5995/5995/5995 5984/5984/5984
f 5983/5983/5983 6003/6003/6003 6081/6081/6081
f 5987/5987/5987 5991/5991/5991 6151/6151/6151
f 6152/6152/6152 6001/6001/6001 5988/5988/5988
f 5989/5989/5989 5994/5994/5994 6154/6154/6154
f 5991/5991/5991 6148/6148/6148 6151/6151/6151
f 6155/6155/6155 6146/6146/6146 5990/5990/5990
f 5993/5993/5993 5999/5999/5999 6158/6158/6158
f 6158/6158/6158 6153/6153/6153 5993/5993/5993
f 6078/6078/6078 6004/6004/6004 5996/5996/5996
f 5997/5997/5997 6075/6075/6075 6079/6079/6079
f 6083/6083/6083 6074/6074/6074 5995/5995/5995
f 6001/6001/6001 6152/6152/6152 6160/6160/6160
f 6002/6002/6002 6076/6076/6076 6080/6080/6080
f 6022/6022/6022 6016/6016/6016 6010/6010/6010
f 6009/6009/6009 6014/6014/6014 6086/6086/6086
f 6023/6023/6023 6017/6017/6017 6007/6007/6007
f 6030/6030/6030 6027/6027/6027 6011/6011/6011
f 6088/6088/6088 6028/6028/6028 6006/6006/6006
f 6008/6008/6008 6084/6084/6084 6089/6089/6089
f 6013/6013/6013 6019/6019/6019 6033/6033/6033
f 6015/6015/6015 6034/6034/6034 6045/6045/6045
f 6015/6015/6015 6045/6045/6045 6048/6048/6048
f 6012/6012/6012 6047/6047/6047 6085/6085/6085
f 6026/6026/6026 6029/6029/6029 6065/6065/6065
f 6071/6071/6071 6065/6065/6065 6029/6029/6029
f 6031/6031/6031 6068/6068/6068 6072/6072/6072
f 6092/6092/6092 6068/6068/6068 6031/6031/6031
f 6032/6032/6032 6040/6040/6040 6044/6044/6044
f 6057/6057/6057 6046/6046/6046 6043/6043/6043
f 6070/6070/6070 6052/6052/6052 6039/6039/6039
f 6038/6038/6038 6058/6058/6058 6069/6069/6069
f 6057/6057/6057 6051/6051/6051 6046/6046/6046
f 6050/6050/6050 6054/6054/6054 6105/6105/6105
f 6100/6100/6100 6085/6085/6085 6047/6047/6047
f 6049/6049/6049 6094/6094/6094 6103/6103/6103
f 6105/6105/6105 6095/6095/6095 6050/6050/6050
f 6072/6072/6072 6068/6068/6068 6055/6055/6055
f 6053/6053/6053 6066/6066/6066 6108/6108/6108
f 6111/6111/6111 6107/6107/6107 6056/6056/6056
f 6062/6062/6062 6065/6065/6065 6071/6071/6071
f 6067/6067/6067 6091/6091/6091 6113/6113/6113
f 6115/6115/6115 6108/6108/6108 6066/6066/6066
f 6067/6067/6067 6113/6113/6113 6116/6116/6116
f 6082/6082/6082 6077/6077/6077 6073/6073/6073
f 6112/6112/6112 6090/6090/6090 6087/6087/6087
f 6087/6087/6087 6102/6102/6102 6112/6112/6112
f 6093/6093/6093 6097/6097/6097 6101/6101/6101
f 6106/6106/6106 6099/6099/6099 6096/6096/6096
f 6114/6114/6114 6104/6104/6104 6098/6098/6098
f 6099/6099/6099 6106/6106/6106 6109/6109/6109
f 6098/6098/6098 6110/6110/6110 6117/6117/6117
f 6117/6117/6117 6114/6114/6114 6098/6098/6098
f 6133/6133/6133 6130/6130/6130 6118/6118/6118
f 6122/6122/6122 6126/6126/6126 6129/6129/6129
f 6142/6142/6142 6128/6128/6128 6124/6124/6124
f 6144/6144/6144 6142/6142/6142 6124/6124/6124
f 6156/6156/6156 6149/6149/6149 6147/6147/6147
f 6150/6150/6150 6157/6157/6157 6159/6159/6159
f 6161/6161/6161 6165/6165/6165 6168/6168/6168
f 6173/6173/6173 6166/6166/6166 6163/6163/6163
f 6171/6171/6171 6167/6167/6167 6164/6164/6164
f 6170/6170/6170 6174/6174/6174 6180/6180/6180
f 6180/6180/6180 6176/6176/6176 6170/6170/6170
f 6188/6188/6188 6186/6186/6186 6182/6182/6182
f 6186/6186/6186 6188/6188/6188 6207/6207/6207
f 6199/6199/6199 6197/6197/6197 6186/6186/6186
f 6207/6207/6207 6199/6199/6199 6186/6186/6186
f 6188/6188/6188 6191/6191/6191 6207/6207/6207
f 6199/6199/6199 6207/6207/6207 6210/6210/6210
f 6217/6217/6217 6216/6216/6216 6212/6212/6212
f 6232/6232/6232 6218/6218/6218 6214/6214/6214
f 6216/6216/6216 6217/6217/6217 6223/6223/6223
f 6223/6223/6223 6220/6220/6220 6216/6216/6216
f 6236/6236/6236 6226/6226/6226 6219/6219/6219
f 6219/6219/6219 6233/6233/6233 6236/6236/6236
f 6222/6222/6222 6225/6225/6225 6228/6228/6228
f 6234/6234/6234 6227/6227/6227 6224/6224/6224
f 6235/6235/6235 6231/6231/6231 6229/6229/6229
f 6245/6245/6245 6241/6241/6241 6237/6237/6237
f 6255/6255/6255 6250/6250/6250 6247/6247/6247
f 6247/6247/6247 6251/6251/6251 6255/6255/6255
f 6479/6479/6479 6252/6252/6252 6248/6248/6248
f 6258/6258/6258 6256/6256/6256 6253/6253/6253
f 6479/6479/6479 6257/6257/6257 6252/6252/6252
f 6256/6256/6256 6258/6258/6258 6264/6264/6264
f 6256/6256/6256 6264/6264/6264 6273/6273/6273
f 6257/6257/6257 6260/6260/6260 6262/6262/6262
f 6485/6485/6485 6260/6260/6260 6257/6257/6257
f 6257/6257/6257 6479/6479/6479 6485/6485/6485
f 6304/6304/6304 6263/6263/6263 6261/6261/6261
f 6259/6259/6259 6266/6266/6266 6303/6303/6303
f 6485/6485/6485 6267/6267/6267 6260/6260/6260
f 6297/6297/6297 6272/6272/6272 6265/6265/6265
f 6305/6305/6305 6297/6297/6297 6265/6265/6265
f 6267/6267/6267 6276/6276/6276 6278/6278/6278
f 6485/6485/6485 6276/6276/6276 6267/6267/6267
f 6268/6268/6268 6279/6279/6279 6331/6331/6331
f 6309/6309/6309 6303/6303/6303 6266/6266/6266
f 6331/6331/6331 6310/6310/6310 6268/6268/6268
f 6295/6295/6295 6291/6291/6291 6270/6270/6270
f 6285/6285/6285 6278/6278/6278 6276/6276/6276
f 6345/6345/6345 6283/6283/6283 6275/6275/6275
f 6482/6482/6482 6342/6342/6342 6274/6274/6274
f 6277/6277/6277 6284/6284/6284 6416/6416/6416
f 6373/6373/6373 6331/6331/6331 6279/6279/6279
f 6416/6416/6416 6372/6372/6372 6277/6277/6277
f 6281/6281/6281 6286/6286/6286 6365/6365/6365
f 6575/6575/6575 6287/6287/6287 6282/6282/6282
f 6365/6365/6365 6363/6363/6363 6281/6281/6281
f 6280/6280/6280 6362/6362/6362 6578/6578/6578
f 6579/6579/6579 6575/6575/6575 6282/6282/6282
f 6283/6283/6283 6345/6345/6345 6415/6415/6415
f 6288/6288/6288 6290/6290/6290 6368/6368/6368
f 6577/6577/6577 6290/6290/6290 6288/6288/6288
f 6585/6585/6585 6367/6367/6367 6289/6289/6289
f 6289/6289/6289 6576/6576/6576 6585/6585/6585
f 6305/6305/6305 6301/6301/6301 6297/6297/6297
f 6296/6296/6296 6299/6299/6299 6306/6306/6306
f 6298/6298/6298 6302/6302/6302 6308/6308/6308
f 6320/6320/6320 6306/6306/6306 6299/6299/6299
f 6300/6300/6300 6311/6311/6311 6329/6329/6329
f 6329/6329/6329 6321/6321/6321 6300/6300/6300
f 6306/6306/6306 6320/6320/6320 6322/6322/6322
f 6331/6331/6331 6328/6328/6328 6310/6310/6310
f 6313/6313/6313 6315/6315/6315 6322/6322/6322
f 6334/6334/6334 6316/6316/6316 6314/6314/6314
f 6322/6322/6322 6320/6320/6320 6313/6313/6313
f 6312/6312/6312 6319/6319/6319 6327/6327/6327
f 6314/6314/6314 6330/6330/6330 6334/6334/6334
f 6334/6334/6334 6318/6318/6318 6316/6316/6316
f 6316/6316/6316 6318/6318/6318 7204/7204/7204
f 6325/6325/6325 6322/6322/6322 6315/6315/6315
f 7203/7203/7203 6325/6325/6325 6315/6315/6315
f 6317/6317/6317 6332/6332/6332 6336/6336/6336
f 6317/6317/6317 6336/6336/6336 7217/7217/7217
f 7207/7207/7207 7204/7204/7204 6318/6318/6318
f 7217/7217/7217 7205/7205/7205 6317/6317/6317
f 7202/7202/7202 7198/7198/7198 6324/6324/6324
f 6328/6328/6328 6331/6331/6331 6333/6333/6333
f 6339/6339/6339 6333/6333/6333 6331/6331/6331
f 6341/6341/6341 6339/6339/6339 6331/6331/6331
f 6373/6373/6373 6341/6341/6341 6331/6331/6331
f 6338/6338/6338 6336/6336/6336 6332/6332/6332
f 6337/6337/6337 6339/6339/6339 6341/6341/6341
f 6337/6337/6337 6341/6341/6341 7229/7229/7229
f 7225/7225/7225 7216/7216/7216 6335/6335/6335
f 6340/6340/6340 6372/6372/6372 6476/6476/6476
f 6340/6340/6340 6476/6476/6476 7307/7307/7307
f 7307/7307/7307 7228/7228/7228 6340/6340/6340
f 6346/6346/6346 6348/6348/6348 6357/6357/6357
f 6563/6563/6563 6347/6347/6347 6343/6343/6343
f 6345/6345/6345 6355/6355/6355 6415/6415/6415
f 6344/6344/6344 6483/6483/6483 6566/6566/6566
f 6565/6565/6565 6563/6563/6563 6343/6343/6343
f 6348/6348/6348 6350/6350/6350 6357/6357/6357
f 6568/6568/6568 6354/6354/6354 6349/6349/6349
f 6352/6352/6352 6428/6428/6428 6684/6684/6684
f 6684/6684/6684 6571/6571/6571 6352/6352/6352
f 6461/6461/6461 6415/6415/6415 6355/6355/6355
f 6595/6595/6595 6459/6459/6459 6353/6353/6353
f 6356/6356/6356 6570/6570/6570 6596/6596/6596
f 6360/6360/6360 6371/6371/6371 6376/6376/6376
f 6821/6821/6821 6369/6369/6369 6358/6358/6358
f 6361/6361/6361 6378/6378/6378 6383/6383/6383
f 6359/6359/6359 6379/6379/6379 6822/6822/6822
f 6364/6364/6364 6366/6366/6366 6584/6584/6584
f 6584/6584/6584 6580/6580/6580 6364/6364/6364
f 6388/6388/6388 6374/6374/6374 6370/6370/6370
f 6826/6826/6826 6388/6388/6388 6370/6370/6370
f 6821/6821/6821 6818/6818/6818 6369/6369/6369
f 6370/6370/6370 6819/6819/6819 6826/6826/6826
f 6372/6372/6372 6416/6416/6416 6476/6476/6476
f 6386/6386/6386 6382/6382/6382 6377/6377/6377
f 6390/6390/6390 6385/6385/6385 6375/6375/6375
f 6381/6381/6381 6384/6384/6384 6389/6389/6389
f 6381/6381/6381 6389/6389/6389 6830/6830/6830
f 6829/6829/6829 6823/6823/6823 6380/6380/6380
f 6387/6387/6387 6824/6824/6824 6827/6827/6827
f 6393/6393/6393 6395/6395/6395 6413/6413/6413
f 6413/6413/6413 6408/6408/6408 6393/6393/6393
f 6396/6396/6396 6403/6403/6403 6421/6421/6421
f 6419/6419/6419 6413/6413/6413 6395/6395/6395
f 6425/6425/6425 6402/6402/6402 6400/6400/6400
f 6399/6399/6399 6410/6410/6410 6412/6412/6412
f 6399/6399/6399 6412/6412/6412 6424/6424/6424
f 6423/6423/6423 6421/6421/6421 6403/6403/6403
f 6465/6465/6465 6439/6439/6439 6404/6404/6404
f 6405/6405/6405 6445/6445/6445 6470/6470/6470
f 6469/6469/6469 6465/6465/6465 6404/6404/6404
f 6414/6414/6414 6411/6411/6411 6409/6409/6409
f 6411/6411/6411 6414/6414/6414 6420/6420/6420
f 6411/6411/6411 6420/6420/6420 6422/6422/6422
f 6418/6418/6418 6463/6463/6463 6475/6475/6475
f 6417/6417/6417 6474/6474/6474 6477/6477/6477
f 6426/6426/6426 6434/6434/6434 6437/6437/6437
f 6426/6426/6426 6437/6437/6437 6453/6453/6453
f 6429/6429/6429 6455/6455/6455 6686/6686/6686
f 6698/6698/6698 6435/6435/6435 6431/6431/6431
f 6432/6432/6432 6691/6691/6691 6699/6699/6699
f 7287/7287/7287 6692/6692/6692 6433/6433/6433
f 6473/6473/6473 6453/6453/6453 6437/6437/6437
f 7294/7294/7294 6474/6474/6474 6438/6438/6438
f 6436/6436/6436 6700/6700/6700 7292/7292/7292
f 6466/6466/6466 6444/6444/6444 6441/6441/6441
f 6468/6468/6468 6458/6458/6458 6443/6443/6443
f 6444/6444/6444 6466/6466/6466 6467/6467/6467
f 6456/6456/6456 6449/6449/6449 6446/6446/6446
f 6445/6445/6445 6448/6448/6448 6470/6470/6470
f 6451/6451/6451 6458/6458/6458 6468/6468/6468
f 6450/6450/6450 6467/6467/6467 6471/6471/6471
f 6472/6472/6472 6460/6460/6460 6452/6452/6452
f 6454/6454/6454 6464/6464/6464 6716/6716/6716
f 6689/6689/6689 6686/6686/6686 6455/6455/6455
f 6716/6716/6716 6690/6690/6690 6454/6454/6454
f 6462/6462/6462 6597/6597/6597 6714/6714/6714
f 6471/6471/6471 6467/6467/6467 6466/6466/6466
f 7312/7312/7312 6477/6477/6477 6474/6474/6474
f 6474/6474/6474 7294/7294/7294 7312/7312/7312
f 7312/7312/7312 7310/7310/7310 6477/6477/6477
f 6480/6480/6480 6499/6499/6499 6502/6502/6502
f 6480/6480/6480 6502/6502/6502 6507/6507/6507
f 6486/6486/6486 6489/6489/6489 6567/6567/6567
f 6487/6487/6487 6563/6563/6563 6565/6565/6565
f 6490/6490/6490 6492/6492/6492 6493/6493/6493
f 6491/6491/6491 6494/6494/6494 6498/6498/6498
f 6490/6490/6490 6496/6496/6496 6500/6500/6500
f 6500/6500/6500 6499/6499/6499 6490/6490/6490
f 6862/6862/6862 6493/6493/6493 6492/6492/6492
f 6878/6878/6878 6498/6498/6498 6494/6494/6494
f 6494/6494/6494 6863/6863/6863 6886/6886/6886
f 6886/6886/6886 6878/6878/6878 6494/6494/6494
f 6505/6505/6505 6501/6501/6501 6497/6497/6497
f 6506/6506/6506 6504/6504/6504 6495/6495/6495
f 6877/6877/6877 6506/6506/6506 6495/6495/6495
f 6499/6499/6499 6500/6500/6500 6502/6502/6502
f 6505/6505/6505 6503/6503/6503 6501/6501/6501
f 6503/6503/6503 6505/6505/6505 6510/6510/6510
f 6511/6511/6511 6508/6508/6508 6503/6503/6503
f 6503/6503/6503 6510/6510/6510 6511/6511/6511
f 6504/6504/6504 6506/6506/6506 6517/6517/6517
f 6517/6517/6517 6509/6509/6509 6504/6504/6504
f 6506/6506/6506 6512/6512/6512 6517/6517/6517
f 6887/6887/6887 6512/6512/6512 6506/6506/6506
f 6506/6506/6506 6877/6877/6877 6884/6884/6884
f 6884/6884/6884 6882/6882/6882 6506/6506/6506
f 6506/6506/6506 6882/6882/6882 6887/6887/6887
f 6508/6508/6508 6511/6511/6511 6522/6522/6522
f 6528/6528/6528 6511/6511/6511 6510/6510/6510
f 6509/6509/6509 6517/6517/6517 6550/6550/6550
f 6530/6530/6530 6528/6528/6528 6510/6510/6510
f 6550/6550/6550 6529/6529/6529 6509/6509/6509
f 6528/6528/6528 6522/6522/6522 6511/6511/6511
f 6512/6512/6512 6514/6514/6514 6517/6517/6517
f 6550/6550/6550 6517/6517/6517 6514/6514/6514
f 6514/6514/6514 6518/6518/6518 6550/6550/6550
f 6929/6929/6929 6550/6550/6550 6518/6518/6518
f 6518/6518/6518 6927/6927/6927 6929/6929/6929
f 6526/6526/6526 6524/6524/6524 6522/6522/6522
f 6528/6528/6528 6526/6526/6526 6522/6522/6522
f 6526/6526/6526 6528/6528/6528 6530/6530/6530
f 6526/6526/6526 6530/6530/6530 6556/6556/6556
f 6526/6526/6526 6556/6556/6556 7641/7641/7641
f 7641/7641/7641 7458/7458/7458 6526/6526/6526
f 6529/6529/6529 6550/6550/6550 6555/6555/6555
f 6554/6554/6554 6538/6538/6538 6534/6534/6534
f 6531/6531/6531 6536/6536/6536 6752/6752/6752
f 6752/6752/6752 6549/6549/6549 6531/6531/6531
f 6531/6531/6531 6549/6549/6549 7456/7456/7456
f 6796/6796/6796 6553/6553/6553 6532/6532/6532
f 6543/6543/6543 6539/6539/6539 6535/6535/6535
f 6537/6537/6537 6541/6541/6541 6753/6753/6753
f 6554/6554/6554 6547/6547/6547 6538/6538/6538
f 6540/6540/6540 6545/6545/6545 6750/6750/6750
f 6547/6547/6547 6554/6554/6554 6562/6562/6562
f 6561/6561/6561 6558/6558/6558 6546/6546/6546
f 6544/6544/6544 6557/6557/6557 6783/6783/6783
f 6542/6542/6542 6743/6743/6743 6749/6749/6749
f 6783/6783/6783 6744/6744/6744 6544/6544/6544
f 6549/6549/6549 6752/6752/6752 6779/6779/6779
f 6775/6775/6775 6770/6770/6770 6548/6548/6548
f 6549/6549/6549 6771/6771/6771 7456/7456/7456
f 6929/6929/6929 6555/6555/6555 6550/6550/6550
f 6802/6802/6802 6560/6560/6560 6552/6552/6552
f 6551/6551/6551 6793/6793/6793 6801/6801/6801
f 6555/6555/6555 6929/6929/6929 7643/7643/7643
f 7645/7645/7645 7641/7641/7641 6556/6556/6556
f 6558/6558/6558 6561/6561/6561 6804/6804/6804
f 6805/6805/6805 6788/6788/6788 6559/6559/6559
f 6651/6651/6651 6596/6596/6596 6570/6570/6570
f 6727/6727/6727 6651/6651/6651 6570/6570/6570
f 6569/6569/6569 6683/6683/6683 6726/6726/6726
f 6575/6575/6575 6579/6579/6579 6654/6654/6654
f 6587/6587/6587 6583/6583/6583 6572/6572/6572
f 6662/6662/6662 6588/6588/6588 6573/6573/6573
f 6574/6574/6574 6653/6653/6653 6663/6663/6663
f 6581/6581/6581 6586/6586/6586 6605/6605/6605
f 6582/6582/6582 6607/6607/6607 6656/6656/6656
f 6583/6583/6583 6587/6587/6587 6603/6603/6603
f 6675/6675/6675 6603/6603/6603 6587/6587/6587
f 6588/6588/6588 6662/6662/6662 6668/6668/6668
f 6588/6588/6588 6668/6668/6668 6837/6837/6837
f 6841/6841/6841 6679/6679/6679 6589/6589/6589
f 6610/6610/6610 6602/6602/6602 6593/6593/6593
f 6590/6590/6590 6599/6599/6599 6612/6612/6612
f 6615/6615/6615 6608/6608/6608 6591/6591/6591
f 6592/6592/6592 6614/6614/6614 6617/6617/6617
f 6594/6594/6594 6650/6650/6650 6671/6671/6671
f 6594/6594/6594 6671/6671/6671 6717/6717/6717
f 6717/6717/6717 6713/6713/6713 6594/6594/6594
f 6600/6600/6600 6609/6609/6609 6677/6677/6677
f 6622/6622/6622 6611/6611/6611 6598/6598/6598
f 6640/6640/6640 6624/6624/6624 6601/6601/6601
f 6677/6677/6677 6639/6639/6639 6600/6600/6600
f 6660/6660/6660 6655/6655/6655 6606/6606/6606
f 6678/6678/6678 6659/6659/6659 6604/6604/6604
f 6608/6608/6608 6615/6615/6615 6625/6625/6625
f 6608/6608/6608 6625/6625/6625 6646/6646/6646
f 6608/6608/6608 6646/6646/6646 6676/6676/6676
f 6623/6623/6623 6616/6616/6616 6613/6613/6613
f 6616/6616/6616 6623/6623/6623 6626/6626/6626
f 6618/6618/6618 6628/6628/6628 6851/6851/6851
f 6860/6860/6860 6637/6637/6637 6621/6621/6621
f 6620/6620/6620 6852/6852/6852 6859/6859/6859
f 6641/6641/6641 6626/6626/6626 6623/6623/6623
f 6623/6623/6623 6638/6638/6638 6641/6641/6641
f 6627/6627/6627 6642/6642/6642 6648/6648/6648
f 6630/6630/6630 6633/6633/6633 6849/6849/6849
f 6628/6628/6628 6848/6848/6848 6851/6851/6851
f 6631/6631/6631 6634/6634/6634 6854/6854/6854
f 6856/6856/6856 6849/6849/6849 6633/6633/6633
f 6858/6858/6858 6855/6855/6855 6635/6635/6635
f 6643/6643/6643 6641/6641/6641 6638/6638/6638
f 6838/6838/6838 6643/6643/6643 6638/6638/6638
f 6639/6639/6639 6677/6677/6677 6839/6839/6839
f 6641/6641/6641 6643/6643/6643 6647/6647/6647
f 6681/6681/6681 6649/6649/6649 6644/6644/6644
f 6840/6840/6840 6681/6681/6681 6644/6644/6644
f 6680/6680/6680 6674/6674/6674 6645/6645/6645
f 6735/6735/6735 6671/6671/6671 6650/6650/6650
f 6651/6651/6651 6727/6727/6727 6729/6729/6729
f 6650/6650/6650 6728/6728/6728 6735/6735/6735
f 6652/6652/6652 6657/6657/6657 6661/6661/6661
f 6664/6664/6664 6661/6661/6661 6657/6657/6657
f 6680/6680/6680 6665/6665/6665 6658/6658/6658
f 6658/6658/6658 6674/6674/6674 6680/6680/6680
f 6662/6662/6662 6666/6666/6666 6668/6668/6668
f 6682/6682/6682 6670/6670/6670 6667/6667/6667
f 6669/6669/6669 6681/6681/6681 6840/6840/6840
f 6673/6673/6673 6712/6712/6712 6719/6719/6719
f 6724/6724/6724 6709/6709/6709 6672/6672/6672
f 6736/6736/6736 6724/6724/6724 6672/6672/6672
f 6685/6685/6685 6687/6687/6687 6759/6759/6759
f 6754/6754/6754 6726/6726/6726 6683/6683/6683
f 6757/6757/6757 6754/6754/6754 6683/6683/6683
f 6688/6688/6688 6715/6715/6715 6723/6723/6723
f 6687/6687/6687 6722/6722/6722 6762/6762/6762
f 6762/6762/6762 6759/6759/6759 6687/6687/6687
f 6693/6693/6693 6696/6696/6696 6701/6701/6701
f 7287/7287/7287 6695/6695/6695 6692/6692/6692
f 6705/6705/6705 6702/6702/6702 6697/6697/6697
f 6707/6707/6707 6704/6704/6704 6694/6694/6694
f 7542/7542/7542 6707/6707/6707 6694/6694/6694
f 6695/6695/6695 7287/7287/7287 7531/7531/7531
f 6695/6695/6695 7531/7531/7531 7543/7543/7543
f 6700/6700/6700 6703/6703/6703 7292/7292/7292
f 6703/6703/6703 6706/6706/6706 7560/7560/7560
f 7560/7560/7560 7292/7292/7292 6703/6703/6703
f 6708/6708/6708 7545/7545/7545 7550/7550/7550
f 6706/6706/6706 7548/7548/7548 7560/7560/7560
f 6741/6741/6741 6718/6718/6718 6711/6711/6711
f 6710/6710/6710 6725/6725/6725 6740/6740/6740
f 6713/6713/6713 6717/6717/6717 6806/6806/6806
f 6806/6806/6806 6720/6720/6720 6713/6713/6713
f 6718/6718/6718 6741/6741/6741 6807/6807/6807
f 6816/6816/6816 6761/6761/6761 6721/6721/6721
f 6720/6720/6720 6806/6806/6806 6809/6809/6809
f 6720/6720/6720 6809/6809/6809 6815/6815/6815
f 6736/6736/6736 6730/6730/6730 6724/6724/6724
f 6725/6725/6725 6731/6731/6731 6740/6740/6740
f 6911/6911/6911 6729/6729/6729 6727/6727/6727
f 6726/6726/6726 6754/6754/6754 6789/6789/6789
f 6726/6726/6726 6789/6789/6789 6968/6968/6968
f 6727/6727/6727 6904/6904/6904 6911/6911/6911
f 6968/6968/6968 6902/6902/6902 6726/6726/6726
f 6737/6737/6737 6735/6735/6735 6728/6728/6728
f 6909/6909/6909 6737/6737/6737 6728/6728/6728
f 6739/6739/6739 6733/6733/6733 6730/6730/6730
f 6731/6731/6731 6734/6734/6734 6768/6768/6768
f 6730/6730/6730 6736/6736/6736 6739/6739/6739
f 6768/6768/6768 6740/6740/6740 6731/6731/6731
f 6732/6732/6732 6738/6738/6738 6767/6767/6767
f 6814/6814/6814 6767/6767/6767 6738/6738/6738
f 6909/6909/6909 6812/6812/6812 6737/6737/6737
f 6742/6742/6742 6769/6769/6769 6808/6808/6808
f 6758/6758/6758 6751/6751/6751 6745/6745/6745
f 6748/6748/6748 6756/6756/6756 6760/6760/6760
f 6791/6791/6791 6755/6755/6755 6747/6747/6747
f 6746/6746/6746 6785/6785/6785 6790/6790/6790
f 6751/6751/6751 6758/6758/6758 6778/6778/6778
f 6759/6759/6759 6762/6762/6762 6765/6765/6765
f 6758/6758/6758 6764/6764/6764 6778/6778/6778
f 6816/6816/6816 6763/6763/6763 6761/6761/6761
f 7692/7692/7692 6778/6778/6778 6764/6764/6764
f 6763/6763/6763 6816/6816/6816 7687/7687/7687
f 6811/6811/6811 6808/6808/6808 6769/6769/6769
f 6813/6813/6813 6810/6810/6810 6766/6766/6766
f 6774/6774/6774 6782/6782/6782 6800/6800/6800
f 6772/6772/6772 6795/6795/6795 7649/7649/7649
f 7648/7648/7648 7457/7457/7457 6773/6773/6773
f 7649/7649/7649 7647/7647/7647 6772/6772/6772
f 6792/6792/6792 6786/6786/6786 6780/6780/6780
f 6781/6781/6781 6787/6787/6787 6799/6799/6799
f 7686/7686/7686 6789/6789/6789 6777/6777/6777
f 7690/7690/7690 7684/7684/7684 6776/6776/6776
f 6803/6803/6803 6794/6794/6794 6784/6784/6784
f 7686/7686/7686 6968/6968/6968 6789/6789/6789
f 6809/6809/6809 6812/6812/6812 7070/7070/7070
f 7688/7688/7688 6815/6815/6815 6809/6809/6809
f 6809/6809/6809 7070/7070/7070 7688/7688/7688
f 6812/6812/6812 6909/6909/6909 7070/7070/7070
f 6817/6817/6817 6820/6820/6820 6825/6825/6825
f 6828/6828/6828 6825/6825/6825 6820/6820/6820
f 6844/6844/6844 6836/6836/6836 6833/6833/6833
f 6832/6832/6832 6835/6835/6835 6847/6847/6847
f 6845/6845/6845 6842/6842/6842 6831/6831/6831
f 6834/6834/6834 6843/6843/6843 6846/6846/6846
f 6861/6861/6861 6853/6853/6853 6850/6850/6850
f 6850/6850/6850 6857/6857/6857 6861/6861/6861
f 6863/6863/6863 6865/6865/6865 6866/6866/6866
f 6863/6863/6863 6866/6866/6866 6886/6886/6886
f 6868/6868/6868 6866/6866/6866 6865/6865/6865
f 6866/6866/6866 6868/6868/6868 6872/6872/6872
f 6866/6866/6866 6872/6872/6872 6886/6886/6886
f 6868/6868/6868 6870/6870/6870 6874/6874/6874
f 6874/6874/6874 6872/6872/6872 6868/6868/6868
f 6875/6875/6875 6873/6873/6873 6869/6869/6869
f 6872/6872/6872 6874/6874/6874 6896/6896/6896
f 6890/6890/6890 6886/6886/6886 6872/6872/6872
f 6895/6895/6895 6889/6889/6889 6871/6871/6871
f 6873/6873/6873 6875/6875/6875 7095/7095/7095
f 7098/7098/7098 6896/6896/6896 6874/6874/6874
f 6876/6876/6876 7091/7091/7091 7096/7096/7096
f 6891/6891/6891 6884/6884/6884 6877/6877/6877
f 6877/6877/6877 6885/6885/6885 6889/6889/6889
f 6877/6877/6877 6889/6889/6889 6891/6891/6891
f 6879/6879/6879 6882/6882/6882 6884/6884/6884
f 6879/6879/6879 6884/6884/6884 6891/6891/6891
f 6879/6879/6879 6891/6891/6891 6892/6892/6892
f 7099/7099/7099 6891/6891/6891 6889/6889/6889
f 6889/6889/6889 6895/6895/6895 7099/7099/7099
f 6897/6897/6897 6892/6892/6892 6891/6891/6891
f 7099/7099/7099 6897/6897/6897 6891/6891/6891
f 6896/6896/6896 7098/7098/7098 7102/7102/7102
f 7100/7100/7100 7099/7099/7099 6895/6895/6895
f 6897/6897/6897 7099/7099/7099 7105/7105/7105
f 6943/6943/6943 6905/6905/6905 6899/6899/6899
f 6900/6900/6900 6906/6906/6906 6973/6973/6973
f 6973/6973/6973 6931/6931/6931 6900/6900/6900
f 6915/6915/6915 6910/6910/6910 6903/6903/6903
f 7023/7023/7023 6913/6913/6913 6902/6902/6902
f 6902/6902/6902 6968/6968/6968 7023/7023/7023
f 6905/6905/6905 6943/6943/6943 7003/7003/7003
f 6907/6907/6907 6970/6970/6970 6974/6974/6974
f 6976/6976/6976 6970/6970/6970 6907/6907/6907
f 6991/6991/6991 6976/6976/6976 6907/6907/6907
f 7007/7007/7007 6991/6991/6991 6907/6907/6907
f 6907/6907/6907 7004/7004/7004 7007/7007/7007
f 6910/6910/6910 6915/6915/6915 6917/6917/6917
f 6912/6912/6912 6918/6918/6918 6925/6925/6925
f 6909/6909/6909 7022/7022/7022 7031/7031/7031
f 6909/6909/6909 7031/7031/7031 7070/7070/7070
f 7012/7012/7012 6919/6919/6919 6916/6916/6916
f 7024/7024/7024 7010/7010/7010 6914/6914/6914
f 7077/7077/7077 6925/6925/6925 6918/6918/6918
f 6919/6919/6919 7012/7012/7012 7081/7081/7081
f 7082/7082/7082 7078/7078/7078 6920/6920/6920
f 7039/7039/7039 6955/6955/6955 6926/6926/6926
f 7046/7046/7046 7038/7038/7038 6923/6923/6923
f 7076/7076/7076 7048/7048/7048 6924/6924/6924
f 7651/7651/7651 6929/6929/6929 6927/6927/6927
f 6927/6927/6927 6949/6949/6949 7651/7651/7651
f 7651/7651/7651 7643/7643/7643 6929/6929/6929
f 6969/6969/6969 6933/6933/6933 6930/6930/6930
f 6972/6972/6972 6969/6969/6969 6930/6930/6930
f 6977/6977/6977 6937/6937/6937 6934/6934/6934
f 6934/6934/6934 6971/6971/6971 6977/6977/6977
f 6992/6992/6992 6942/6942/6942 6939/6939/6939
f 6936/6936/6936 6975/6975/6975 6989/6989/6989
f 7006/7006/7006 6946/6946/6946 6940/6940/6940
f 6940/6940/6940 6990/6990/6990 7006/7006/7006
f 6945/6945/6945 6948/6948/6948 7008/7008/7008
f 7008/7008/7008 7005/7005/7005 6945/6945/6945
f 7672/7672/7672 7651/7651/7651 6949/6949/6949
f 6952/6952/6952 7133/7133/7133 7680/7680/7680
f 7680/7680/7680 7672/7672/7672 6952/6952/6952
f 6956/6956/6956 6959/6959/6959 6963/6963/6963
f 7039/7039/7039 6958/6958/6958 6955/6955/6955
f 7042/7042/7042 6960/6960/6960 6957/6957/6957
f 6957/6957/6957 7037/7037/7037 7042/7042/7042
f 7043/7043/7043 6979/6979/6979 6962/6962/6962
f 6964/6964/6964 6985/6985/6985 7056/7056/7056
f 7066/7066/7066 6995/6995/6995 6965/6965/6965
f 6964/6964/6964 7056/7056/7056 7063/7063/7063
f 6965/6965/6965 7062/7062/7062 7066/7066/7066
f 7026/7026/7026 7017/7017/7017 6967/6967/6967
f 7686/7686/7686 7028/7028/7028 6968/6968/6968
f 6987/6987/6987 6983/6983/6983 6980/6980/6980
f 7041/7041/7041 6987/6987/6987 6980/6980/6980
f 7043/7043/7043 7040/7040/7040 6979/6979/6979
f 6985/6985/6985 6988/6988/6988 7056/7056/7056
f 7041/7041/7041 7015/7015/7015 6987/6987/6987
f 6987/6987/6987 7015/7015/7015 7059/7059/7059
f 7061/7061/7061 7056/7056/7056 6988/6988/6988
f 7065/7065/7065 6998/6998/6998 6994/6994/6994
f 7072/7072/7072 7001/7001/7001 6998/6998/6998
f 6999/6999/6999 7002/7002/7002 7088/7088/7088
f 7089/7089/7089 7036/7036/7036 7000/7000/7000
f 6998/6998/6998 7065/7065/7065 7068/7068/7068
f 6998/6998/6998 7068/7068/7068 7072/7072/7072
f 7001/7001/7001 7072/7072/7072 7087/7087/7087
f 7024/7024/7024 7013/7013/7013 7010/7010/7010
f 7011/7011/7011 7015/7015/7015 7050/7050/7050
f 7009/7009/7009 7049/7049/7049 7052/7052/7052
f 7009/7009/7009 7052/7052/7052 7079/7079/7079
f 7014/7014/7014 7025/7025/7025 7083/7083/7083
f 7015/7015/7015 7041/7041/7041 7050/7050/7050
f 7085/7085/7085 7060/7060/7060 7016/7016/7016
f 7020/7020/7020 7027/7027/7027 7030/7030/7030
f 7025/7025/7025 7034/7034/7034 7086/7086/7086
f 7086/7086/7086 7083/7083/7083 7025/7025/7025
f 7188/7188/7188 7032/7032/7032 7029/7029/7029
f 7686/7686/7686 7187/7187/7187 7028/7028/7028
f 7191/7191/7191 7070/7070/7070 7031/7031/7031
f 7032/7032/7032 7188/7188/7188 7192/7192/7192
f 7044/7044/7044 7042/7042/7042 7037/7037/7037
f 7051/7051/7051 7044/7044/7044 7037/7037/7037
f 7038/7038/7038 7046/7046/7046 7053/7053/7053
f 7040/7040/7040 7043/7043/7043 7045/7045/7045
f 7040/7040/7040 7045/7045/7045 7052/7052/7052
f 7052/7052/7052 7049/7049/7049 7040/7040/7040
f 7080/7080/7080 7054/7054/7054 7047/7047/7047
f 7047/7047/7047 7075/7075/7075 7080/7080/7080
f 7055/7055/7055 7058/7058/7058 7071/7071/7071
f 7067/7067/7067 7064/7064/7064 7057/7057/7057
f 7069/7069/7069 7067/7067/7067 7057/7057/7057
f 7074/7074/7074 7069/7069/7069 7057/7057/7057
f 7085/7085/7085 7073/7073/7073 7060/7060/7060
f 7070/7070/7070 7191/7191/7191 7688/7688/7688
f 7072/7072/7072 7084/7084/7084 7087/7087/7087
f 7092/7092/7092 7094/7094/7094 7117/7117/7117
f 7101/7101/7101 7097/7097/7097 7092/7092/7092
f 7117/7117/7117 7101/7101/7101 7092/7092/7092
f 7094/7094/7094 7116/7116/7116 7117/7117/7117
f 7099/7099/7099 7100/7100/7100 7103/7103/7103
f 7099/7099/7099 7103/7103/7103 7105/7105/7105
f 7118/7118/7118 7103/7103/7103 7100/7100/7100
f 7101/7101/7101 7117/7117/7117 7119/7119/7119
f 7107/7107/7107 7105/7105/7105 7103/7103/7103
f 7114/7114/7114 7110/7110/7110 7104/7104/7104
f 7124/7124/7124 7112/7112/7112 7103/7103/7103
f 7103/7103/7103 7118/7118/7118 7125/7125/7125
f 7125/7125/7125 7124/7124/7124 7103/7103/7103
f 7112/7112/7112 7124/7124/7124 7145/7145/7145
f 7145/7145/7145 7129/7129/7129 7112/7112/7112
f 7123/7123/7123 7117/7117/7117 7116/7116/7116
f 7116/7116/7116 7120/7120/7120 7123/7123/7123
f 7123/7123/7123 7119/7119/7119 7117/7117/7117
f 7119/7119/7119 7123/7123/7123 7126/7126/7126
f 7120/7120/7120 7121/7121/7121 7122/7122/7122
f 7120/7120/7120 7122/7122/7122 7127/7127/7127
f 7127/7127/7127 7123/7123/7123 7120/7120/7120
f 7137/7137/7137 7122/7122/7122 7121/7121/7121
f 7146/7146/7146 7127/7127/7127 7122/7122/7122
f 7122/7122/7122 7137/7137/7137 7146/7146/7146
f 7127/7127/7127 7126/7126/7126 7123/7123/7123
f 7124/7124/7124 7125/7125/7125 7147/7147/7147
f 7147/7147/7147 7145/7145/7145 7124/7124/7124
f 7126/7126/7126 7127/7127/7127 7146/7146/7146
f 7126/7126/7126 7146/7146/7146 7148/7148/7148
f 7145/7145/7145 7131/7131/7131 7129/7129/7129
f 7145/7145/7145 7133/7133/7133 7131/7131/7131
f 7145/7145/7145 7134/7134/7134 7133/7133/7133
f 7133/7133/7133 7134/7134/7134 7680/7680/7680
f 7145/7145/7145 7135/7135/7135 7134/7134/7134
f 7134/7134/7134 7135/7135/7135 7731/7731/7731
f 7731/7731/7731 7680/7680/7680 7134/7134/7134
f 7135/7135/7135 7145/7145/7145 7154/7154/7154
f 7166/7166/7166 7152/7152/7152 7136/7136/7136
f 7136/7136/7136 7152/7152/7152 7734/7734/7734
f 7136/7136/7136 7155/7155/7155 7166/7166/7166
f 7734/7734/7734 7732/7732/7732 7136/7136/7136
f 7150/7150/7150 7146/7146/7146 7137/7137/7137
f 7175/7175/7175 7143/7143/7143 7139/7139/7139
f 7175/7175/7175 7170/7170/7170 7143/7143/7143
f 7145/7145/7145 7147/7147/7147 7154/7154/7154
f 7150/7150/7150 7148/7148/7148 7146/7146/7146
f 7148/7148/7148 7150/7150/7150 7156/7156/7156
f 7149/7149/7149 7153/7153/7153 7165/7165/7165
f 7167/7167/7167 7156/7156/7156 7150/7150/7150
f 7165/7165/7165 7153/7153/7153 7151/7151/7151
f 7735/7735/7735 7733/7733/7733 7151/7151/7151
f 7169/7169/7169 7162/7162/7162 7158/7158/7158
f 7157/7157/7157 7161/7161/7161 7186/7186/7186
f 7159/7159/7159 7189/7189/7189 7743/7743/7743
f 7160/7160/7160 7168/7168/7168 7171/7171/7171
f 7163/7163/7163 7173/7173/7173 7179/7179/7179
f 7163/7163/7163 7179/7179/7179 7194/7194/7194
f 7195/7195/7195 7190/7190/7190 7164/7164/7164
f 7176/7176/7176 7180/7180/7180 7757/7757/7757
f 7749/7749/7749 7194/7194/7194 7179/7179/7179
f 7757/7757/7757 7747/7747/7747 7176/7176/7176
f 7180/7180/7180 7184/7184/7184 7757/7757/7757
f 7187/7187/7187 7686/7686/7686 7760/7760/7760
f 7761/7761/7761 7743/7743/7743 7189/7189/7189
f 7763/7763/7763 7688/7688/7688 7191/7191/7191
f 7193/7193/7193 7748/7748/7748 7764/7764/7764
f 7272/7272/7272 7267/7267/7267 7196/7196/7196
f 7196/7196/7196 7267/7267/7267 7276/7276/7276
f 7330/7330/7330 7274/7274/7274 7197/7197/7197
f 7196/7196/7196 7276/7276/7276 7441/7441/7441
f 7333/7333/7333 7330/7330/7330 7197/7197/7197
f 7591/7591/7591 7333/7333/7333 7197/7197/7197
f 7197/7197/7197 7444/7444/7444 7591/7591/7591
f 7200/7200/7200 7204/7204/7204 7207/7207/7207
f 7199/7199/7199 7206/7206/7206 7210/7210/7210
f 7199/7199/7199 7210/7210/7210 7214/7214/7214
f 7217/7217/7217 7208/7208/7208 7205/7205/7205
f 7222/7222/7222 7213/7213/7213 7209/7209/7209
f 7211/7211/7211 7218/7218/7218 7223/7223/7223
f 7212/7212/7212 7221/7221/7221 7232/7232/7232
f 7227/7227/7227 7223/7223/7223 7218/7218/7218
f 7219/7219/7219 7226/7226/7226 7252/7252/7252
f 7255/7255/7255 7231/7231/7231 7220/7220/7220
f 7220/7220/7220 7253/7253/7253 7255/7255/7255
f 7258/7258/7258 7251/7251/7251 7224/7224/7224
f 7309/7309/7309 7259/7259/7259 7230/7230/7230
f 7234/7234/7234 7249/7249/7249 7261/7261/7261
f 7235/7235/7235 7262/7262/7262 7265/7265/7265
f 7254/7254/7254 7242/7242/7242 7239/7239/7239
f 7240/7240/7240 7244/7244/7244 7306/7306/7306
f 7238/7238/7238 7250/7250/7250 7256/7256/7256
f 7260/7260/7260 7248/7248/7248 7236/7236/7236
f 7255/7255/7255 7253/7253/7253 7237/7237/7237
f 7266/7266/7266 7260/7260/7260 7236/7236/7236
f 7306/7306/7306 7270/7270/7270 7240/7240/7240
f 7241/7241/7241 7251/7251/7251 7258/7258/7258
f 7243/7243/7243 7259/7259/7259 7304/7304/7304
f 7277/7277/7277 7268/7268/7268 7246/7246/7246
f 7247/7247/7247 7269/7269/7269 7305/7305/7305
f 7443/7443/7443 7277/7277/7277 7246/7246/7246
f 7302/7302/7302 7301/7301/7301 7245/7245/7245
f 7245/7245/7245 7301/7301/7301 7578/7578/7578
f 7578/7578/7578 7442/7442/7442 7245/7245/7245
f 7309/7309/7309 7304/7304/7304 7259/7259/7259
f 7275/7275/7275 7265/7265/7265 7262/7262/7262
f 7260/7260/7260 7266/7266/7266 7271/7271/7271
f 7264/7264/7264 7273/7273/7273 7343/7343/7343
f 7264/7264/7264 7343/7343/7343 7348/7348/7348
f 7329/7329/7329 7313/7313/7313 7273/7273/7273
f 7273/7273/7273 7313/7313/7313 7343/7343/7343
f 7531/7531/7531 7287/7287/7287 7280/7280/7280
f 7300/7300/7300 7291/7291/7291 7284/7284/7284
f 7283/7283/7283 7289/7289/7289 7536/7536/7536
f 7536/7536/7536 7532/7532/7532 7283/7283/7283
f 7312/7312/7312 7294/7294/7294 7290/7290/7290
f 7288/7288/7288 7293/7293/7293 7535/7535/7535
f 7290/7290/7290 7299/7299/7299 7312/7312/7312
f 7561/7561/7561 7535/7535/7535 7293/7293/7293
f 7295/7295/7295 7301/7301/7301 7302/7302/7302
f 7568/7568/7568 7301/7301/7301 7295/7295/7295
f 7298/7298/7298 7303/7303/7303 7311/7311/7311
f 7301/7301/7301 7568/7568/7568 7578/7578/7578
f 7303/7303/7303 7308/7308/7308 7311/7311/7311
f 7313/7313/7313 7329/7329/7329 7337/7337/7337
f 7313/7313/7313 7337/7337/7337 7343/7343/7343
f 7314/7314/7314 7318/7318/7318 7321/7321/7321
f 7340/7340/7340 7322/7322/7322 7320/7320/7320
f 7341/7341/7341 7339/7339/7339 7318/7318/7318
f 7352/7352/7352 7341/7341/7341 7318/7318/7318
f 7324/7324/7324 7326/7326/7326 7331/7331/7331
f 7325/7325/7325 7333/7333/7333 7589/7589/7589
f 7334/7334/7334 7331/7331/7331 7326/7326/7326
f 7338/7338/7338 7336/7336/7336 7327/7327/7327
f 7328/7328/7328 7332/7332/7332 7335/7335/7335
f 7591/7591/7591 7589/7589/7589 7333/7333/7333
f 7336/7336/7336 7338/7338/7338 7341/7341/7341
f 7337/7337/7337 7342/7342/7342 7343/7343/7343
f 7338/7338/7338 7339/7339/7339 7341/7341/7341
f 7353/7353/7353 7343/7343/7343 7342/7342/7342
f 7351/7351/7351 7348/7348/7348 7343/7343/7343
f 7353/7353/7353 7351/7351/7351 7343/7343/7343
f 7345/7345/7345 7347/7347/7347 7350/7350/7350
f 7356/7356/7356 7360/7360/7360 7363/7363/7363
f 7370/7370/7370 7357/7357/7357 7354/7354/7354
f 7355/7355/7355 7362/7362/7362 7378/7378/7378
f 7354/7354/7354 7367/7367/7367 7370/7370/7370
f 7378/7378/7378 7369/7369/7369 7355/7355/7355
f 7425/7425/7425 7364/7364/7364 7359/7359/7359
f 7357/7357/7357 7370/7370/7370 7408/7408/7408
f 7357/7357/7357 7408/7408/7408 7417/7417/7417
f 7358/7358/7358 7419/7419/7419 7426/7426/7426
f 7422/7422/7422 7376/7376/7376 7361/7361/7361
f 7567/7567/7567 7371/7371/7371 7368/7368/7368
f 7365/7365/7365 7377/7377/7377 7539/7539/7539
f 7365/7365/7365 7539/7539/7539 7553/7553/7553
f 7366/7366/7366 7556/7556/7556 7566/7566/7566
f 7391/7391/7391 7387/7387/7387 7374/7374/7374
f 7373/7373/7373 7388/7388/7388 7412/7412/7412
f 7403/7403/7403 7394/7394/7394 7375/7375/7375
f 7405/7405/7405 7402/7402/7402 7372/7372/7372
f 7410/7410/7410 7405/7405/7405 7372/7372/7372
f 7421/7421/7421 7409/7409/7409 7371/7371/7371
f 7567/7567/7567 7421/7421/7421 7371/7371/7371
f 7376/7376/7376 7422/7422/7422 7538/7538/7538
f 7382/7382/7382 7385/7385/7385 7429/7429/7429
f 7572/7572/7572 7384/7384/7384 7381/7381/7381
f 7379/7379/7379 7428/7428/7428 7544/7544/7544
f 7383/7383/7383 7547/7547/7547 7552/7552/7552
f 7380/7380/7380 7549/7549/7549 7571/7571/7571
f 7573/7573/7573 7430/7430/7430 7386/7386/7386
f 7389/7389/7389 7395/7395/7395 7413/7413/7413
f 7396/7396/7396 7399/7399/7399 7414/7414/7414
f 7398/7398/7398 7406/7406/7406 7411/7411/7411
f 7421/7421/7421 7418/7418/7418 7409/7409/7409
f 7415/7415/7415 7420/7420/7420 7438/7438/7438
f 7440/7440/7440 7424/7424/7424 7416/7416/7416
f 7557/7557/7557 7438/7438/7438 7420/7420/7420
f 7564/7564/7564 7557/7557/7557 7420/7420/7420
f 7423/7423/7423 7439/7439/7439 7559/7559/7559
f 7555/7555/7555 7540/7540/7540 7423/7423/7423
f 7559/7559/7559 7555/7555/7555 7423/7423/7423
f 7570/7570/7570 7541/7541/7541 7427/7427/7427
f 7448/7448/7448 7437/7437/7437 7432/7432/7432
f 7431/7431/7431 7436/7436/7436 7501/7501/7501
f 7453/7453/7453 7448/7448/7448 7432/7432/7432
f 7575/7575/7575 7453/7453/7453 7432/7432/7432
f 7471/7471/7471 7460/7460/7460 7433/7433/7433
f 7433/7433/7433 7460/7460/7460 7479/7479/7479
f 7501/7501/7501 7470/7470/7470 7431/7431/7431
f 7432/7432/7432 7480/7480/7480 7575/7575/7575
f 7434/7434/7434 7447/7447/7447 7508/7508/7508
f 7509/7509/7509 7500/7500/7500 7435/7435/7435
f 7578/7578/7578 7446/7446/7446 7442/7442/7442
f 7442/7442/7442 7446/7446/7446 7581/7581/7581
f 7444/7444/7444 7582/7582/7582 7591/7591/7591
f 7446/7446/7446 7450/7450/7450 7515/7515/7515
f 7568/7568/7568 7450/7450/7450 7446/7446/7446
f 7446/7446/7446 7515/7515/7515 7617/7617/7617
f 7578/7578/7578 7568/7568/7568 7446/7446/7446
f 7616/7616/7616 7580/7580/7580 7445/7445/7445
f 7449/7449/7449 7454/7454/7454 7514/7514/7514
f 7514/7514/7514 7511/7511/7511 7449/7449/7449
f 7584/7584/7584 7513/7513/7513 7452/7452/7452
f 7455/7455/7455 7576/7576/7576 7585/7585/7585
f 7646/7646/7646 7637/7637/7637 7456/7456/7456
f 7642/7642/7642 7636/7636/7636 7459/7459/7459
f 7476/7476/7476 7465/7465/7465 7462/7462/7462
f 7463/7463/7463 7466/7466/7466 7488/7488/7488
f 7461/7461/7461 7473/7473/7473 7477/7477/7477
f 7482/7482/7482 7479/7479/7479 7460/7460/7460
f 7488/7488/7488 7485/7485/7485 7463/7463/7463
f 7476/7476/7476 7467/7467/7467 7465/7465/7465
f 7464/7464/7464 7468/7468/7468 7490/7490/7490
f 7490/7490/7490 7486/7486/7486 7464/7464/7464
f 7469/7469/7469 7478/7478/7478 7491/7491/7491
f 7505/7505/7505 7475/7475/7475 7472/7472/7472
f 7470/7470/7470 7501/7501/7501 7504/7504/7504
f 7496/7496/7496 7491/7491/7491 7478/7478/7478
f 7663/7663/7663 7492/7492/7492 7474/7474/7474
f 7475/7475/7475 7505/7505/7505 7661/7661/7661
f 7474/7474/7474 7660/7660/7660 7663/7663/7663
f 7481/7481/7481 7483/7483/7483 7577/7577/7577
f 7484/7484/7484 7487/7487/7487 7489/7489/7489
f 7484/7484/7484 7489/7489/7489 7495/7495/7495
f 7483/7483/7483 7494/7494/7494 7499/7499/7499
f 7483/7483/7483 7499/7499/7499 7577/7577/7577
f 7667/7667/7667 7498/7498/7498 7493/7493/7493
f 7493/7493/7493 7664/7664/7664 7667/7667/7667
f 7497/7497/7497 7519/7519/7519 7585/7585/7585
f 7666/7666/7666 7519/7519/7519 7497/7497/7497
f 7585/7585/7585 7576/7576/7576 7497/7497/7497
f 7507/7507/7507 7504/7504/7504 7501/7501/7501
f 7522/7522/7522 7507/7507/7507 7501/7501/7501
f 7502/7502/7502 7510/7510/7510 7523/7523/7523
f 7503/7503/7503 7506/7506/7506 7521/7521/7521
f 7503/7503/7503 7521/7521/7521 7659/7659/7659
f 7511/7511/7511 7514/7514/7514 7526/7526/7526
f 7526/7526/7526 7524/7524/7524 7511/7511/7511
f 7529/7529/7529 7526/7526/7526 7514/7514/7514
f 7583/7583/7583 7528/7528/7528 7512/7512/7512
f 7516/7516/7516 7520/7520/7520 7586/7586/7586
f 7517/7517/7517 7587/7587/7587 7623/7623/7623
f 7622/7622/7622 7617/7617/7617 7515/7515/7515
f 7519/7519/7519 7530/7530/7530 7585/7585/7585
f 7665/7665/7665 7527/7527/7527 7518/7518/7518
f 7627/7627/7627 7586/7586/7586 7520/7520/7520
f 7693/7693/7693 7627/7627/7627 7520/7520/7520
f 7521/7521/7521 7525/7525/7525 7659/7659/7659
f 7525/7525/7525 7527/7527/7527 7662/7662/7662
f 7662/7662/7662 7659/7659/7659 7525/7525/7525
f 7665/7665/7665 7662/7662/7662 7527/7527/7527
f 7534/7534/7534 7537/7537/7537 7563/7563/7563
f 7562/7562/7562 7546/7546/7546 7533/7533/7533
f 7562/7562/7562 7551/7551/7551 7546/7546/7546
f 7574/7574/7574 7550/7550/7550 7545/7545/7545
f 7554/7554/7554 7558/7558/7558 7565/7565/7565
f 7597/7597/7597 7591/7591/7591 7582/7582/7582
f 7615/7615/7615 7595/7595/7595 7579/7579/7579
f 7629/7629/7629 7623/7623/7623 7587/7587/7587
f 7588/7588/7588 7590/7590/7590 7592/7592/7592
f 7596/7596/7596 7592/7592/7592 7590/7590/7590
f 7598/7598/7598 7593/7593/7593 7592/7592/7592
f 7592/7592/7592 7596/7596/7596 7598/7598/7598
f 7593/7593/7593 7598/7598/7598 7602/7602/7602
f 7605/7605/7605 7601/7601/7601 7594/7594/7594
f 7619/7619/7619 7598/7598/7598 7596/7596/7596
f 7595/7595/7595 7615/7615/7615 7618/7618/7618
f 7621/7621/7621 7603/7603/7603 7599/7599/7599
f 7601/7601/7601 7605/7605/7605 7607/7607/7607
f 7609/7609/7609 7607/7607/7607 7605/7605/7605
f 7613/7613/7613 7609/7609/7609 7605/7605/7605
f 7634/7634/7634 7612/7612/7612 7604/7604/7604
f 7603/7603/7603 7621/7621/7621 7631/7631/7631
f 7604/7604/7604 7632/7632/7632 7634/7634/7634
f 7608/7608/7608 7610/7610/7610 7695/7695/7695
f 7611/7611/7611 7614/7614/7614 7700/7700/7700
f 7706/7706/7706 7695/7695/7695 7610/7610/7610
f 7610/7610/7610 7698/7698/7698 7706/7706/7706
f 7612/7612/7612 7634/7634/7634 7697/7697/7697
f 7622/7622/7622 7620/7620/7620 7617/7617/7617
f 7620/7620/7620 7622/7622/7622 7624/7624/7624
f 7621/7621/7621 7625/7625/7625 7631/7631/7631
f 7630/7630/7630 7624/7624/7624 7622/7622/7622
f 7622/7622/7622 7626/7626/7626 7723/7723/7723
f 7723/7723/7723 7630/7630/7630 7622/7622/7622
f 7627/7627/7627 7693/7693/7693 7703/7703/7703
f 7628/7628/7628 7704/7704/7704 7724/7724/7724
f 7723/7723/7723 7633/7633/7633 7630/7630/7630
f 7727/7727/7727 7699/7699/7699 7635/7635/7635
f 7635/7635/7635 7725/7725/7725 7727/7727/7727
f 7642/7642/7642 7639/7639/7639 7636/7636/7636
f 7637/7637/7637 7646/7646/7646 7656/7656/7656
f 7638/7638/7638 7640/7640/7640 7652/7652/7652
f 7638/7638/7638 7652/7652/7652 7675/7675/7675
f 7677/7677/7677 7669/7669/7669 7639/7639/7639
f 7640/7640/7640 7644/7644/7644 7652/7652/7652
f 7643/7643/7643 7651/7651/7651 7678/7678/7678
f 7679/7679/7679 7652/7652/7652 7644/7644/7644
f 7647/7647/7647 7649/7649/7649 7657/7657/7657
f 7649/7649/7649 7653/7653/7653 7657/7657/7657
f 7651/7651/7651 7672/7672/7672 7680/7680/7680
f 7680/7680/7680 7678/7678/7678 7651/7651/7651
f 7679/7679/7679 7675/7675/7675 7652/7652/7652
f 7670/7670/7670 7675/7675/7675 7683/7683/7683
f 7670/7670/7670 7683/7683/7683 7728/7728/7728
f 7675/7675/7675 7679/7679/7679 7682/7682/7682
f 7675/7675/7675 7682/7682/7682 7683/7683/7683
f 7678/7678/7678 7680/7680/7680 7681/7681/7681
f 7731/7731/7731 7681/7681/7681 7680/7680/7680
f 7732/7732/7732 7683/7683/7683 7682/7682/7682
f 7730/7730/7730 7728/7728/7728 7683/7683/7683
f 7732/7732/7732 7730/7730/7730 7683/7683/7683
f 7685/7685/7685 7691/7691/7691 7759/7759/7759
f 7762/7762/7762 7758/7758/7758 7689/7689/7689
f 7693/7693/7693 7701/7701/7701 7703/7703/7703
f 7695/7695/7695 7706/7706/7706 7718/7718/7718
f 7707/7707/7707 7705/7705/7705 7696/7696/7696
f 7727/7727/7727 7709/7709/7709 7699/7699/7699
f 7711/7711/7711 7704/7704/7704 7702/7702/7702
f 7704/7704/7704 7711/7711/7711 7720/7720/7720
f 7704/7704/7704 7720/7720/7720 7724/7724/7724
f 7705/7705/7705 7707/7707/7707 7712/7712/7712
f 7706/7706/7706 7714/7714/7714 7718/7718/7718
f 7707/7707/7707 7710/7710/7710 7712/7712/7712
f 7720/7720/7720 7711/7711/7711 7708/7708/7708
f 7727/7727/7727 7721/7721/7721 7709/7709/7709
f 7717/7717/7717 7713/7713/7713 7711/7711/7711
f 7726/7726/7726 7722/7722/7722 7719/7719/7719
f 7730/7730/7730 7732/7732/7732 7734/7734/7734
f 7730/7730/7730 7734/7734/7734 7736/7736/7736
f 7738/7738/7738 7741/7741/7741 7752/7752/7752
f 7750/7750/7750 7744/7744/7744 7740/7740/7740
f 7741/7741/7741 7745/7745/7745 7752/7752/7752
f 7758/7758/7758 7750/7750/7750 7740/7740/7740
f 7744/7744/7744 7750/7750/7750 7762/7762/7762
f 7756/7756/7756 7753/7753/7753 7746/7746/7746
f 7750/7750/7750 7758/7758/7758 7762/7762/7762
f 56/56/56 53/53/53 48/48/48
f 162/162/162 166/166/166 232/232/232
f 389/389/389 361/361/361 199/199/199
f 389/389/389 387/387/387 361/361/361
f 361/361/361 193/193/193 199/199/199
f 231/231/231 233/233/233 240/240/240
f 280/280/280 420/420/420 285/285/285
f 283/283/283 418/418/418 423/423/423
f 478/478/478 481/481/481 485/485/485
f 1988/1988/1988 1996/1996/1996 1991/1991/1991
f 1610/1610/1610 1594/1594/1594 1602/1602/1602
f 2283/2283/2283 2278/2278/2278 1687/1687/1687
f 1624/1624/1624 1606/1606/1606 1617/1617/1617
f 2763/2763/2763 2760/2760/2760 2751/2751/2751
f 2763/2763/2763 2766/2766/2766 2760/2760/2760
f 2594/2594/2594 2579/2579/2579 2558/2558/2558
f 2580/2580/2580 2572/2572/2572 2559/2559/2559
f 2573/2573/2573 2555/2555/2555 2560/2560/2560
f 2573/2573/2573 2563/2563/2563 2555/2555/2555
f 2632/2632/2632 2629/2629/2629 2597/2597/2597
f 2628/2628/2628 2610/2610/2610 2598/2598/2598
f 2628/2628/2628 2612/2612/2612 2610/2610/2610
f 3258/3258/3258 2979/2979/2979 3086/3086/3086
f 3260/3260/3260 3266/3266/3266 2979/2979/2979
f 3077/3077/3077 3067/3067/3067 3069/3069/3069
f 3077/3077/3077 3075/3075/3075 3067/3067/3067
f 3108/3108/3108 3096/3096/3096 3100/3100/3100
f 3108/3108/3108 3104/3104/3104 3096/3096/3096
f 3123/3123/3123 3099/3099/3099 3103/3103/3103
f 3117/3117/3117 3126/3126/3126 3124/3124/3124
f 3306/3306/3306 3297/3297/3297 3281/3281/3281
f 3785/3785/3785 3790/3790/3790 3782/3782/3782
f 3790/3790/3790 3720/3720/3720 3782/3782/3782
f 3790/3790/3790 3787/3787/3787 3720/3720/3720
f 3790/3790/3790 3793/3793/3793 3787/3787/3787
f 4920/4920/4920 4916/4916/4916 4913/4913/4913
f 5398/5398/5398 5384/5384/5384 5395/5395/5395
f 6202/6202/6202 5344/5344/5344 6193/6193/6193
f 5394/5394/5394 5372/5372/5372 5391/5391/5391
f 5499/5499/5499 5455/5455/5455 5475/5475/5475
f 5498/5498/5498 5478/5478/5478 5489/5489/5489
f 5497/5497/5497 5458/5458/5458 5477/5477/5477
f 6407/6407/6407 6398/6398/6398 6392/6392/6392
f 6397/6397/6397 6394/6394/6394 6391/6391/6391
f 6397/6397/6397 6401/6401/6401 6394/6394/6394
f 6442/6442/6442 6406/6406/6406 6440/6440/6440
f 6442/6442/6442 6447/6447/6447 6406/6406/6406
f 6442/6442/6442 6457/6457/6457 6447/6447/6447
f 6636/6636/6636 6632/6632/6632 6619/6619/6619
f 6632/6632/6632 6629/6629/6629 6619/6619/6619
f 7404/7404/7404 7407/7407/7407 7393/7393/7393
f 7407/7407/7407 7400/7400/7400 7393/7393/7393
f 7401/7401/7401 7397/7397/7397 7392/7392/7392
f 7397/7397/7397 7390/7390/7390 7392/7392/7392
f 73/73/73 141/141/141 70/70/70
f 72/72/72 75/75/75 140/140/140
f 141/141/141 49/49/49 70/70/70
f 618/618/618 4503/4503/4503 462/462/462
f 615/615/615 4491/4491/4491 4500/4500/4500
f 615/615/615 622/622/622 4491/4491/4491
f 622/622/622 626/626/626 4491/4491/4491
f 4503/4503/4503 4321/4321/4321 462/462/462
f 4320/4320/4320 4660/4660/4660 461/461/461
f 4660/4660/4660 780/780/780 461/461/461
f 4660/4660/4660 701/701/701 780/780/780
f 4660/4660/4660 707/707/707 701/701/701
f 4662/4662/4662 4630/4630/4630 709/709/709
f 4661/4661/4661 4628/4628/4628 4631/4631/4631
f 4661/4661/4661 4638/4638/4638 4628/4628/4628
f 1555/1555/1555 1534/1534/1534 1500/1500/1500
f 1535/1535/1535 1526/1526/1526 1502/1502/1502
f 1551/1551/1551 1545/1545/1545 1530/1530/1530
f 1547/1547/1547 1564/1564/1564 1536/1536/1536
f 1562/1562/1562 1522/1522/1522 1533/1533/1533
f 3256/3256/3256 3037/3037/3037 3046/3046/3046
f 3253/3253/3253 3146/3146/3146 3036/3036/3036
f 3253/3253/3253 3173/3173/3173 3146/3146/3146
f 3253/3253/3253 3197/3197/3197 3173/3173/3173
f 3257/3257/3257 3249/3249/3249 3198/3198/3198
f 3197/3197/3197 3193/3193/3193 3173/3173/3173
f 3195/3195/3195 3144/3144/3144 3176/3176/3176
f 3149/3149/3149 3137/3137/3137 3041/3041/3041
f 3138/3138/3138 3140/3140/3140 3040/3040/3040
f 6932/6932/6932 6941/6941/6941 6901/6901/6901
f 6932/6932/6932 6938/6938/6938 6941/6941/6941
f 6932/6932/6932 6935/6935/6935 6938/6938/6938
f 6941/6941/6941 6944/6944/6944 6901/6901/6901
f 6941/6941/6941 6947/6947/6947 6944/6944/6944
f 6954/6954/6954 6961/6961/6961 6922/6922/6922
f 6961/6961/6961 6978/6978/6978 6922/6922/6922
f 6978/6978/6978 7018/7018/7018 6922/6922/6922
f 7019/7019/7019 6908/6908/6908 6921/6921/6921
f 6978/6978/6978 6981/6981/6981 7018/7018/7018
f 6982/6982/6982 7033/7033/7033 7021/7021/7021
f 6984/6984/6984 6997/6997/6997 7035/7035/7035
f 6984/6984/6984 6993/6993/6993 6997/6997/6997
f 6986/6986/6986 6966/6966/6966 6996/6996/6996
